home, homescore, awayscore, away, date, group
Arsenal, 4, 0, Fulham, "Sunday, May 9, 2010", "Emirates Stadium (60,039)"
Aston Villa, 0, 1, Blackburn Rovers, "Sunday, May 9, 2010", "Villa Park (41,799)"
Bolton Wanderers, 2, 1, Birmingham City, "Sunday, May 9, 2010", "Reebok Stadium (22,863)"
Burnley, 4, 2, Tottenham Hotspur, "Sunday, May 9, 2010", "Turf Moor (21,161)"
Chelsea, 8, 0, Wigan Athletic, "Sunday, May 9, 2010", "Stamford Bridge (41,383)"
Everton, 1, 0, Portsmouth, "Sunday, May 9, 2010", "Goodison Park (38,730)"
Hull City, 0, 0, Liverpool, "Sunday, May 9, 2010", "Kingston Communications Stadium (25,030)"
Manchester United, 4, 0, Stoke City, "Sunday, May 9, 2010", "Old Trafford (75,316)"
West Ham United, 1, 1, Manchester City, "Sunday, May 9, 2010", "Upton Park (34,989)"
Wolverhampton Wanderers, 2, 1, Sunderland, "Sunday, May 9, 2010", "Molineux Stadium (28,971)"
Fulham, 0, 1, Stoke City, "Wednesday, May 5, 2010", "Craven Cottage (20,831)"
Manchester City, 0, 1, Tottenham Hotspur, "Wednesday, May 5, 2010", "City of Manchester Stadium (47,370)"
Wigan Athletic, 2, 2, Hull City, "Monday, May 3, 2010", "DW Stadium (20,242)"
Blackburn Rovers, 2, 1, Arsenal, "Monday, May 3, 2010", "Ewood Park (26,138)"
Liverpool, 0, 2, Chelsea, "Sunday, May 2, 2010", "Anfield (44,375)"
Fulham, 3, 2, West Ham United, "Sunday, May 2, 2010", "Craven Cottage (24,201)"
Sunderland, 0, 1, Manchester United, "Sunday, May 2, 2010", "Stadium of Light (47,641)"
Birmingham City, 2, 1, Burnley, "Saturday, May 1, 2010", "St Andrews Stadium (24,578)"
Manchester City, 3, 1, Aston Villa, "Saturday, May 1, 2010", "City of Manchester Stadium (47,102)"
Portsmouth, 3, 1, Wolverhampton Wanderers, "Saturday, May 1, 2010", "Fratton Park (19,213)"
Stoke City, 0, 0, Everton, "Saturday, May 1, 2010", "Britannia Stadium (27,579)"
Tottenham Hotspur, 1, 0, Bolton Wanderers, "Saturday, May 1, 2010", "White Hart Lane (35,852)"
Aston Villa, 1, 0, Birmingham City, "Sunday, April 25, 2010", "Villa Park (42,788)"
Burnley, 0, 4, Liverpool, "Sunday, April 25, 2010", "Turf Moor (21,553)"
Everton, 2, 1, Fulham, "Sunday, April 25, 2010", "Goodison Park (35,578)"
Chelsea, 7, 0, Stoke City, "Sunday, April 25, 2010", "Stamford Bridge (41,013)"
Manchester United, 3, 1, Tottenham Hotspur, "Saturday, April 24, 2010", "Old Trafford (75,268)"
Bolton Wanderers, 2, 2, Portsmouth, "Saturday, April 24, 2010", "Reebok Stadium (20,526)"
Hull City, 0, 1, Sunderland, "Saturday, April 24, 2010", "The Kingston Communications Stadium (25,012)"
West Ham United, 3, 2, Wigan Athletic, "Saturday, April 24, 2010", "Upton Park (33,057)"
Wolverhampton Wanderers, 1, 1, Blackburn Rovers, "Saturday, April 24, 2010", "Molineux Stadium (28,967)"
Arsenal, 0, 0, Manchester City, "Saturday, April 24, 2010", "Emirates Stadium (60,086)"
Hull City, 0, 2, Aston Villa, "Wednesday, April 21, 2010", "Kingston Communications Stadium (23,842)"
Liverpool, 3, 0, West Ham United, "Monday, April 19, 2010", "Anfield (37,697)"
Wigan Athletic, 3, 2, Arsenal, "Sunday, April 18, 2010", "DW Stadium (22,113)"
Portsmouth, 1, 2, Aston Villa, "Sunday, April 18, 2010", "Fratton Park (16,523)"
Manchester City, 0, 1, Manchester United, "Saturday, April 17, 2010", "City of Manchester Stadium (47,019)"
Birmingham City, 0, 0, Hull City, "Saturday, April 17, 2010", "St Andrews Stadium (26,669)"
Blackburn Rovers, 2, 3, Everton, "Saturday, April 17, 2010", "Ewood Park (27,022)"
Fulham, 0, 0, Wolverhampton Wanderers, "Saturday, April 17, 2010", "Craven Cottage (25,597)"
Stoke City, 1, 2, Bolton Wanderers, "Saturday, April 17, 2010", "Britannia Stadium (27,250)"
Sunderland, 2, 1, Burnley, "Saturday, April 17, 2010", "Stadium of Light (41,341)"
Tottenham Hotspur, 2, 1, Chelsea, "Saturday, April 17, 2010", "White Hart Lane (35,814)"
Aston Villa, 2, 2, Everton, "Wednesday, April 14, 2010", "Villa Park (38,729)"
Wigan Athletic, 0, 0, Portsmouth, "Wednesday, April 14, 2010", "DW Stadium (14,323)"
Tottenham Hotspur, 2, 1, Arsenal, "Wednesday, April 14, 2010", "White Hart Lane (36,041)"
Chelsea, 1, 0, Bolton Wanderers, "Tuesday, April 13, 2010", "Stamford Bridge (40,539)"
Wolverhampton Wanderers, 0, 0, Stoke City, "Sunday, April 11, 2010", "Molineux Stadium (28,455)"
Blackburn Rovers, 0, 0, Manchester United, "Sunday, April 11, 2010", "Ewood Park (29,912)"
Liverpool, 0, 0, Fulham, "Sunday, April 11, 2010", "Anfield (42,331)"
Manchester City, 5, 1, Birmingham City, "Sunday, April 11, 2010", "City of Manchester Stadium (45,209)"
Hull City, 1, 4, Burnley, "Saturday, April 10, 2010", "The Kingston Communications Stadium (24,369)"
West Ham United, 1, 0, Sunderland, "Saturday, April 10, 2010", "Upton Park (34,685)"
Birmingham City, 1, 1, Liverpool, "Sunday, April 4, 2010", "St Andrews Stadium (27,909)"
Fulham, 2, 1, Wigan Athletic, "Sunday, April 4, 2010", "Craven Cottage (22,730)"
Everton, 2, 2, West Ham United, "Sunday, April 4, 2010", "Goodison Park (37,451)"
Manchester United, 1, 2, Chelsea, "Saturday, April 3, 2010", "Old Trafford (75,217)"
Arsenal, 1, 0, Wolverhampton Wanderers, "Saturday, April 3, 2010", "Emirates Stadium (60,067)"
Bolton Wanderers, 0, 1, Aston Villa, "Saturday, April 3, 2010", "Reebok Stadium (21,111)"
Portsmouth, 0, 0, Blackburn Rovers, "Saturday, April 3, 2010", "Fratton Park (16,207)"
Stoke City, 2, 0, Hull City, "Saturday, April 3, 2010", "Britannia Stadium (27,604)"
Sunderland, 3, 1, Tottenham Hotspur, "Saturday, April 3, 2010", "Stadium of Light (43,184)"
Burnley, 1, 6, Manchester City, "Saturday, April 3, 2010", "Turf Moor (21,330)"
Manchester City, 3, 0, Wigan Athletic, "Monday, March 29, 2010", "City of Manchester Stadium (43,534)"
Burnley, 0, 1, Blackburn Rovers, "Sunday, March 28, 2010", "Turf Moor (21,546)"
Liverpool, 3, 0, Sunderland, "Sunday, March 28, 2010", "Anfield (43,121)"
Birmingham City, 1, 1, Arsenal, "Saturday, March 27, 2010", "St Andrews Stadium (27,039)"
Chelsea, 7, 1, Aston Villa, "Saturday, March 27, 2010", "Stamford Bridge (41,825)"
Hull City, 2, 0, Fulham, "Saturday, March 27, 2010", "Kingston Communications Stadium (24,361)"
Tottenham Hotspur, 2, 0, Portsmouth, "Saturday, March 27, 2010", "White Hart Lane (35,870)"
West Ham United, 0, 1, Stoke City, "Saturday, March 27, 2010", "Upton Park (34,564)"
Wolverhampton Wanderers, 0, 0, Everton, "Saturday, March 27, 2010", "Molineux Stadium (28,995)"
Bolton Wanderers, 0, 4, Manchester United, "Saturday, March 27, 2010", "Reebok Stadium (25,370)"
Manchester City, 0, 2, Everton, "Wednesday, March 24, 2010", "City of Manchester Stadium (45,708)"
Aston Villa, 1, 1, Sunderland, "Wednesday, March 24, 2010", "Villa Park (37,473)"
Portsmouth, 0, 5, Chelsea, "Wednesday, March 24, 2010", "Fratton Park (18,753)"
Blackburn Rovers, 2, 1, Birmingham City, "Wednesday, March 24, 2010", "Ewood Park (23,856)"
West Ham United, 1, 3, Wolverhampton Wanderers, "Tuesday, March 23, 2010", "Upton Park (33,988)"
Manchester United, 2, 1, Liverpool, "Sunday, March 21, 2010", "Old Trafford (75,216)"
Fulham, 1, 2, Manchester City, "Sunday, March 21, 2010", "Craven Cottage (25,359)"
Blackburn Rovers, 1, 1, Chelsea, "Sunday, March 21, 2010", "Ewood Park (25,554)"
Aston Villa, 2, 2, Wolverhampton Wanderers, "Saturday, March 20, 2010", "Villa Park (37,562)"
Everton, 2, 0, Bolton Wanderers, "Saturday, March 20, 2010", "Goodison Park (36,503)"
Portsmouth, 3, 2, Hull City, "Saturday, March 20, 2010", "Fratton Park (16,513)"
Stoke City, 1, 2, Tottenham Hotspur, "Saturday, March 20, 2010", "Britannia Stadium (27,575)"
Sunderland, 3, 1, Birmingham City, "Saturday, March 20, 2010", "Stadium of Light (37,962)"
Wigan Athletic, 1, 0, Burnley, "Saturday, March 20, 2010", "DW Stadium (18,498)"
Arsenal, 2, 0, West Ham United, "Saturday, March 20, 2010", "Emirates Stadium (60,077)"
Wigan Athletic, 1, 2, Aston Villa, "Tuesday, March 16, 2010", "DW Stadium (16,186)"
Liverpool, 4, 1, Portsmouth, "Monday, March 15, 2010", "Anfield (40,316)"
Manchester United, 3, 0, Fulham, "Sunday, March 14, 2010", "Old Trafford (75,207)"
Sunderland, 1, 1, Manchester City, "Sunday, March 14, 2010", "Stadium of Light (41,398)"
Tottenham Hotspur, 3, 1, Blackburn Rovers, "Saturday, March 13, 2010", "White Hart Lane (35,474)"
Birmingham City, 2, 2, Everton, "Saturday, March 13, 2010", "St Andrews Stadium (24,579)"
Bolton Wanderers, 4, 0, Wigan Athletic, "Saturday, March 13, 2010", "Reebok Stadium (20,053)"
Burnley, 1, 2, Wolverhampton Wanderers, "Saturday, March 13, 2010", "Turf Moor (21,217)"
Chelsea, 4, 1, West Ham United, "Saturday, March 13, 2010", "Stamford Bridge (41,755)"
Stoke City, 0, 0, Aston Villa, "Saturday, March 13, 2010", "Britannia Stadium (27,598)"
Hull City, 1, 2, Arsenal, "Saturday, March 13, 2010", "Kingston Communications Stadium (25,023)"
Burnley, 1, 1, Stoke City, "Wednesday, March 10, 2010", "Turf Moor (20,323)"
Sunderland, 4, 0, Bolton Wanderers, "Tuesday, March 9, 2010", "Stadium of Light (36,087)"
Portsmouth, 1, 2, Birmingham City, "Tuesday, March 9, 2010", "Fratton Park (18,465)"
Wigan Athletic, 1, 0, Liverpool, "Monday, March 8, 2010", "DW Stadium (17,427)"
Everton, 5, 1, Hull City, "Sunday, March 7, 2010", "Goodison Park (34,682)"
Arsenal, 3, 1, Burnley, "Saturday, March 6, 2010", "Emirates Stadium (60,043)"
West Ham United, 1, 2, Bolton Wanderers, "Saturday, March 6, 2010", "Upton Park (33,824)"
Wolverhampton Wanderers, 0, 1, Manchester United, "Saturday, March 6, 2010", "Molineux Stadium (28,883)"
Tottenham Hotspur, 2, 1, Everton, "Sunday, February 28, 2010", "White Hart Lane (35,912)"
Liverpool, 2, 1, Blackburn Rovers, "Sunday, February 28, 2010", "Anfield (42,795)"
Sunderland, 0, 0, Fulham, "Sunday, February 28, 2010", "Stadium of Light (40,192)"
Chelsea, 2, 4, Manchester City, "Saturday, February 27, 2010", "Stamford Bridge (41,814)"
Birmingham City, 1, 0, Wigan Athletic, "Saturday, February 27, 2010", "St Andrews Stadium (25,921)"
Bolton Wanderers, 1, 0, Wolverhampton Wanderers, "Saturday, February 27, 2010", "Reebok Stadium (21,261)"
Burnley, 1, 2, Portsmouth, "Saturday, February 27, 2010", "Turf Moor (19,714)"
Stoke City, 1, 3, Arsenal, "Saturday, February 27, 2010", "Britannia Stadium (27,011)"
Manchester United, 3, 0, West Ham United, "Tuesday, February 23, 2010", "Old Trafford (73,797)"
Blackburn Rovers, 3, 0, Bolton Wanderers, "Sunday, February 21, 2010", "Ewood Park (23,888)"
Aston Villa, 5, 2, Burnley, "Sunday, February 21, 2010", "Villa Park (38,709)"
Fulham, 2, 1, Birmingham City, "Sunday, February 21, 2010", "Craven Cottage (21,758)"
Manchester City, 0, 0, Liverpool, "Sunday, February 21, 2010", "City of Manchester Stadium (47,203)"
Wigan Athletic, 0, 3, Tottenham Hotspur, "Sunday, February 21, 2010", "DW Stadium (16,165)"
Everton, 3, 1, Manchester United, "Saturday, February 20, 2010", "Goodison Park (39,448)"
Arsenal, 2, 0, Sunderland, "Saturday, February 20, 2010", "Emirates Stadium (60,083)"
West Ham United, 3, 0, Hull City, "Saturday, February 20, 2010", "Upton Park (33,971)"
Wolverhampton Wanderers, 0, 2, Chelsea, "Saturday, February 20, 2010", "Molineux Stadium (28,978)"
Portsmouth, 1, 2, Stoke City, "Saturday, February 20, 2010", "Fratton Park (17,208)"
Wigan Athletic, 0, 0, Bolton Wanderers, "Wednesday, February 17, 2010", "DW Stadium (18,089)"
Stoke City, 1, 1, Manchester City, "Tuesday, February 16, 2010", "Britannia Stadium (26,778)"
Arsenal, 1, 0, Liverpool, "Wednesday, February 10, 2010", "Emirates Stadium (60,045)"
Aston Villa, 1, 1, Manchester United, "Wednesday, February 10, 2010", "Villa Park (42,788)"
West Ham United, 2, 0, Birmingham City, "Wednesday, February 10, 2010", "Upton Park (34,458)"
Wolverhampton Wanderers, 1, 0, Tottenham Hotspur, "Wednesday, February 10, 2010", "Molineux Stadium (27,992)"
Blackburn Rovers, 1, 0, Hull City, "Wednesday, February 10, 2010", "Ewood Park (23,518)"
Everton, 2, 1, Chelsea, "Wednesday, February 10, 2010", "Goodison Park (36,411)"
Manchester City, 2, 0, Bolton Wanderers, "Tuesday, February 9, 2010", "City of Manchester Stadium (42,016)"
Portsmouth, 1, 1, Sunderland, "Tuesday, February 9, 2010", "Fratton Park (16,242)"
Wigan Athletic, 1, 1, Stoke City, "Tuesday, February 9, 2010", "DW Stadium (16,033)"
Fulham, 3, 0, Burnley, "Tuesday, February 9, 2010", "Craven Cottage (23,005)"
Birmingham City, 2, 1, Wolverhampton Wanderers, "Sunday, February 7, 2010", "St Andrews Stadium (24,165)"
Chelsea, 2, 0, Arsenal, "Sunday, February 7, 2010", "Stamford Bridge (41,794)"
Liverpool, 1, 0, Everton, "Saturday, February 6, 2010", "Anfield (44,316)"
Bolton Wanderers, 0, 0, Fulham, "Saturday, February 6, 2010", "Reebok Stadium (22,289)"
Burnley, 2, 1, West Ham United, "Saturday, February 6, 2010", "Turf Moor (21,001)"
Hull City, 2, 1, Manchester City, "Saturday, February 6, 2010", "Kingston Communications Stadium (24,959)"
Manchester United, 5, 0, Portsmouth, "Saturday, February 6, 2010", "Old Trafford (74,684)"
Stoke City, 3, 0, Blackburn Rovers, "Saturday, February 6, 2010", "Britannia Stadium (27,386)"
Sunderland, 1, 1, Wigan Athletic, "Saturday, February 6, 2010", "Stadium of Light (38,350)"
Tottenham Hotspur, 0, 0, Aston Villa, "Saturday, February 6, 2010", "White Hart Lane (35,899)"
Fulham, 1, 0, Portsmouth, "Wednesday, February 3, 2010", "Craven Cottage (21,934)"
Hull City, 1, 1, Chelsea, "Tuesday, February 2, 2010", "Kingston Communications Stadium (24,957)"
Sunderland, 0, 0, Stoke City, "Monday, February 1, 2010", "Stadium of Light (35,078)"
Manchester City, 2, 0, Portsmouth, "Sunday, January 31, 2010", "City of Manchester Stadium (44,015)"
Arsenal, 1, 3, Manchester United, "Sunday, January 31, 2010", "Emirates Stadium (60,091)"
Birmingham City, 1, 1, Tottenham Hotspur, "Saturday, January 30, 2010", "St Andrews Stadium (27,238)"
Fulham, 0, 2, Aston Villa, "Saturday, January 30, 2010", "Craven Cottage (25,408)"
Hull City, 2, 2, Wolverhampton Wanderers, "Saturday, January 30, 2010", "Kingston Communications Stadium (24,957)"
Liverpool, 2, 0, Bolton Wanderers, "Saturday, January 30, 2010", "Anfield (43,413)"
West Ham United, 0, 0, Blackburn Rovers, "Saturday, January 30, 2010", "Upton Park (33,093)"
Wigan Athletic, 0, 1, Everton, "Saturday, January 30, 2010", "DW Stadium (16,869)"
Burnley, 1, 2, Chelsea, "Saturday, January 30, 2010", "Turf Moor (21,131)"
Aston Villa, 0, 0, Arsenal, "Wednesday, January 27, 2010", "Villa Park (39,601)"
Chelsea, 3, 0, Birmingham City, "Wednesday, January 27, 2010", "Stamford Bridge (41,293)"
Blackburn Rovers, 2, 1, Wigan Athletic, "Wednesday, January 27, 2010", "Ewood Park (22,190)"
Everton, 2, 0, Sunderland, "Wednesday, January 27, 2010", "Goodison Park (32,163)"
Portsmouth, 1, 1, West Ham United, "Tuesday, January 26, 2010", "Fratton Park (18,322)"
Wolverhampton Wanderers, 0, 0, Liverpool, "Tuesday, January 26, 2010", "Molineux Stadium (28,763)"
Bolton Wanderers, 1, 0, Burnley, "Tuesday, January 26, 2010", "Reebok Stadium (23,986)"
Tottenham Hotspur, 2, 0, Fulham, "Tuesday, January 26, 2010", "White Hart Lane (35,467)"
Manchester United, 4, 0, Hull City, "Saturday, January 23, 2010", "Old Trafford (73,933)"
Arsenal, 4, 2, Bolton Wanderers, "Wednesday, January 20, 2010", "Emirates Stadium (59,084)"
Liverpool, 2, 0, Tottenham Hotspur, "Wednesday, January 20, 2010", "Anfield (42,016)"
Aston Villa, 0, 0, West Ham United, "Sunday, January 17, 2010", "Villa Park (35,646)"
Blackburn Rovers, 2, 0, Fulham, "Sunday, January 17, 2010", "Ewood Park (21,287)"
Bolton Wanderers, 0, 2, Arsenal, "Sunday, January 17, 2010", "Reebok Stadium (23,893)"
Stoke City, 1, 1, Liverpool, "Saturday, January 16, 2010", "Britannia Stadium (27,247)"
Chelsea, 7, 2, Sunderland, "Saturday, January 16, 2010", "Stamford Bridge (41,776)"
Manchester United, 3, 0, Burnley, "Saturday, January 16, 2010", "Old Trafford (75,120)"
Tottenham Hotspur, 0, 0, Hull City, "Saturday, January 16, 2010", "White Hart Lane (35,729)"
Wolverhampton Wanderers, 0, 2, Wigan Athletic, "Saturday, January 16, 2010", "Molineux Stadium (27,604)"
Everton, 2, 0, Manchester City, "Saturday, January 16, 2010", "Goodison Park (37,378)"
Manchester City, 4, 1, Blackburn Rovers, "Monday, January 11, 2010", "City of Manchester Stadium (40,292)"
Arsenal, 2, 2, Everton, "Saturday, January 9, 2010", "Emirates Stadium (60,053)"
Birmingham City, 1, 1, Manchester United, "Saturday, January 9, 2010", "St Andrews Stadium (28,907)"
Stoke City, 3, 2, Fulham, "Tuesday, January 5, 2010", "Britannia Stadium (25,104)"
Portsmouth, 1, 4, Arsenal, "Wednesday, December 30, 2009", "Fratton Park (20,404)"
Manchester United, 5, 0, Wigan Athletic, "Wednesday, December 30, 2009", "Old Trafford (74,560)"
Aston Villa, 0, 1, Liverpool, "Tuesday, December 29, 2009", "Villa Park (42,788)"
Bolton Wanderers, 2, 2, Hull City, "Tuesday, December 29, 2009", "Reebok Stadium (20,696)"
Tottenham Hotspur, 2, 0, West Ham United, "Monday, December 28, 2009", "White Hart Lane (35,994)"
Blackburn Rovers, 2, 2, Sunderland, "Monday, December 28, 2009", "Ewood Park (25,656)"
Chelsea, 2, 1, Fulham, "Monday, December 28, 2009", "Stamford Bridge (41,805)"
Everton, 2, 0, Burnley, "Monday, December 28, 2009", "Goodison Park (39,419)"
Stoke City, 0, 1, Birmingham City, "Monday, December 28, 2009", "Britannia Stadium (27,211)"
Wolverhampton Wanderers, 0, 3, Manchester City, "Monday, December 28, 2009", "Molineux Stadium (28,957)"
Arsenal, 3, 0, Aston Villa, "Sunday, December 27, 2009", "Emirates Stadium (60,056)"
Hull City, 1, 3, Manchester United, "Sunday, December 27, 2009", "Kingston Communications Stadium (24,627)"
Birmingham City, 0, 0, Chelsea, "Saturday, December 26, 2009", "St Andrews Stadium (28,958)"
Fulham, 0, 0, Tottenham Hotspur, "Saturday, December 26, 2009", "Craven Cottage (25,679)"
West Ham United, 2, 0, Portsmouth, "Saturday, December 26, 2009", "Upton Park (33,686)"
Burnley, 1, 1, Bolton Wanderers, "Saturday, December 26, 2009", "Turf Moor (21,761)"
Manchester City, 2, 0, Stoke City, "Saturday, December 26, 2009", "City of Manchester Stadium (47,325)"
Sunderland, 1, 1, Everton, "Saturday, December 26, 2009", "Stadium of Light (46,990)"
Wigan Athletic, 1, 1, Blackburn Rovers, "Saturday, December 26, 2009", "DW Stadium (20,243)"
Liverpool, 2, 0, Wolverhampton Wanderers, "Saturday, December 26, 2009", "Anfield (41,956)"
Wolverhampton Wanderers, 2, 0, Burnley, "Sunday, December 20, 2009", "Molineux Stadium (27,410)"
Everton, 1, 1, Birmingham City, "Sunday, December 20, 2009", "Goodison Park (33,660)"
West Ham United, 1, 1, Chelsea, "Sunday, December 20, 2009", "Upton Park (33,388)"
Portsmouth, 2, 0, Liverpool, "Saturday, December 19, 2009", "Fratton Park (20,534)"
Aston Villa, 1, 0, Stoke City, "Saturday, December 19, 2009", "Villa Park (35,852)"
Blackburn Rovers, 0, 2, Tottenham Hotspur, "Saturday, December 19, 2009", "Ewood Park (26,490)"
Fulham, 3, 0, Manchester United, "Saturday, December 19, 2009", "Craven Cottage (25,700)"
Manchester City, 4, 3, Sunderland, "Saturday, December 19, 2009", "City of Manchester Stadium (44,735)"
Arsenal, 3, 0, Hull City, "Saturday, December 19, 2009", "Emirates Stadium (60,006)"
Burnley, 1, 1, Arsenal, "Wednesday, December 16, 2009", "Turf Moor (21,309)"
Chelsea, 2, 1, Portsmouth, "Wednesday, December 16, 2009", "Stamford Bridge (40,137)"
Liverpool, 2, 1, Wigan Athletic, "Wednesday, December 16, 2009", "Anfield (41,116)"
Tottenham Hotspur, 3, 0, Manchester City, "Wednesday, December 16, 2009", "White Hart Lane (35,891)"
Sunderland, 0, 2, Aston Villa, "Tuesday, December 15, 2009", "Stadium of Light (34,821)"
Birmingham City, 2, 1, Blackburn Rovers, "Tuesday, December 15, 2009", "St Andrews Stadium (23,187)"
Bolton Wanderers, 3, 1, West Ham United, "Tuesday, December 15, 2009", "Reebok Stadium (17,849)"
Manchester United, 3, 0, Wolverhampton Wanderers, "Tuesday, December 15, 2009", "Old Trafford (73,709)"
Liverpool, 1, 2, Arsenal, "Sunday, December 13, 2009", "Anfield (43,853)"
Stoke City, 2, 2, Wigan Athletic, "Saturday, December 12, 2009", "Britannia Stadium (26,728)"
Birmingham City, 1, 0, West Ham United, "Saturday, December 12, 2009", "St Andrews Stadium (28,203)"
Bolton Wanderers, 3, 3, Manchester City, "Saturday, December 12, 2009", "Reebok Stadium (22,735)"
Burnley, 1, 1, Fulham, "Saturday, December 12, 2009", "Turf Moor (18,397)"
Chelsea, 3, 3, Everton, "Saturday, December 12, 2009", "Stamford Bridge (41,579)"
Hull City, 0, 0, Blackburn Rovers, "Saturday, December 12, 2009", "Kingston Communications Stadium (24,124)"
Sunderland, 1, 1, Portsmouth, "Saturday, December 12, 2009", "Stadium of Light (37,578)"
Tottenham Hotspur, 0, 1, Wolverhampton Wanderers, "Saturday, December 12, 2009", "White Hart Lane (36,012)"
Manchester United, 0, 1, Aston Villa, "Saturday, December 12, 2009", "Old Trafford (75,130)"
Fulham, 1, 0, Sunderland, "Sunday, December 6, 2009", "Craven Cottage (23,168)"
Everton, 2, 2, Tottenham Hotspur, "Sunday, December 6, 2009", "Goodison Park (34,003)"
Portsmouth, 2, 0, Burnley, "Saturday, December 5, 2009", "Fratton Park (17,822)"
Arsenal, 2, 0, Stoke City, "Saturday, December 5, 2009", "Emirates Stadium (60,048)"
Aston Villa, 3, 0, Hull City, "Saturday, December 5, 2009", "Villa Park (39,748)"
Blackburn Rovers, 0, 0, Liverpool, "Saturday, December 5, 2009", "Ewood Park (29,660)"
West Ham United, 0, 4, Manchester United, "Saturday, December 5, 2009", "Upton Park (34,980)"
Wigan Athletic, 2, 3, Birmingham City, "Saturday, December 5, 2009", "DW Stadium (18,797)"
Wolverhampton Wanderers, 2, 1, Bolton Wanderers, "Saturday, December 5, 2009", "Molineux Stadium (27,362)"
Manchester City, 2, 1, Chelsea, "Saturday, December 5, 2009", "City of Manchester Stadium (47,348)"
Wolverhampton Wanderers, 0, 1, Birmingham City, "Sunday, November 29, 2009", "Molineux Stadium (26,668)"
Everton, 0, 2, Liverpool, "Sunday, November 29, 2009", "Goodison Park (39,652)"
Arsenal, 0, 3, Chelsea, "Sunday, November 29, 2009", "Emirates Stadium (60,067)"
Blackburn Rovers, 0, 0, Stoke City, "Saturday, November 28, 2009", "Ewood Park (25,143)"
Fulham, 1, 1, Bolton Wanderers, "Saturday, November 28, 2009", "Craven Cottage (23,554)"
Manchester City, 1, 1, Hull City, "Saturday, November 28, 2009", "City of Manchester Stadium (46,382)"
Portsmouth, 1, 4, Manchester United, "Saturday, November 28, 2009", "Fratton Park (20,482)"
West Ham United, 5, 3, Burnley, "Saturday, November 28, 2009", "Upton Park (34,003)"
Wigan Athletic, 1, 0, Sunderland, "Saturday, November 28, 2009", "DW Stadium (20,447)"
Aston Villa, 1, 1, Tottenham Hotspur, "Saturday, November 28, 2009", "Villa Park (39,866)"
Fulham, 3, 0, Blackburn Rovers, "Wednesday, November 25, 2009", "Craven Cottage (21,414)"
Hull City, 3, 2, Everton, "Wednesday, November 25, 2009", "Kingston Communications Stadium (24,685)"
Bolton Wanderers, 0, 2, Blackburn Rovers, "Sunday, November 22, 2009", "Reebok Stadium (21,777)"
Tottenham Hotspur, 9, 1, Wigan Athletic, "Sunday, November 22, 2009", "White Hart Lane (35,650)"
Stoke City, 1, 0, Portsmouth, "Sunday, November 22, 2009", "Britannia Stadium (27,069)"
Liverpool, 2, 2, Manchester City, "Saturday, November 21, 2009", "Anfield (44,164)"
Birmingham City, 1, 0, Fulham, "Saturday, November 21, 2009", "St Andrews Stadium (23,659)"
Burnley, 1, 1, Aston Villa, "Saturday, November 21, 2009", "Turf Moor (21,178)"
Chelsea, 4, 0, Wolverhampton Wanderers, "Saturday, November 21, 2009", "Stamford Bridge (41,786)"
Hull City, 3, 3, West Ham United, "Saturday, November 21, 2009", "Kingston Communications Stadium (24,909)"
Sunderland, 1, 0, Arsenal, "Saturday, November 21, 2009", "Stadium of Light (44,918)"
Manchester United, 3, 0, Everton, "Saturday, November 21, 2009", "Old Trafford (75,169)"
Liverpool, 2, 2, Birmingham City, "Monday, November 9, 2009", "Anfield (42,560)"
Hull City, 2, 1, Stoke City, "Sunday, November 8, 2009", "Kingston Communications Stadium (24,516)"
West Ham United, 1, 2, Everton, "Sunday, November 8, 2009", "Upton Park (32,466)"
Wigan Athletic, 1, 1, Fulham, "Sunday, November 8, 2009", "DW Stadium (16,172)"
Chelsea, 1, 0, Manchester United, "Sunday, November 8, 2009", "Stamford Bridge (41,836)"
Aston Villa, 5, 1, Bolton Wanderers, "Saturday, November 7, 2009", "Villa Park (38,101)"
Blackburn Rovers, 3, 1, Portsmouth, "Saturday, November 7, 2009", "Ewood Park (23,110)"
Manchester City, 3, 3, Burnley, "Saturday, November 7, 2009", "City of Manchester Stadium (47,205)"
Tottenham Hotspur, 2, 0, Sunderland, "Saturday, November 7, 2009", "White Hart Lane (35,955)"
Wolverhampton Wanderers, 1, 4, Arsenal, "Saturday, November 7, 2009", "Molineux Stadium (28,937)"
West Ham United, 2, 1, Aston Villa, "Wednesday, November 4, 2009", "Upton Park (30,024)"
Birmingham City, 0, 0, Manchester City, "Sunday, November 1, 2009", "St Andrews Stadium (21,462)"
Arsenal, 3, 0, Tottenham Hotspur, "Saturday, October 31, 2009", "Emirates Stadium (60,103)"
Bolton Wanderers, 0, 4, Chelsea, "Saturday, October 31, 2009", "Reebok Stadium (22,680)"
Burnley, 2, 0, Hull City, "Saturday, October 31, 2009", "Turf Moor (20,219)"
Everton, 1, 1, Aston Villa, "Saturday, October 31, 2009", "Goodison Park (36,648)"
Fulham, 3, 1, Liverpool, "Saturday, October 31, 2009", "Craven Cottage (25,700)"
Portsmouth, 4, 0, Wigan Athletic, "Saturday, October 31, 2009", "Fratton Park (18,212)"
Stoke City, 2, 2, Wolverhampton Wanderers, "Saturday, October 31, 2009", "Britannia Stadium (27,500)"
Sunderland, 2, 2, West Ham United, "Saturday, October 31, 2009", "Stadium of Light (39,033)"
Manchester United, 2, 0, Blackburn Rovers, "Saturday, October 31, 2009", "Old Trafford (74,658)"
Bolton Wanderers, 3, 2, Everton, "Sunday, October 25, 2009", "Reebok Stadium (21,547)"
Liverpool, 2, 0, Manchester United, "Sunday, October 25, 2009", "Anfield (44,188)"
Manchester City, 2, 2, Fulham, "Sunday, October 25, 2009", "City of Manchester Stadium (44,906)"
West Ham United, 2, 2, Arsenal, "Sunday, October 25, 2009", "Upton Park (34,442)"
Wolverhampton Wanderers, 1, 1, Aston Villa, "Saturday, October 24, 2009", "Molineux Stadium (28,734)"
Birmingham City, 2, 1, Sunderland, "Saturday, October 24, 2009", "St Andrews Stadium (21,723)"
Burnley, 1, 3, Wigan Athletic, "Saturday, October 24, 2009", "Turf Moor (19,430)"
Hull City, 0, 0, Portsmouth, "Saturday, October 24, 2009", "Kingston Communications Stadium (23,720)"
Tottenham Hotspur, 0, 1, Stoke City, "Saturday, October 24, 2009", "White Hart Lane (36,031)"
Chelsea, 5, 0, Blackburn Rovers, "Saturday, October 24, 2009", "Stamford Bridge (40,836)"
Fulham, 2, 0, Hull City, "Monday, October 19, 2009", "Craven Cottage (22,943)"
Blackburn Rovers, 3, 2, Burnley, "Sunday, October 18, 2009", "Ewood Park (26,689)"
Wigan Athletic, 1, 1, Manchester City, "Sunday, October 18, 2009", "DW Stadium (20,005)"
Aston Villa, 2, 1, Chelsea, "Saturday, October 17, 2009", "Villa Park (39,047)"
Arsenal, 3, 1, Birmingham City, "Saturday, October 17, 2009", "Emirates Stadium (60,082)"
Everton, 1, 1, Wolverhampton Wanderers, "Saturday, October 17, 2009", "Goodison Park (39,319)"
Manchester United, 2, 1, Bolton Wanderers, "Saturday, October 17, 2009", "Old Trafford (75,103)"
Portsmouth, 1, 2, Tottenham Hotspur, "Saturday, October 17, 2009", "Fratton Park (20,821)"
Stoke City, 2, 1, West Ham United, "Saturday, October 17, 2009", "Britannia Stadium (27,026)"
Sunderland, 1, 0, Liverpool, "Saturday, October 17, 2009", "Stadium of Light (47,327)"
Aston Villa, 1, 1, Manchester City, "Monday, October 5, 2009", "Villa Park (37,924)"
Arsenal, 6, 2, Blackburn Rovers, "Sunday, October 4, 2009", "Emirates Stadium (59,431)"
Everton, 1, 1, Stoke City, "Sunday, October 4, 2009", "Goodison Park (36,753)"
West Ham United, 2, 2, Fulham, "Sunday, October 4, 2009", "Upton Park (32,612)"
Chelsea, 2, 0, Liverpool, "Sunday, October 4, 2009", "Stamford Bridge (41,732)"
Bolton Wanderers, 2, 2, Tottenham Hotspur, "Saturday, October 3, 2009", "Reebok Stadium (21,305)"
Burnley, 2, 1, Birmingham City, "Saturday, October 3, 2009", "Turf Moor (20,102)"
Hull City, 2, 1, Wigan Athletic, "Saturday, October 3, 2009", "Kingston Communications Stadium (22,822)"
Wolverhampton Wanderers, 0, 1, Portsmouth, "Saturday, October 3, 2009", "Molineux Stadium (29,023)"
Manchester United, 2, 2, Sunderland, "Saturday, October 3, 2009", "Old Trafford (75,114)"
Manchester City, 3, 1, West Ham United, "Monday, September 28, 2009", "City of Manchester Stadium (42,745)"
Sunderland, 5, 2, Wolverhampton Wanderers, "Sunday, September 27, 2009", "Stadium of Light (37,566)"
Portsmouth, 0, 1, Everton, "Saturday, September 26, 2009", "Fratton Park (18,116)"
Birmingham City, 1, 2, Bolton Wanderers, "Saturday, September 26, 2009", "St Andrews Stadium (28,671)"
Blackburn Rovers, 2, 1, Aston Villa, "Saturday, September 26, 2009", "Ewood Park (25,172)"
Liverpool, 6, 1, Hull City, "Saturday, September 26, 2009", "Anfield (44,392)"
Stoke City, 0, 2, Manchester United, "Saturday, September 26, 2009", "Britannia Stadium (27,500)"
Tottenham Hotspur, 5, 0, Burnley, "Saturday, September 26, 2009", "White Hart Lane (35,462)"
Wigan Athletic, 3, 1, Chelsea, "Saturday, September 26, 2009", "DW Stadium (18,542)"
Fulham, 0, 1, Arsenal, "Saturday, September 26, 2009", "Craven Cottage (25,700)"
Manchester United, 4, 3, Manchester City, "Sunday, September 20, 2009", "Old Trafford (75,066)"
Wolverhampton Wanderers, 2, 1, Fulham, "Sunday, September 20, 2009", "Molineux Stadium (27,670)"
Everton, 3, 0, Blackburn Rovers, "Sunday, September 20, 2009", "Goodison Park (35,546)"
Chelsea, 3, 0, Tottenham Hotspur, "Sunday, September 20, 2009", "Stamford Bridge (41,623)"
Burnley, 3, 1, Sunderland, "Saturday, September 19, 2009", "Turf Moor (20,196)"
Arsenal, 4, 0, Wigan Athletic, "Saturday, September 19, 2009", "Emirates Stadium (59,103)"
Aston Villa, 2, 0, Portsmouth, "Saturday, September 19, 2009", "Villa Park (35,979)"
Bolton Wanderers, 1, 1, Stoke City, "Saturday, September 19, 2009", "Reebok Stadium (20,265)"
Hull City, 0, 1, Birmingham City, "Saturday, September 19, 2009", "Kingston Communications Stadium (23,759)"
West Ham United, 2, 3, Liverpool, "Saturday, September 19, 2009", "Upton Park (34,658)"
Birmingham City, 0, 1, Aston Villa, "Sunday, September 13, 2009", "St Andrews Stadium (25,196)"
Fulham, 2, 1, Everton, "Sunday, September 13, 2009", "Craven Cottage (24,191)"
Blackburn Rovers, 3, 1, Wolverhampton Wanderers, "Saturday, September 12, 2009", "Ewood Park (24,845)"
Liverpool, 4, 0, Burnley, "Saturday, September 12, 2009", "Anfield (43,817)"
Manchester City, 4, 2, Arsenal, "Saturday, September 12, 2009", "City of Manchester Stadium (47,339)"
Portsmouth, 2, 3, Bolton Wanderers, "Saturday, September 12, 2009", "Fratton Park (17,564)"
Stoke City, 1, 2, Chelsea, "Saturday, September 12, 2009", "Britannia Stadium (27,440)"
Sunderland, 4, 1, Hull City, "Saturday, September 12, 2009", "Stadium of Light (38,997)"
Wigan Athletic, 1, 0, West Ham United, "Saturday, September 12, 2009", "DW Stadium (17,142)"
Tottenham Hotspur, 1, 3, Manchester United, "Saturday, September 12, 2009", "White Hart Lane (35,785)"
Portsmouth, 0, 1, Manchester City, "Sunday, August 30, 2009", "Fratton Park (17,826)"
Everton, 2, 1, Wigan Athletic, "Sunday, August 30, 2009", "Goodison Park (35,122)"
Aston Villa, 2, 0, Fulham, "Sunday, August 30, 2009", "Villa Park (32,917)"
Chelsea, 3, 0, Burnley, "Saturday, August 29, 2009", "Stamford Bridge (40,906)"
Blackburn Rovers, 0, 0, West Ham United, "Saturday, August 29, 2009", "Ewood Park (23,421)"
Bolton Wanderers, 2, 3, Liverpool, "Saturday, August 29, 2009", "Reebok Stadium (23,284)"
Stoke City, 1, 0, Sunderland, "Saturday, August 29, 2009", "Britannia Stadium (27,091)"
Tottenham Hotspur, 2, 1, Birmingham City, "Saturday, August 29, 2009", "White Hart Lane (35,318)"
Wolverhampton Wanderers, 1, 1, Hull City, "Saturday, August 29, 2009", "Molineux Stadium (27,906)"
Manchester United, 2, 1, Arsenal, "Saturday, August 29, 2009", "Old Trafford (75,095)"
Liverpool, 1, 3, Aston Villa, "Monday, August 24, 2009", "Anfield (43,667)"
West Ham United, 1, 2, Tottenham Hotspur, "Sunday, August 23, 2009", "Upton Park (33,095)"
Burnley, 1, 0, Everton, "Sunday, August 23, 2009", "Turf Moor (19,983)"
Fulham, 0, 2, Chelsea, "Sunday, August 23, 2009", "Craven Cottage (25,404)"
Arsenal, 4, 1, Portsmouth, "Saturday, August 22, 2009", "Emirates Stadium (60,049)"
Birmingham City, 0, 0, Stoke City, "Saturday, August 22, 2009", "St Andrews Stadium (21,694)"
Hull City, 1, 0, Bolton Wanderers, "Saturday, August 22, 2009", "Kingston Communications Stadium (22,999)"
Manchester City, 1, 0, Wolverhampton Wanderers, "Saturday, August 22, 2009", "City of Manchester Stadium (47,287)"
Sunderland, 2, 1, Blackburn Rovers, "Saturday, August 22, 2009", "Stadium of Light (37,106)"
Wigan Athletic, 0, 5, Manchester United, "Saturday, August 22, 2009", "DW Stadium (18,164)"
Birmingham City, 1, 0, Portsmouth, "Wednesday, August 19, 2009", "St Andrews Stadium (19,922)"
Burnley, 1, 0, Manchester United, "Wednesday, August 19, 2009", "Turf Moor (20,872)"
Hull City, 1, 5, Tottenham Hotspur, "Wednesday, August 19, 2009", "Kingston Communications Stadium (24,735)"
Liverpool, 4, 0, Stoke City, "Wednesday, August 19, 2009", "Anfield (44,318)"
Sunderland, 1, 3, Chelsea, "Tuesday, August 18, 2009", "Stadium of Light (41,179)"
Wigan Athletic, 0, 1, Wolverhampton Wanderers, "Tuesday, August 18, 2009", "DW Stadium (16,661)"
Manchester United, 1, 0, Birmingham City, "Sunday, August 16, 2009", "Old Trafford (75,062)"
Tottenham Hotspur, 2, 1, Liverpool, "Sunday, August 16, 2009", "White Hart Lane (35,935)"
Chelsea, 2, 1, Hull City, "Saturday, August 15, 2009", "Stamford Bridge (41,597)"
Aston Villa, 0, 2, Wigan Athletic, "Saturday, August 15, 2009", "Villa Park (35,578)"
Blackburn Rovers, 0, 2, Manchester City, "Saturday, August 15, 2009", "Ewood Park (29,584)"
Bolton Wanderers, 0, 1, Sunderland, "Saturday, August 15, 2009", "Reebok Stadium (22,247)"
Portsmouth, 0, 1, Fulham, "Saturday, August 15, 2009", "Fratton Park (17,510)"
Stoke City, 2, 0, Burnley, "Saturday, August 15, 2009", "Britannia Stadium (27,385)"
Wolverhampton Wanderers, 0, 2, West Ham United, "Saturday, August 15, 2009", "Molineux Stadium (28,674)"
Everton, 1, 6, Arsenal, "Saturday, August 15, 2009", "Goodison Park (39,309)"
