home, homescore, awayscore, away, date, group
Blackburn Rovers, 3, 3, Reading, "Sunday, May 13, 2007", "Ewood Park (22,671)"
Bolton Wanderers, 2, 2, Aston Villa, "Sunday, May 13, 2007", "Reebok Stadium (26,255)"
Chelsea, 1, 1, Everton, "Sunday, May 13, 2007", "Stamford Bridge (41,746)"
Liverpool, 2, 2, Charlton Athletic, "Sunday, May 13, 2007", "Anfield (43,134)"
Manchester United, 0, 1, West Ham United, "Sunday, May 13, 2007", "Old Trafford (75,927)"
Middlesbrough, 3, 1, Fulham, "Sunday, May 13, 2007", "The Riverside Stadium (29,556)"
Portsmouth, 0, 0, Arsenal, "Sunday, May 13, 2007", "Fratton Park (20,188)"
Sheffield United, 1, 2, Wigan Athletic, "Sunday, May 13, 2007", "Bramall Lane (32,604)"
Tottenham Hotspur, 2, 1, Manchester City, "Sunday, May 13, 2007", "White Hart Lane (35,426)"
Watford, 1, 1, Newcastle United, "Sunday, May 13, 2007", "Vicarage Road Stadium (19,830)"
Tottenham Hotspur, 1, 1, Blackburn Rovers, "Thursday, May 10, 2007", "White Hart Lane (35,974)"
Chelsea, 0, 0, Manchester United, "Wednesday, May 9, 2007", "Stamford Bridge (41,794)"
Charlton Athletic, 0, 2, Tottenham Hotspur, "Monday, May 7, 2007", "The Valley (26,339)"
Arsenal, 1, 1, Chelsea, "Sunday, May 6, 2007", "Emirates Stadium (60,102)"
Manchester City, 0, 1, Manchester United, "Saturday, May 5, 2007", "City of Manchester Stadium (47,244)"
Everton, 3, 0, Portsmouth, "Saturday, May 5, 2007", "Goodison Park (39,619)"
Fulham, 1, 0, Liverpool, "Saturday, May 5, 2007", "Craven Cottage (24,554)"
Newcastle United, 0, 2, Blackburn Rovers, "Saturday, May 5, 2007", "St James' Park (51,226)"
Reading, 0, 2, Watford, "Saturday, May 5, 2007", "Madejski Stadium (23,294)"
West Ham United, 3, 1, Bolton Wanderers, "Saturday, May 5, 2007", "Upton Park (34,404)"
Wigan Athletic, 0, 1, Middlesbrough, "Saturday, May 5, 2007", "The JJB Stadium (21,204)"
Aston Villa, 3, 0, Sheffield United, "Saturday, May 5, 2007", "Villa Park (42,551)"
Reading, 1, 0, Newcastle United, "Monday, April 30, 2007", "Madejski Stadium (24,109)"
Arsenal, 3, 1, Fulham, "Sunday, April 29, 2007", "Emirates Stadium (60,043)"
Chelsea, 2, 2, Bolton Wanderers, "Saturday, April 28, 2007", "Stamford Bridge (41,105)"
Everton, 2, 4, Manchester United, "Saturday, April 28, 2007", "Goodison Park (39,682)"
Blackburn Rovers, 4, 1, Charlton Athletic, "Saturday, April 28, 2007", "Ewood Park (24,921)"
Manchester City, 0, 2, Aston Villa, "Saturday, April 28, 2007", "City of Manchester Stadium (40,799)"
Middlesbrough, 2, 3, Tottenham Hotspur, "Saturday, April 28, 2007", "The Riverside Stadium (27,861)"
Portsmouth, 2, 1, Liverpool, "Saturday, April 28, 2007", "Fratton Park (20,201)"
Sheffield United, 1, 0, Watford, "Saturday, April 28, 2007", "Bramall Lane (30,690)"
Wigan Athletic, 0, 3, West Ham United, "Saturday, April 28, 2007", "The JJB Stadium (24,726)"
Newcastle United, 0, 0, Chelsea, "Sunday, April 22, 2007", "St James' Park (52,056)"
Aston Villa, 0, 0, Portsmouth, "Sunday, April 22, 2007", "Villa Park (31,745)"
Tottenham Hotspur, 2, 2, Arsenal, "Saturday, April 21, 2007", "White Hart Lane (36,050)"
Bolton Wanderers, 1, 3, Reading, "Saturday, April 21, 2007", "Reebok Stadium (23,533)"
Charlton Athletic, 1, 1, Sheffield United, "Saturday, April 21, 2007", "The Valley (27,111)"
Fulham, 1, 1, Blackburn Rovers, "Saturday, April 21, 2007", "Craven Cottage (23,652)"
Liverpool, 2, 0, Wigan Athletic, "Saturday, April 21, 2007", "Anfield (44,003)"
Watford, 1, 1, Manchester City, "Saturday, April 21, 2007", "Vicarage Road Stadium (18,537)"
West Ham United, 1, 0, Everton, "Saturday, April 21, 2007", "Upton Park (34,945)"
Manchester United, 1, 1, Middlesbrough, "Saturday, April 21, 2007", "Old Trafford (75,967)"
Blackburn Rovers, 3, 1, Watford, "Wednesday, April 18, 2007", "Ewood Park (16,035)"
Liverpool, 2, 0, Middlesbrough, "Wednesday, April 18, 2007", "Anfield (41,458)"
West Ham United, 1, 4, Chelsea, "Wednesday, April 18, 2007", "Upton Park (34,966)"
Arsenal, 3, 1, Manchester City, "Tuesday, April 17, 2007", "Emirates Stadium (59,913)"
Manchester United, 2, 0, Sheffield United, "Tuesday, April 17, 2007", "Old Trafford (75,540)"
Wigan Athletic, 3, 3, Tottenham Hotspur, "Sunday, April 15, 2007", "The JJB Stadium (16,506)"
Everton, 2, 1, Charlton Athletic, "Sunday, April 15, 2007", "Goodison Park (34,028)"
Arsenal, 2, 1, Bolton Wanderers, "Saturday, April 14, 2007", "Emirates Stadium (60,101)"
Manchester City, 0, 0, Liverpool, "Saturday, April 14, 2007", "City of Manchester Stadium (45,883)"
Middlesbrough, 1, 3, Aston Villa, "Saturday, April 14, 2007", "The Riverside Stadium (26,959)"
Portsmouth, 2, 1, Newcastle United, "Saturday, April 14, 2007", "Fratton Park (20,165)"
Reading, 1, 0, Fulham, "Saturday, April 14, 2007", "Madejski Stadium (24,082)"
Sheffield United, 3, 0, West Ham United, "Saturday, April 14, 2007", "Bramall Lane (31,593)"
Watford, 4, 2, Portsmouth, "Monday, April 9, 2007", "Vicarage Road Stadium (18,119)"
Aston Villa, 1, 1, Wigan Athletic, "Monday, April 9, 2007", "Villa Park (31,920)"
Bolton Wanderers, 1, 1, Everton, "Monday, April 9, 2007", "Reebok Stadium (25,179)"
Fulham, 1, 3, Manchester City, "Monday, April 9, 2007", "Craven Cottage (22,435)"
Newcastle United, 0, 0, Arsenal, "Monday, April 9, 2007", "St James' Park (52,293)"
Charlton Athletic, 0, 0, Reading, "Monday, April 9, 2007", "The Valley (26,271)"
Chelsea, 1, 0, Tottenham Hotspur, "Saturday, April 7, 2007", "Stamford Bridge (41,864)"
Arsenal, 0, 1, West Ham United, "Saturday, April 7, 2007", "Emirates Stadium (60,098)"
Blackburn Rovers, 1, 2, Aston Villa, "Saturday, April 7, 2007", "Ewood Park (24,211)"
Middlesbrough, 4, 1, Watford, "Saturday, April 7, 2007", "The Riverside Stadium (25,534)"
Reading, 1, 2, Liverpool, "Saturday, April 7, 2007", "Madejski Stadium (24,121)"
Sheffield United, 1, 2, Newcastle United, "Saturday, April 7, 2007", "Bramall Lane (32,572)"
Wigan Athletic, 1, 3, Bolton Wanderers, "Saturday, April 7, 2007", "The JJB Stadium (18,610)"
Portsmouth, 2, 1, Manchester United, "Saturday, April 7, 2007", "Fratton Park (20,223)"
Manchester City, 0, 0, Charlton Athletic, "Friday, April 6, 2007", "City of Manchester Stadium (41,424)"
Everton, 4, 1, Fulham, "Friday, April 6, 2007", "Goodison Park (35,612)"
Aston Villa, 1, 1, Everton, "Monday, April 2, 2007", "Villa Park (36,407)"
Tottenham Hotspur, 1, 0, Reading, "Sunday, April 1, 2007", "White Hart Lane (36,067)"
Liverpool, 4, 1, Arsenal, "Saturday, March 31, 2007", "Anfield (43,958)"
Bolton Wanderers, 1, 0, Sheffield United, "Saturday, March 31, 2007", "Reebok Stadium (24,312)"
Charlton Athletic, 1, 0, Wigan Athletic, "Saturday, March 31, 2007", "The Valley (26,500)"
Fulham, 1, 1, Portsmouth, "Saturday, March 31, 2007", "Craven Cottage (22,806)"
Manchester United, 4, 1, Blackburn Rovers, "Saturday, March 31, 2007", "Old Trafford (76,098)"
Newcastle United, 0, 1, Manchester City, "Saturday, March 31, 2007", "St James' Park (52,004)"
West Ham United, 2, 0, Middlesbrough, "Saturday, March 31, 2007", "Upton Park (34,977)"
Watford, 0, 1, Chelsea, "Saturday, March 31, 2007", "Vicarage Road Stadium (19,793)"
Charlton Athletic, 2, 0, Newcastle United, "Sunday, March 18, 2007", "The Valley (27,028)"
Aston Villa, 0, 0, Liverpool, "Sunday, March 18, 2007", "Villa Park (42,551)"
Everton, 1, 0, Arsenal, "Sunday, March 18, 2007", "Goodison Park (37,162)"
Manchester United, 4, 1, Bolton Wanderers, "Saturday, March 17, 2007", "Old Trafford (76,058)"
Chelsea, 3, 0, Sheffield United, "Saturday, March 17, 2007", "Stamford Bridge (41,897)"
Middlesbrough, 0, 2, Manchester City, "Saturday, March 17, 2007", "The Riverside Stadium (26,427)"
Reading, 0, 0, Portsmouth, "Saturday, March 17, 2007", "Madejski Stadium (24,087)"
Tottenham Hotspur, 3, 1, Watford, "Saturday, March 17, 2007", "White Hart Lane (36,051)"
Wigan Athletic, 0, 0, Fulham, "Saturday, March 17, 2007", "The JJB Stadium (16,001)"
Blackburn Rovers, 1, 2, West Ham United, "Saturday, March 17, 2007", "Ewood Park (18,591)"
Aston Villa, 0, 1, Arsenal, "Wednesday, March 14, 2007", "Villa Park (39,968)"
Manchester City, 0, 1, Chelsea, "Wednesday, March 14, 2007", "City of Manchester Stadium (39,429)"
Bolton Wanderers, 1, 2, Blackburn Rovers, "Sunday, March 4, 2007", "Reebok Stadium (21,743)"
West Ham United, 3, 4, Tottenham Hotspur, "Sunday, March 4, 2007", "Upton Park (34,966)"
Liverpool, 0, 1, Manchester United, "Saturday, March 3, 2007", "Anfield (44,403)"
Arsenal, 2, 1, Reading, "Saturday, March 3, 2007", "Emirates Stadium (60,132)"
Fulham, 1, 1, Aston Villa, "Saturday, March 3, 2007", "Craven Cottage (24,552)"
Manchester City, 0, 1, Wigan Athletic, "Saturday, March 3, 2007", "City of Manchester Stadium (39,923)"
Newcastle United, 0, 0, Middlesbrough, "Saturday, March 3, 2007", "St James' Park (52,303)"
Sheffield United, 1, 1, Everton, "Saturday, March 3, 2007", "Bramall Lane (32,019)"
Watford, 2, 2, Charlton Athletic, "Saturday, March 3, 2007", "Vicarage Road Stadium (19,782)"
Portsmouth, 0, 2, Chelsea, "Saturday, March 3, 2007", "Fratton Park (20,219)"
Wigan Athletic, 1, 0, Newcastle United, "Sunday, February 25, 2007", "The JJB Stadium (21,179)"
Blackburn Rovers, 3, 0, Portsmouth, "Sunday, February 25, 2007", "Ewood Park (17,434)"
Tottenham Hotspur, 4, 1, Bolton Wanderers, "Sunday, February 25, 2007", "White Hart Lane (35,747)"
Fulham, 1, 2, Manchester United, "Saturday, February 24, 2007", "Craven Cottage (24,459)"
Charlton Athletic, 4, 0, West Ham United, "Saturday, February 24, 2007", "The Valley (27,111)"
Liverpool, 4, 0, Sheffield United, "Saturday, February 24, 2007", "Anfield (44,198)"
Middlesbrough, 2, 1, Reading, "Saturday, February 24, 2007", "The Riverside Stadium (26,412)"
Watford, 0, 3, Everton, "Saturday, February 24, 2007", "Vicarage Road Stadium (18,761)"
Watford, 1, 1, Wigan Athletic, "Wednesday, February 21, 2007", "Vicarage Road Stadium (18,338)"
Everton, 1, 2, Tottenham Hotspur, "Wednesday, February 21, 2007", "Goodison Park (34,121)"
Bolton Wanderers, 2, 1, Fulham, "Sunday, February 11, 2007", "Reebok Stadium (24,919)"
Arsenal, 2, 1, Wigan Athletic, "Sunday, February 11, 2007", "Emirates Stadium (60,049)"
Reading, 2, 0, Aston Villa, "Saturday, February 10, 2007", "Madejski Stadium (24,122)"
Chelsea, 3, 0, Middlesbrough, "Saturday, February 10, 2007", "Stamford Bridge (41,699)"
Everton, 1, 0, Blackburn Rovers, "Saturday, February 10, 2007", "Goodison Park (35,593)"
Manchester United, 2, 0, Charlton Athletic, "Saturday, February 10, 2007", "Old Trafford (75,883)"
Newcastle United, 2, 1, Liverpool, "Saturday, February 10, 2007", "St James' Park (52,305)"
Sheffield United, 2, 1, Tottenham Hotspur, "Saturday, February 10, 2007", "Bramall Lane (32,144)"
West Ham United, 0, 1, Watford, "Saturday, February 10, 2007", "Upton Park (34,625)"
Portsmouth, 2, 1, Manchester City, "Saturday, February 10, 2007", "Fratton Park (19,344)"
Tottenham Hotspur, 0, 4, Manchester United, "Sunday, February 4, 2007", "White Hart Lane (36,146)"
Liverpool, 0, 0, Everton, "Saturday, February 3, 2007", "Anfield (44,234)"
Aston Villa, 1, 0, West Ham United, "Saturday, February 3, 2007", "Villa Park (41,202)"
Blackburn Rovers, 2, 1, Sheffield United, "Saturday, February 3, 2007", "Ewood Park (20,917)"
Charlton Athletic, 0, 1, Chelsea, "Saturday, February 3, 2007", "The Valley (27,111)"
Fulham, 2, 1, Newcastle United, "Saturday, February 3, 2007", "Craven Cottage (24,340)"
Manchester City, 0, 2, Reading, "Saturday, February 3, 2007", "City of Manchester Stadium (38,676)"
Watford, 0, 1, Bolton Wanderers, "Saturday, February 3, 2007", "Vicarage Road Stadium (18,722)"
Wigan Athletic, 1, 0, Portsmouth, "Saturday, February 3, 2007", "The JJB Stadium (15,093)"
Middlesbrough, 1, 1, Arsenal, "Saturday, February 3, 2007", "The Riverside Stadium (31,122)"
Chelsea, 3, 0, Blackburn Rovers, "Wednesday, January 31, 2007", "Stamford Bridge (38,000)"
Bolton Wanderers, 1, 1, Charlton Athletic, "Wednesday, January 31, 2007", "Reebok Stadium (22,357)"
Manchester United, 4, 0, Watford, "Wednesday, January 31, 2007", "Old Trafford (76,032)"
Newcastle United, 3, 1, Aston Villa, "Wednesday, January 31, 2007", "St James' Park (49,201)"
Portsmouth, 0, 0, Middlesbrough, "Tuesday, January 30, 2007", "Fratton Park (19,820)"
Sheffield United, 2, 0, Fulham, "Tuesday, January 30, 2007", "Bramall Lane (27,540)"
West Ham United, 1, 2, Liverpool, "Tuesday, January 30, 2007", "Upton Park (34,966)"
Reading, 3, 2, Wigan Athletic, "Tuesday, January 30, 2007", "Madejski Stadium (21,954)"
Watford, 2, 1, Blackburn Rovers, "Tuesday, January 23, 2007", "Vicarage Road Stadium (13,760)"
Wigan Athletic, 0, 2, Everton, "Sunday, January 21, 2007", "The JJB Stadium (18,149)"
Arsenal, 2, 1, Manchester United, "Sunday, January 21, 2007", "Emirates Stadium (60,128)"
Liverpool, 2, 0, Chelsea, "Saturday, January 20, 2007", "Anfield (44,245)"
Aston Villa, 2, 0, Watford, "Saturday, January 20, 2007", "Villa Park (35,892)"
Fulham, 1, 1, Tottenham Hotspur, "Saturday, January 20, 2007", "Craven Cottage (23,580)"
Middlesbrough, 5, 1, Bolton Wanderers, "Saturday, January 20, 2007", "The Riverside Stadium (24,614)"
Newcastle United, 2, 2, West Ham United, "Saturday, January 20, 2007", "St James' Park (52,095)"
Portsmouth, 0, 1, Charlton Athletic, "Saturday, January 20, 2007", "Fratton Park (19,567)"
Reading, 3, 1, Sheffield United, "Saturday, January 20, 2007", "Madejski Stadium (23,956)"
Manchester City, 0, 3, Blackburn Rovers, "Saturday, January 20, 2007", "City of Manchester Stadium (36,590)"
Everton, 1, 1, Reading, "Sunday, January 14, 2007", "Goodison Park (34,722)"
Tottenham Hotspur, 2, 3, Newcastle United, "Sunday, January 14, 2007", "White Hart Lane (35,942)"
Watford, 0, 3, Liverpool, "Saturday, January 13, 2007", "Vicarage Road Stadium (19,746)"
Bolton Wanderers, 0, 0, Manchester City, "Saturday, January 13, 2007", "Reebok Stadium (22,334)"
Charlton Athletic, 1, 3, Middlesbrough, "Saturday, January 13, 2007", "The Valley (26,384)"
Chelsea, 4, 0, Wigan Athletic, "Saturday, January 13, 2007", "Stamford Bridge (40,846)"
Manchester United, 3, 1, Aston Villa, "Saturday, January 13, 2007", "Old Trafford (76,073)"
Sheffield United, 1, 1, Portsmouth, "Saturday, January 13, 2007", "Bramall Lane (30,269)"
West Ham United, 3, 3, Fulham, "Saturday, January 13, 2007", "Upton Park (34,977)"
Blackburn Rovers, 0, 2, Arsenal, "Saturday, January 13, 2007", "Ewood Park (21,852)"
Arsenal, 4, 0, Charlton Athletic, "Tuesday, January 2, 2007", "Emirates Stadium (60,057)"
Aston Villa, 0, 0, Chelsea, "Tuesday, January 2, 2007", "Villa Park (41,006)"
Liverpool, 3, 0, Bolton Wanderers, "Monday, January 1, 2007", "Anfield (41,370)"
Fulham, 0, 0, Watford, "Monday, January 1, 2007", "Craven Cottage (19,698)"
Manchester City, 2, 1, Everton, "Monday, January 1, 2007", "City of Manchester Stadium (39,836)"
Middlesbrough, 3, 1, Sheffield United, "Monday, January 1, 2007", "The Riverside Stadium (27,963)"
Portsmouth, 1, 1, Tottenham Hotspur, "Monday, January 1, 2007", "Fratton Park (20,194)"
Reading, 6, 0, West Ham United, "Monday, January 1, 2007", "Madejski Stadium (24,073)"
Wigan Athletic, 0, 3, Blackburn Rovers, "Monday, January 1, 2007", "The JJB Stadium (14,864)"
Newcastle United, 2, 2, Manchester United, "Monday, January 1, 2007", "St James' Park (52,302)"
Charlton Athletic, 2, 1, Aston Villa, "Saturday, December 30, 2006", "The Valley (26,699)"
Blackburn Rovers, 2, 1, Middlesbrough, "Saturday, December 30, 2006", "Ewood Park (22,653)"
Bolton Wanderers, 3, 2, Portsmouth, "Saturday, December 30, 2006", "Reebok Stadium (22,447)"
Chelsea, 2, 2, Fulham, "Saturday, December 30, 2006", "Stamford Bridge (41,926)"
Everton, 3, 0, Newcastle United, "Saturday, December 30, 2006", "Goodison Park (38,682)"
Manchester United, 3, 2, Reading, "Saturday, December 30, 2006", "Old Trafford (75,910)"
Tottenham Hotspur, 0, 1, Liverpool, "Saturday, December 30, 2006", "White Hart Lane (36,170)"
West Ham United, 0, 1, Manchester City, "Saturday, December 30, 2006", "Upton Park (34,574)"
Sheffield United, 1, 0, Arsenal, "Saturday, December 30, 2006", "Bramall Lane (32,086)"
Charlton Athletic, 2, 2, Fulham, "Wednesday, December 27, 2006", "The Valley (25,203)"
Chelsea, 2, 2, Reading, "Tuesday, December 26, 2006", "Stamford Bridge (41,885)"
Tottenham Hotspur, 2, 1, Aston Villa, "Tuesday, December 26, 2006", "White Hart Lane (35,293)"
West Ham United, 1, 2, Portsmouth, "Tuesday, December 26, 2006", "Upton Park (34,913)"
Blackburn Rovers, 1, 0, Liverpool, "Tuesday, December 26, 2006", "Ewood Park (29,342)"
Bolton Wanderers, 2, 1, Newcastle United, "Tuesday, December 26, 2006", "Reebok Stadium (26,437)"
Everton, 0, 0, Middlesbrough, "Tuesday, December 26, 2006", "Goodison Park (38,126)"
Manchester United, 3, 1, Wigan Athletic, "Tuesday, December 26, 2006", "Old Trafford (76,018)"
Sheffield United, 0, 1, Manchester City, "Tuesday, December 26, 2006", "Bramall Lane (32,591)"
Watford, 1, 2, Arsenal, "Tuesday, December 26, 2006", "Vicarage Road Stadium (19,750)"
Fulham, 0, 0, West Ham United, "Saturday, December 23, 2006", "Craven Cottage (22,452)"
Arsenal, 6, 2, Blackburn Rovers, "Saturday, December 23, 2006", "Emirates Stadium (59,913)"
Aston Villa, 0, 3, Manchester United, "Saturday, December 23, 2006", "Villa Park (42,551)"
Liverpool, 2, 0, Watford, "Saturday, December 23, 2006", "Anfield (42,807)"
Manchester City, 0, 2, Bolton Wanderers, "Saturday, December 23, 2006", "City of Manchester Stadium (40,157)"
Middlesbrough, 2, 0, Charlton Athletic, "Saturday, December 23, 2006", "The Riverside Stadium (32,013)"
Newcastle United, 3, 1, Tottenham Hotspur, "Saturday, December 23, 2006", "St James' Park (52,079)"
Portsmouth, 3, 1, Sheffield United, "Saturday, December 23, 2006", "Fratton Park (20,164)"
Reading, 0, 2, Everton, "Saturday, December 23, 2006", "Madejski Stadium (24,053)"
Wigan Athletic, 2, 3, Chelsea, "Saturday, December 23, 2006", "The JJB Stadium (22,077)"
Fulham, 2, 1, Middlesbrough, "Monday, December 18, 2006", "Craven Cottage (17,000)"
Everton, 2, 3, Chelsea, "Sunday, December 17, 2006", "Goodison Park (33,970)"
Manchester City, 1, 2, Tottenham Hotspur, "Sunday, December 17, 2006", "City of Manchester Stadium (39,825)"
West Ham United, 1, 0, Manchester United, "Sunday, December 17, 2006", "Upton Park (34,966)"
Charlton Athletic, 0, 3, Liverpool, "Saturday, December 16, 2006", "The Valley (27,111)"
Arsenal, 2, 2, Portsmouth, "Saturday, December 16, 2006", "Emirates Stadium (60,037)"
Newcastle United, 2, 1, Watford, "Saturday, December 16, 2006", "St James' Park (49,231)"
Reading, 1, 2, Blackburn Rovers, "Saturday, December 16, 2006", "Madejski Stadium (23,074)"
Wigan Athletic, 0, 1, Sheffield United, "Saturday, December 16, 2006", "The JJB Stadium (16,322)"
Aston Villa, 0, 1, Bolton Wanderers, "Saturday, December 16, 2006", "Villa Park (27,450)"
Chelsea, 1, 0, Newcastle United, "Wednesday, December 13, 2006", "Stamford Bridge (41,945)"
Wigan Athletic, 0, 1, Arsenal, "Wednesday, December 13, 2006", "The JJB Stadium (15,311)"
Sheffield United, 2, 2, Aston Villa, "Monday, December 11, 2006", "Bramall Lane (30,957)"
Chelsea, 1, 1, Arsenal, "Sunday, December 10, 2006", "Stamford Bridge (41,917)"
Manchester United, 3, 1, Manchester City, "Saturday, December 9, 2006", "Old Trafford (75,858)"
Blackburn Rovers, 1, 3, Newcastle United, "Saturday, December 9, 2006", "Ewood Park (19,225)"
Liverpool, 4, 0, Fulham, "Saturday, December 9, 2006", "Anfield (43,189)"
Middlesbrough, 1, 1, Wigan Athletic, "Saturday, December 9, 2006", "The Riverside Stadium (23,638)"
Portsmouth, 2, 0, Everton, "Saturday, December 9, 2006", "Fratton Park (19,528)"
Tottenham Hotspur, 5, 1, Charlton Athletic, "Saturday, December 9, 2006", "White Hart Lane (35,565)"
Watford, 0, 0, Reading, "Saturday, December 9, 2006", "Vicarage Road Stadium (19,223)"
Bolton Wanderers, 4, 0, West Ham United, "Saturday, December 9, 2006", "Reebok Stadium (22,283)"
Newcastle United, 3, 2, Reading, "Wednesday, December 6, 2006", "St James' Park (48,182)"
West Ham United, 0, 2, Wigan Athletic, "Wednesday, December 6, 2006", "Upton Park (33,805)"
Charlton Athletic, 1, 0, Blackburn Rovers, "Tuesday, December 5, 2006", "The Valley (23,423)"
Tottenham Hotspur, 2, 1, Middlesbrough, "Tuesday, December 5, 2006", "White Hart Lane (34,154)"
Manchester City, 0, 0, Watford, "Monday, December 4, 2006", "City of Manchester Stadium (35,915)"
Everton, 2, 0, West Ham United, "Sunday, December 3, 2006", "Goodison Park (32,968)"
Arsenal, 3, 0, Tottenham Hotspur, "Saturday, December 2, 2006", "Emirates Stadium (60,115)"
Blackburn Rovers, 2, 0, Fulham, "Saturday, December 2, 2006", "Ewood Park (16,799)"
Portsmouth, 2, 2, Aston Villa, "Saturday, December 2, 2006", "Fratton Park (20,042)"
Reading, 1, 0, Bolton Wanderers, "Saturday, December 2, 2006", "Madejski Stadium (23,556)"
Sheffield United, 2, 1, Charlton Athletic, "Saturday, December 2, 2006", "Bramall Lane (27,368)"
Wigan Athletic, 0, 4, Liverpool, "Saturday, December 2, 2006", "The JJB Stadium (22,089)"
Middlesbrough, 1, 2, Manchester United, "Saturday, December 2, 2006", "The Riverside Stadium (31,238)"
Aston Villa, 1, 3, Manchester City, "Wednesday, November 29, 2006", "Villa Park (30,124)"
Fulham, 2, 1, Arsenal, "Wednesday, November 29, 2006", "Craven Cottage (24,510)"
Bolton Wanderers, 0, 1, Chelsea, "Wednesday, November 29, 2006", "Reebok Stadium (23,559)"
Liverpool, 0, 0, Portsmouth, "Wednesday, November 29, 2006", "Anfield (42,467)"
Manchester United, 3, 0, Everton, "Wednesday, November 29, 2006", "Old Trafford (75,723)"
Watford, 0, 1, Sheffield United, "Tuesday, November 28, 2006", "Vicarage Road Stadium (18,887)"
Newcastle United, 1, 0, Portsmouth, "Sunday, November 26, 2006", "St James' Park (48,743)"
Tottenham Hotspur, 3, 1, Wigan Athletic, "Sunday, November 26, 2006", "White Hart Lane (35,205)"
Manchester United, 1, 1, Chelsea, "Sunday, November 26, 2006", "Old Trafford (75,948)"
Charlton Athletic, 1, 1, Everton, "Saturday, November 25, 2006", "The Valley (26,435)"
Aston Villa, 1, 1, Middlesbrough, "Saturday, November 25, 2006", "Villa Park (33,162)"
Fulham, 0, 1, Reading, "Saturday, November 25, 2006", "Craven Cottage (22,673)"
Liverpool, 1, 0, Manchester City, "Saturday, November 25, 2006", "Anfield (44,081)"
West Ham United, 1, 0, Sheffield United, "Saturday, November 25, 2006", "Upton Park (34,454)"
Bolton Wanderers, 3, 1, Arsenal, "Saturday, November 25, 2006", "Reebok Stadium (24,409)"
Wigan Athletic, 0, 0, Aston Villa, "Sunday, November 19, 2006", "The JJB Stadium (18,455)"
Blackburn Rovers, 1, 1, Tottenham Hotspur, "Sunday, November 19, 2006", "Ewood Park (18,083)"
Manchester City, 3, 1, Fulham, "Saturday, November 18, 2006", "City of Manchester Stadium (35,776)"
Arsenal, 1, 1, Newcastle United, "Saturday, November 18, 2006", "Emirates Stadium (60,058)"
Chelsea, 1, 0, West Ham United, "Saturday, November 18, 2006", "Stamford Bridge (41,916)"
Everton, 1, 0, Bolton Wanderers, "Saturday, November 18, 2006", "Goodison Park (34,417)"
Portsmouth, 2, 1, Watford, "Saturday, November 18, 2006", "Fratton Park (19,738)"
Reading, 2, 0, Charlton Athletic, "Saturday, November 18, 2006", "Madejski Stadium (24,093)"
Sheffield United, 1, 2, Manchester United, "Saturday, November 18, 2006", "Bramall Lane (32,584)"
Middlesbrough, 0, 0, Liverpool, "Saturday, November 18, 2006", "The Riverside Stadium (31,424)"
Reading, 3, 1, Tottenham Hotspur, "Sunday, November 12, 2006", "Madejski Stadium (24,110)"
Arsenal, 3, 0, Liverpool, "Sunday, November 12, 2006", "Emirates Stadium (60,110)"
Manchester City, 0, 0, Newcastle United, "Saturday, November 11, 2006", "City of Manchester Stadium (40,571)"
Chelsea, 4, 0, Watford, "Saturday, November 11, 2006", "Stamford Bridge (41,936)"
Everton, 0, 1, Aston Villa, "Saturday, November 11, 2006", "Goodison Park (36,376)"
Middlesbrough, 1, 0, West Ham United, "Saturday, November 11, 2006", "The Riverside Stadium (25,898)"
Portsmouth, 1, 1, Fulham, "Saturday, November 11, 2006", "Fratton Park "
Sheffield United, 2, 2, Bolton Wanderers, "Saturday, November 11, 2006", "Bramall Lane (28,294)"
Wigan Athletic, 3, 2, Charlton Athletic, "Saturday, November 11, 2006", "The JJB Stadium (16,572)"
Blackburn Rovers, 0, 1, Manchester United, "Saturday, November 11, 2006", "Ewood Park (26,162)"
West Ham United, 1, 0, Arsenal, "Sunday, November 5, 2006", "Upton Park (34,969)"
Aston Villa, 2, 0, Blackburn Rovers, "Sunday, November 5, 2006", "Villa Park (30,089)"
Tottenham Hotspur, 2, 1, Chelsea, "Sunday, November 5, 2006", "White Hart Lane (36,070)"
Fulham, 1, 0, Everton, "Saturday, November 4, 2006", "Craven Cottage (23,327)"
Bolton Wanderers, 0, 1, Wigan Athletic, "Saturday, November 4, 2006", "Reebok Stadium (21,255)"
Charlton Athletic, 1, 0, Manchester City, "Saturday, November 4, 2006", "The Valley (26,011)"
Liverpool, 2, 0, Reading, "Saturday, November 4, 2006", "Anfield (43,741)"
Manchester United, 3, 0, Portsmouth, "Saturday, November 4, 2006", "Old Trafford (76,004)"
Watford, 2, 0, Middlesbrough, "Saturday, November 4, 2006", "Vicarage Road Stadium (18,951)"
Newcastle United, 0, 1, Sheffield United, "Saturday, November 4, 2006", "St James' Park (50,188)"
Manchester City, 1, 0, Middlesbrough, "Monday, October 30, 2006", "City of Manchester Stadium (36,720)"
West Ham United, 2, 1, Blackburn Rovers, "Sunday, October 29, 2006", "Upton Park (33,833)"
Sheffield United, 0, 2, Chelsea, "Saturday, October 28, 2006", "Bramall Lane (32,321)"
Arsenal, 1, 1, Everton, "Saturday, October 28, 2006", "Emirates Stadium (60,047)"
Bolton Wanderers, 0, 4, Manchester United, "Saturday, October 28, 2006", "Reebok Stadium (27,229)"
Fulham, 0, 1, Wigan Athletic, "Saturday, October 28, 2006", "Craven Cottage (22,882)"
Liverpool, 3, 1, Aston Villa, "Saturday, October 28, 2006", "Anfield (44,117)"
Portsmouth, 3, 1, Reading, "Saturday, October 28, 2006", "Fratton Park (20,146)"
Watford, 0, 0, Tottenham Hotspur, "Saturday, October 28, 2006", "Vicarage Road Stadium (19,660)"
Newcastle United, 0, 0, Charlton Athletic, "Saturday, October 28, 2006", "St James' Park (48,642)"
Manchester United, 2, 0, Liverpool, "Sunday, October 22, 2006", "Old Trafford (75,828)"
Blackburn Rovers, 0, 1, Bolton Wanderers, "Sunday, October 22, 2006", "Ewood Park (27,662)"
Middlesbrough, 1, 0, Newcastle United, "Sunday, October 22, 2006", "The Riverside Stadium (30,060)"
Tottenham Hotspur, 1, 0, West Ham United, "Sunday, October 22, 2006", "White Hart Lane (36,162)"
Reading, 0, 4, Arsenal, "Sunday, October 22, 2006", "Madejski Stadium (24,004)"
Wigan Athletic, 4, 0, Manchester City, "Saturday, October 21, 2006", "The JJB Stadium (16,235)"
Charlton Athletic, 0, 0, Watford, "Saturday, October 21, 2006", "The Valley (27,011)"
Chelsea, 2, 1, Portsmouth, "Saturday, October 21, 2006", "Stamford Bridge (41,838)"
Everton, 2, 0, Sheffield United, "Saturday, October 21, 2006", "Goodison Park (37,900)"
Aston Villa, 1, 1, Fulham, "Saturday, October 21, 2006", "Villa Park (30,919)"
Fulham, 2, 1, Charlton Athletic, "Monday, October 16, 2006", "Craven Cottage (19,179)"
Newcastle United, 1, 2, Bolton Wanderers, "Sunday, October 15, 2006", "St James' Park (48,145)"
Wigan Athletic, 1, 3, Manchester United, "Saturday, October 14, 2006", "The JJB Stadium (20,631)"
Arsenal, 3, 0, Watford, "Saturday, October 14, 2006", "Emirates Stadium (60,018)"
Aston Villa, 1, 1, Tottenham Hotspur, "Saturday, October 14, 2006", "Villa Park (42,551)"
Liverpool, 1, 1, Blackburn Rovers, "Saturday, October 14, 2006", "Anfield (44,206)"
Manchester City, 0, 0, Sheffield United, "Saturday, October 14, 2006", "City of Manchester Stadium (42,192)"
Middlesbrough, 2, 1, Everton, "Saturday, October 14, 2006", "The Riverside Stadium (27,156)"
Portsmouth, 2, 0, West Ham United, "Saturday, October 14, 2006", "Fratton Park (20,142)"
Reading, 0, 1, Chelsea, "Saturday, October 14, 2006", "Madejski Stadium (24,025)"
Watford, 3, 3, Fulham, "Monday, October 2, 2006", "Vicarage Road Stadium (17,982)"
West Ham United, 0, 1, Reading, "Sunday, October 1, 2006", "Upton Park (34,872)"
Blackburn Rovers, 2, 1, Wigan Athletic, "Sunday, October 1, 2006", "Ewood Park (17,859)"
Manchester United, 2, 0, Newcastle United, "Sunday, October 1, 2006", "Old Trafford (75,664)"
Tottenham Hotspur, 2, 1, Portsmouth, "Sunday, October 1, 2006", "White Hart Lane (36,063)"
Bolton Wanderers, 2, 0, Liverpool, "Saturday, September 30, 2006", "Reebok Stadium (25,061)"
Charlton Athletic, 1, 2, Arsenal, "Saturday, September 30, 2006", "The Valley (26,770)"
Chelsea, 1, 1, Aston Villa, "Saturday, September 30, 2006", "Stamford Bridge (41,951)"
Everton, 1, 1, Manchester City, "Saturday, September 30, 2006", "Goodison Park (38,250)"
Sheffield United, 2, 1, Middlesbrough, "Saturday, September 30, 2006", "Bramall Lane (27,483)"
Portsmouth, 0, 1, Bolton Wanderers, "Monday, September 25, 2006", "Fratton Park (19,105)"
Newcastle United, 1, 1, Everton, "Sunday, September 24, 2006", "St James' Park (50,107)"
Liverpool, 3, 0, Tottenham Hotspur, "Saturday, September 23, 2006", "Anfield (44,330)"
Arsenal, 3, 0, Sheffield United, "Saturday, September 23, 2006", "Emirates Stadium (59,912)"
Aston Villa, 2, 0, Charlton Athletic, "Saturday, September 23, 2006", "Villa Park (35,513)"
Fulham, 0, 2, Chelsea, "Saturday, September 23, 2006", "Craven Cottage (24,290)"
Manchester City, 2, 0, West Ham United, "Saturday, September 23, 2006", "City of Manchester Stadium (41,073)"
Middlesbrough, 0, 1, Blackburn Rovers, "Saturday, September 23, 2006", "The Riverside Stadium (24,959)"
Wigan Athletic, 1, 1, Watford, "Saturday, September 23, 2006", "The JJB Stadium (16,359)"
Reading, 1, 1, Manchester United, "Saturday, September 23, 2006", "Madejski Stadium (24,098)"
Liverpool, 2, 0, Newcastle United, "Wednesday, September 20, 2006", "Anfield (43,754)"
Chelsea, 1, 0, Liverpool, "Sunday, September 17, 2006", "Stamford Bridge (41,882)"
Blackburn Rovers, 4, 2, Manchester City, "Sunday, September 17, 2006", "Ewood Park (18,403)"
Tottenham Hotspur, 0, 0, Fulham, "Sunday, September 17, 2006", "White Hart Lane (36,131)"
West Ham United, 0, 2, Newcastle United, "Sunday, September 17, 2006", "Upton Park (34,938)"
Manchester United, 0, 1, Arsenal, "Sunday, September 17, 2006", "Old Trafford (75,595)"
Charlton Athletic, 0, 1, Portsmouth, "Saturday, September 16, 2006", "The Valley (26,130)"
Bolton Wanderers, 0, 0, Middlesbrough, "Saturday, September 16, 2006", "Reebok Stadium (21,164)"
Everton, 2, 2, Wigan Athletic, "Saturday, September 16, 2006", "Goodison Park (37,117)"
Sheffield United, 1, 2, Reading, "Saturday, September 16, 2006", "Bramall Lane (25,011)"
Watford, 0, 0, Aston Villa, "Saturday, September 16, 2006", "Vicarage Road Stadium (18,620)"
Reading, 1, 0, Manchester City, "Monday, September 11, 2006", "Madejski Stadium (24,092)"
West Ham United, 1, 1, Aston Villa, "Sunday, September 10, 2006", "Upton Park (34,576)"
Everton, 3, 0, Liverpool, "Saturday, September 9, 2006", "Goodison Park (40,004)"
Arsenal, 1, 1, Middlesbrough, "Saturday, September 9, 2006", "Emirates Stadium (60,007)"
Bolton Wanderers, 1, 0, Watford, "Saturday, September 9, 2006", "Reebok Stadium (21,140)"
Chelsea, 2, 1, Charlton Athletic, "Saturday, September 9, 2006", "Stamford Bridge (41,194)"
Newcastle United, 1, 2, Fulham, "Saturday, September 9, 2006", "St James' Park (50,365)"
Portsmouth, 1, 0, Wigan Athletic, "Saturday, September 9, 2006", "Fratton Park (19,508)"
Sheffield United, 0, 0, Blackburn Rovers, "Saturday, September 9, 2006", "Bramall Lane (29,876)"
Manchester United, 1, 0, Tottenham Hotspur, "Saturday, September 9, 2006", "Old Trafford (75,453)"
Middlesbrough, 0, 4, Portsmouth, "Monday, August 28, 2006", "The Riverside Stadium (24,834)"
Aston Villa, 2, 0, Newcastle United, "Sunday, August 27, 2006", "Villa Park (35,141)"
Blackburn Rovers, 0, 2, Chelsea, "Sunday, August 27, 2006", "Ewood Park (19,398)"
Liverpool, 2, 1, West Ham United, "Saturday, August 26, 2006", "Anfield (43,965)"
Charlton Athletic, 2, 0, Bolton Wanderers, "Saturday, August 26, 2006", "The Valley (23,638)"
Fulham, 1, 0, Sheffield United, "Saturday, August 26, 2006", "Craven Cottage (18,362)"
Tottenham Hotspur, 0, 2, Everton, "Saturday, August 26, 2006", "White Hart Lane (35,540)"
Watford, 1, 2, Manchester United, "Saturday, August 26, 2006", "Vicarage Road Stadium (19,453)"
Wigan Athletic, 1, 0, Reading, "Saturday, August 26, 2006", "The JJB Stadium (14,636)"
Manchester City, 1, 0, Arsenal, "Saturday, August 26, 2006", "City of Manchester Stadium (40,699)"
Aston Villa, 2, 1, Reading, "Wednesday, August 23, 2006", "Villa Park (37,329)"
Manchester City, 0, 0, Portsmouth, "Wednesday, August 23, 2006", "City of Manchester Stadium (37,214)"
Blackburn Rovers, 1, 1, Everton, "Wednesday, August 23, 2006", "Ewood Park (22,015)"
Charlton Athletic, 0, 3, Manchester United, "Wednesday, August 23, 2006", "The Valley (25,422)"
Fulham, 1, 1, Bolton Wanderers, "Wednesday, August 23, 2006", "Craven Cottage (18,559)"
Middlesbrough, 2, 1, Chelsea, "Wednesday, August 23, 2006", "The Riverside Stadium (29,198)"
Watford, 1, 1, West Ham United, "Tuesday, August 22, 2006", "Vicarage Road Stadium (18,344)"
Tottenham Hotspur, 2, 0, Sheffield United, "Tuesday, August 22, 2006", "White Hart Lane (35,287)"
Manchester United, 5, 1, Fulham, "Sunday, August 20, 2006", "Old Trafford (75,115)"
Chelsea, 3, 0, Manchester City, "Sunday, August 20, 2006", "Stamford Bridge (41,953)"
Sheffield United, 1, 1, Liverpool, "Saturday, August 19, 2006", "Bramall Lane (31,726)"
Arsenal, 1, 1, Aston Villa, "Saturday, August 19, 2006", "Emirates Stadium (60,023)"
Everton, 2, 1, Watford, "Saturday, August 19, 2006", "Goodison Park (39,691)"
Newcastle United, 2, 1, Wigan Athletic, "Saturday, August 19, 2006", "St James' Park (51,569)"
Portsmouth, 3, 0, Blackburn Rovers, "Saturday, August 19, 2006", "Fratton Park (19,523)"
Reading, 3, 2, Middlesbrough, "Saturday, August 19, 2006", "Madejski Stadium (23,855)"
West Ham United, 3, 1, Charlton Athletic, "Saturday, August 19, 2006", "Upton Park (34,937)"
Bolton Wanderers, 2, 0, Tottenham Hotspur, "Saturday, August 19, 2006", "Reebok Stadium (22,899)"
