home, homescore, awayscore, away, date, group
Birmingham City, 4, 1, Blackburn Rovers, "Sunday, May 11, 2008", "St Andrews Stadium (26,668)"
Chelsea, 1, 1, Bolton Wanderers, "Sunday, May 11, 2008", "Stamford Bridge (41,755)"
Derby County, 0, 4, Reading, "Sunday, May 11, 2008", "Pride Park Stadium (33,087)"
Everton, 3, 1, Newcastle United, "Sunday, May 11, 2008", "Goodison Park (39,592)"
Middlesbrough, 8, 1, Manchester City, "Sunday, May 11, 2008", "The Riverside Stadium (27,613)"
Portsmouth, 0, 1, Fulham, "Sunday, May 11, 2008", "Fratton Park (20,532)"
Sunderland, 0, 1, Arsenal, "Sunday, May 11, 2008", "Stadium of Light (47,802)"
Tottenham Hotspur, 0, 2, Liverpool, "Sunday, May 11, 2008", "White Hart Lane (36,063)"
West Ham United, 2, 2, Aston Villa, "Sunday, May 11, 2008", "Upton Park (34,969)"
Wigan Athletic, 0, 2, Manchester United, "Sunday, May 11, 2008", "The JJB Stadium (25,133)"
Newcastle United, 0, 2, Chelsea, "Monday, May 5, 2008", "St James' Park (52,305)"
Arsenal, 1, 0, Everton, "Sunday, May 4, 2008", "Emirates Stadium (60,123)"
Liverpool, 1, 0, Manchester City, "Sunday, May 4, 2008", "Anfield (43,074)"
Manchester United, 4, 1, West Ham United, "Saturday, May 3, 2008", "Old Trafford (76,013)"
Aston Villa, 0, 2, Wigan Athletic, "Saturday, May 3, 2008", "Villa Park (42,640)"
Blackburn Rovers, 3, 1, Derby County, "Saturday, May 3, 2008", "Ewood Park (26,110)"
Fulham, 2, 0, Birmingham City, "Saturday, May 3, 2008", "Craven Cottage (25,308)"
Middlesbrough, 2, 0, Portsmouth, "Saturday, May 3, 2008", "The Riverside Stadium (24,828)"
Reading, 0, 1, Tottenham Hotspur, "Saturday, May 3, 2008", "Madejski Stadium (24,125)"
Bolton Wanderers, 2, 0, Sunderland, "Saturday, May 3, 2008", "Reebok Stadium (25,053)"
Derby County, 2, 6, Arsenal, "Monday, April 28, 2008", "Pride Park Stadium (33,003)"
Portsmouth, 0, 1, Blackburn Rovers, "Sunday, April 27, 2008", "Fratton Park (18,722)"
Everton, 2, 2, Aston Villa, "Sunday, April 27, 2008", "Goodison Park (37,936)"
Chelsea, 2, 1, Manchester United, "Saturday, April 26, 2008", "Stamford Bridge (41,828)"
Birmingham City, 2, 2, Liverpool, "Saturday, April 26, 2008", "St Andrews Stadium (29,252)"
Manchester City, 2, 3, Fulham, "Saturday, April 26, 2008", "City of Manchester Stadium (44,504)"
Sunderland, 3, 2, Middlesbrough, "Saturday, April 26, 2008", "Stadium of Light (45,059)"
Tottenham Hotspur, 1, 1, Bolton Wanderers, "Saturday, April 26, 2008", "White Hart Lane (36,176)"
West Ham United, 2, 2, Newcastle United, "Saturday, April 26, 2008", "Upton Park (34,980)"
Wigan Athletic, 0, 0, Reading, "Saturday, April 26, 2008", "The JJB Stadium (19,043)"
Aston Villa, 5, 1, Birmingham City, "Sunday, April 20, 2008", "Villa Park (42,584)"
Newcastle United, 2, 0, Sunderland, "Sunday, April 20, 2008", "St James' Park (52,305)"
Manchester City, 3, 1, Portsmouth, "Sunday, April 20, 2008", "City of Manchester Stadium (40,205)"
Arsenal, 2, 0, Reading, "Saturday, April 19, 2008", "Emirates Stadium (60,109)"
Fulham, 0, 2, Liverpool, "Saturday, April 19, 2008", "Craven Cottage (25,311)"
Middlesbrough, 0, 1, Bolton Wanderers, "Saturday, April 19, 2008", "The Riverside Stadium (25,037)"
West Ham United, 2, 1, Derby County, "Saturday, April 19, 2008", "Upton Park (34,612)"
Wigan Athletic, 1, 1, Tottenham Hotspur, "Saturday, April 19, 2008", "The JJB Stadium (18,673)"
Blackburn Rovers, 1, 1, Manchester United, "Saturday, April 19, 2008", "Ewood Park (30,316)"
Everton, 0, 1, Chelsea, "Thursday, April 17, 2008", "Goodison Park (37,112)"
Chelsea, 1, 1, Wigan Athletic, "Monday, April 14, 2008", "Stamford Bridge (40,487)"
Liverpool, 3, 1, Blackburn Rovers, "Sunday, April 13, 2008", "Anfield (43,283)"
Manchester United, 2, 1, Arsenal, "Sunday, April 13, 2008", "Old Trafford (75,985)"
Birmingham City, 1, 1, Everton, "Saturday, April 12, 2008", "St Andrews Stadium (25,923)"
Bolton Wanderers, 1, 0, West Ham United, "Saturday, April 12, 2008", "Reebok Stadium (23,043)"
Derby County, 0, 6, Aston Villa, "Saturday, April 12, 2008", "Pride Park Stadium (33,036)"
Reading, 0, 2, Fulham, "Saturday, April 12, 2008", "Madejski Stadium (24,112)"
Sunderland, 1, 2, Manchester City, "Saturday, April 12, 2008", "Stadium of Light (46,797)"
Tottenham Hotspur, 1, 1, Middlesbrough, "Saturday, April 12, 2008", "White Hart Lane (36,092)"
Portsmouth, 0, 0, Newcastle United, "Saturday, April 12, 2008", "Fratton Park (20,507)"
West Ham United, 0, 1, Portsmouth, "Tuesday, April 8, 2008", "Upton Park (33,629)"
Middlesbrough, 2, 2, Manchester United, "Sunday, April 6, 2008", "The Riverside Stadium (33,952)"
Everton, 1, 0, Derby County, "Sunday, April 6, 2008", "Goodison Park (36,017)"
Arsenal, 1, 1, Liverpool, "Saturday, April 5, 2008", "Emirates Stadium (60,111)"
Aston Villa, 4, 0, Bolton Wanderers, "Saturday, April 5, 2008", "Villa Park (37,773)"
Blackburn Rovers, 1, 1, Tottenham Hotspur, "Saturday, April 5, 2008", "Ewood Park (24,592)"
Fulham, 1, 3, Sunderland, "Saturday, April 5, 2008", "Craven Cottage (25,053)"
Manchester City, 0, 2, Chelsea, "Saturday, April 5, 2008", "City of Manchester Stadium (42,594)"
Newcastle United, 3, 0, Reading, "Saturday, April 5, 2008", "St James' Park (52,179)"
Wigan Athletic, 2, 0, Birmingham City, "Saturday, April 5, 2008", "The JJB Stadium (17,926)"
Chelsea, 1, 0, Middlesbrough, "Sunday, March 30, 2008", "Stamford Bridge (39,993)"
Tottenham Hotspur, 1, 4, Newcastle United, "Sunday, March 30, 2008", "White Hart Lane (36,067)"
Liverpool, 1, 0, Everton, "Sunday, March 30, 2008", "Anfield (44,295)"
Birmingham City, 3, 1, Manchester City, "Saturday, March 29, 2008", "St Andrews Stadium (22,962)"
Bolton Wanderers, 2, 3, Arsenal, "Saturday, March 29, 2008", "Reebok Stadium (22,431)"
Derby County, 2, 2, Fulham, "Saturday, March 29, 2008", "Pride Park Stadium (33,034)"
Portsmouth, 2, 0, Wigan Athletic, "Saturday, March 29, 2008", "Fratton Park (18,623)"
Reading, 0, 0, Blackburn Rovers, "Saturday, March 29, 2008", "Madejski Stadium (24,374)"
Sunderland, 2, 1, West Ham United, "Saturday, March 29, 2008", "Stadium of Light (45,690)"
Manchester United, 4, 0, Aston Villa, "Saturday, March 29, 2008", "Old Trafford (75,932)"
Manchester United, 3, 0, Liverpool, "Sunday, March 23, 2008", "Old Trafford (76,000)"
Chelsea, 2, 1, Arsenal, "Sunday, March 23, 2008", "Stamford Bridge (41,824)"
Tottenham Hotspur, 2, 0, Portsmouth, "Saturday, March 22, 2008", "White Hart Lane (35,998)"
Aston Villa, 0, 1, Sunderland, "Saturday, March 22, 2008", "Villa Park (42,640)"
Blackburn Rovers, 3, 1, Wigan Athletic, "Saturday, March 22, 2008", "Ewood Park (23,541)"
Bolton Wanderers, 0, 0, Manchester City, "Saturday, March 22, 2008", "Reebok Stadium (22,633)"
Middlesbrough, 1, 0, Derby County, "Saturday, March 22, 2008", "The Riverside Stadium (25,649)"
Newcastle United, 2, 0, Fulham, "Saturday, March 22, 2008", "St James' Park (52,293)"
Reading, 2, 1, Birmingham City, "Saturday, March 22, 2008", "Madejski Stadium (24,085)"
Everton, 1, 1, West Ham United, "Saturday, March 22, 2008", "Goodison Park (37,430)"
Manchester United, 2, 0, Bolton Wanderers, "Wednesday, March 19, 2008", "Old Trafford (75,476)"
Tottenham Hotspur, 4, 4, Chelsea, "Wednesday, March 19, 2008", "White Hart Lane (36,178)"
Birmingham City, 1, 1, Newcastle United, "Monday, March 17, 2008", "St Andrews Stadium (25,777)"
Fulham, 1, 0, Everton, "Sunday, March 16, 2008", "Craven Cottage (25,262)"
Wigan Athletic, 1, 0, Bolton Wanderers, "Sunday, March 16, 2008", "The JJB Stadium (17,055)"
Manchester City, 2, 1, Tottenham Hotspur, "Sunday, March 16, 2008", "City of Manchester Stadium (40,180)"
Derby County, 0, 1, Manchester United, "Saturday, March 15, 2008", "Pride Park Stadium (33,072)"
Liverpool, 2, 1, Reading, "Saturday, March 15, 2008", "Anfield (43,524)"
Portsmouth, 2, 0, Aston Villa, "Saturday, March 15, 2008", "Fratton Park (20,388)"
Sunderland, 0, 1, Chelsea, "Saturday, March 15, 2008", "Stadium of Light (44,679)"
West Ham United, 2, 1, Blackburn Rovers, "Saturday, March 15, 2008", "Upton Park (34,006)"
Arsenal, 1, 1, Middlesbrough, "Saturday, March 15, 2008", "Emirates Stadium (60,084)"
Aston Villa, 1, 1, Middlesbrough, "Wednesday, March 12, 2008", "Villa Park (39,874)"
Portsmouth, 4, 2, Birmingham City, "Wednesday, March 12, 2008", "Fratton Park (20,138)"
Chelsea, 6, 1, Derby County, "Wednesday, March 12, 2008", "Stamford Bridge (39,447)"
Sunderland, 0, 1, Everton, "Sunday, March 9, 2008", "Stadium of Light (42,595)"
Tottenham Hotspur, 4, 0, West Ham United, "Sunday, March 9, 2008", "White Hart Lane (36,062)"
Wigan Athletic, 0, 0, Arsenal, "Sunday, March 9, 2008", "The JJB Stadium (19,676)"
Blackburn Rovers, 1, 1, Fulham, "Saturday, March 8, 2008", "Ewood Park (20,362)"
Liverpool, 3, 0, Newcastle United, "Saturday, March 8, 2008", "Anfield (44,031)"
Reading, 2, 0, Manchester City, "Saturday, March 8, 2008", "Madejski Stadium (24,062)"
Liverpool, 4, 0, West Ham United, "Wednesday, March 5, 2008", "Anfield (42,954)"
Bolton Wanderers, 1, 3, Liverpool, "Sunday, March 2, 2008", "Reebok Stadium (24,004)"
Everton, 3, 1, Portsmouth, "Sunday, March 2, 2008", "Goodison Park (33,938)"
Arsenal, 1, 1, Aston Villa, "Saturday, March 1, 2008", "Emirates Stadium (60,097)"
Birmingham City, 4, 1, Tottenham Hotspur, "Saturday, March 1, 2008", "St Andrews Stadium (26,055)"
Derby County, 0, 0, Sunderland, "Saturday, March 1, 2008", "Pride Park Stadium (33,058)"
Fulham, 0, 3, Manchester United, "Saturday, March 1, 2008", "Craven Cottage (25,314)"
Middlesbrough, 0, 1, Reading, "Saturday, March 1, 2008", "The Riverside Stadium (23,273)"
Newcastle United, 0, 1, Blackburn Rovers, "Saturday, March 1, 2008", "St James' Park (50,796)"
West Ham United, 0, 4, Chelsea, "Saturday, March 1, 2008", "Upton Park (34,969)"
Manchester City, 0, 0, Wigan Athletic, "Saturday, March 1, 2008", "City of Manchester Stadium (38,261)"
Manchester City, 0, 2, Everton, "Monday, February 25, 2008", "City of Manchester Stadium (41,728)"
Reading, 1, 2, Aston Villa, "Sunday, February 24, 2008", "Madejski Stadium (23,889)"
Blackburn Rovers, 4, 1, Bolton Wanderers, "Sunday, February 24, 2008", "Ewood Park (23,995)"
Birmingham City, 2, 2, Arsenal, "Saturday, February 23, 2008", "St Andrews Stadium (27,195)"
Fulham, 0, 1, West Ham United, "Saturday, February 23, 2008", "Craven Cottage (25,280)"
Liverpool, 3, 2, Middlesbrough, "Saturday, February 23, 2008", "Anfield (43,612)"
Portsmouth, 1, 0, Sunderland, "Saturday, February 23, 2008", "Fratton Park (20,139)"
Wigan Athletic, 2, 0, Derby County, "Saturday, February 23, 2008", "The JJB Stadium (20,176)"
Newcastle United, 1, 5, Manchester United, "Saturday, February 23, 2008", "St James' Park (52,291)"
Arsenal, 2, 0, Blackburn Rovers, "Monday, February 11, 2008", "Emirates Stadium (60,049)"
Manchester United, 1, 2, Manchester City, "Sunday, February 10, 2008", "Old Trafford (75,970)"
Chelsea, 0, 0, Liverpool, "Sunday, February 10, 2008", "Stamford Bridge (41,788)"
Aston Villa, 4, 1, Newcastle United, "Saturday, February 9, 2008", "Villa Park (42,640)"
Bolton Wanderers, 0, 1, Portsmouth, "Saturday, February 9, 2008", "Reebok Stadium (18,544)"
Derby County, 0, 3, Tottenham Hotspur, "Saturday, February 9, 2008", "Pride Park Stadium (33,058)"
Everton, 1, 0, Reading, "Saturday, February 9, 2008", "Goodison Park (36,582)"
Middlesbrough, 1, 0, Fulham, "Saturday, February 9, 2008", "The Riverside Stadium (26,885)"
Sunderland, 2, 0, Wigan Athletic, "Saturday, February 9, 2008", "Stadium of Light (43,600)"
West Ham United, 1, 1, Birmingham City, "Saturday, February 9, 2008", "Upton Park (34,884)"
Newcastle United, 1, 1, Middlesbrough, "Sunday, February 3, 2008", "St James' Park (51,105)"
Fulham, 2, 1, Aston Villa, "Sunday, February 3, 2008", "Craven Cottage (24,760)"
Manchester City, 1, 3, Arsenal, "Saturday, February 2, 2008", "City of Manchester Stadium (46,426)"
Birmingham City, 1, 1, Derby County, "Saturday, February 2, 2008", "St Andrews Stadium (25,924)"
Blackburn Rovers, 0, 0, Everton, "Saturday, February 2, 2008", "Ewood Park (27,946)"
Portsmouth, 1, 1, Chelsea, "Saturday, February 2, 2008", "Fratton Park (20,488)"
Reading, 0, 2, Bolton Wanderers, "Saturday, February 2, 2008", "Madejski Stadium (21,893)"
Tottenham Hotspur, 1, 1, Manchester United, "Saturday, February 2, 2008", "White Hart Lane (36,075)"
Wigan Athletic, 1, 0, West Ham United, "Saturday, February 2, 2008", "The JJB Stadium (20,525)"
Liverpool, 3, 0, Sunderland, "Saturday, February 2, 2008", "Anfield (43,244)"
Chelsea, 1, 0, Reading, "Wednesday, January 30, 2008", "Stamford Bridge (41,171)"
Derby County, 1, 1, Manchester City, "Wednesday, January 30, 2008", "Pride Park Stadium (31,368)"
West Ham United, 1, 0, Liverpool, "Wednesday, January 30, 2008", "Upton Park (34,977)"
Everton, 0, 0, Tottenham Hotspur, "Wednesday, January 30, 2008", "Goodison Park (35,840)"
Manchester United, 2, 0, Portsmouth, "Wednesday, January 30, 2008", "Old Trafford (75,415)"
Arsenal, 3, 0, Newcastle United, "Tuesday, January 29, 2008", "Emirates Stadium (60,127)"
Bolton Wanderers, 0, 0, Fulham, "Tuesday, January 29, 2008", "Reebok Stadium (17,732)"
Middlesbrough, 1, 0, Wigan Athletic, "Tuesday, January 29, 2008", "The Riverside Stadium (22,963)"
Sunderland, 2, 0, Birmingham City, "Tuesday, January 29, 2008", "Stadium of Light (37,674)"
Aston Villa, 1, 1, Blackburn Rovers, "Saturday, January 26, 2008", "Villa Park (39,602)"
Liverpool, 2, 2, Aston Villa, "Monday, January 21, 2008", "Anfield (42,590)"
Wigan Athletic, 1, 2, Everton, "Sunday, January 20, 2008", "The JJB Stadium (18,820)"
Manchester City, 1, 1, West Ham United, "Sunday, January 20, 2008", "City of Manchester Stadium (39,042)"
Birmingham City, 0, 1, Chelsea, "Saturday, January 19, 2008", "St Andrews Stadium (26,567)"
Blackburn Rovers, 1, 1, Middlesbrough, "Saturday, January 19, 2008", "Ewood Park (21,687)"
Fulham, 0, 3, Arsenal, "Saturday, January 19, 2008", "Craven Cottage (25,297)"
Portsmouth, 3, 1, Derby County, "Saturday, January 19, 2008", "Fratton Park (19,401)"
Reading, 0, 2, Manchester United, "Saturday, January 19, 2008", "Madejski Stadium (24,135)"
Tottenham Hotspur, 2, 0, Sunderland, "Saturday, January 19, 2008", "White Hart Lane (36,070)"
Newcastle United, 0, 0, Bolton Wanderers, "Saturday, January 19, 2008", "St James' Park (52,250)"
Sunderland, 2, 0, Portsmouth, "Sunday, January 13, 2008", "Stadium of Light (37,369)"
Bolton Wanderers, 1, 2, Blackburn Rovers, "Sunday, January 13, 2008", "Reebok Stadium (18,315)"
Arsenal, 1, 1, Birmingham City, "Saturday, January 12, 2008", "Emirates Stadium (60,037)"
Aston Villa, 3, 1, Reading, "Saturday, January 12, 2008", "Villa Park (32,288)"
Chelsea, 2, 0, Tottenham Hotspur, "Saturday, January 12, 2008", "Stamford Bridge (41,777)"
Derby County, 0, 1, Wigan Athletic, "Saturday, January 12, 2008", "Pride Park Stadium (31,658)"
Everton, 1, 0, Manchester City, "Saturday, January 12, 2008", "Goodison Park (38,474)"
Middlesbrough, 1, 1, Liverpool, "Saturday, January 12, 2008", "The Riverside Stadium (33,035)"
West Ham United, 2, 1, Fulham, "Saturday, January 12, 2008", "Upton Park (34,947)"
Manchester United, 6, 0, Newcastle United, "Saturday, January 12, 2008", "Old Trafford (75,965)"
Newcastle United, 0, 2, Manchester City, "Wednesday, January 2, 2008", "St James' Park (50,956)"
Blackburn Rovers, 1, 0, Sunderland, "Wednesday, January 2, 2008", "Ewood Park (23,212)"
Bolton Wanderers, 1, 0, Derby County, "Wednesday, January 2, 2008", "Reebok Stadium (17,014)"
Liverpool, 1, 1, Wigan Athletic, "Wednesday, January 2, 2008", "Anfield (42,308)"
Fulham, 1, 2, Chelsea, "Tuesday, January 1, 2008", "Craven Cottage (25,357)"
Arsenal, 2, 0, West Ham United, "Tuesday, January 1, 2008", "Emirates Stadium (60,102)"
Manchester United, 1, 0, Birmingham City, "Tuesday, January 1, 2008", "Old Trafford (75,459)"
Middlesbrough, 0, 2, Everton, "Tuesday, January 1, 2008", "The Riverside Stadium (27,028)"
Reading, 0, 2, Portsmouth, "Tuesday, January 1, 2008", "Madejski Stadium (24,084)"
Aston Villa, 2, 1, Tottenham Hotspur, "Tuesday, January 1, 2008", "Villa Park (41,609)"
Derby County, 1, 2, Blackburn Rovers, "Sunday, December 30, 2007", "Pride Park Stadium (30,048)"
Manchester City, 0, 0, Liverpool, "Sunday, December 30, 2007", "City of Manchester Stadium (47,321)"
Birmingham City, 1, 1, Fulham, "Saturday, December 29, 2007", "St Andrews Stadium (28,923)"
Chelsea, 2, 1, Newcastle United, "Saturday, December 29, 2007", "Stamford Bridge (41,751)"
Portsmouth, 0, 1, Middlesbrough, "Saturday, December 29, 2007", "Fratton Park (20,089)"
Sunderland, 3, 1, Bolton Wanderers, "Saturday, December 29, 2007", "Stadium of Light (42,058)"
Tottenham Hotspur, 6, 4, Reading, "Saturday, December 29, 2007", "White Hart Lane (36,178)"
West Ham United, 2, 1, Manchester United, "Saturday, December 29, 2007", "Upton Park (34,966)"
Wigan Athletic, 1, 2, Aston Villa, "Saturday, December 29, 2007", "The JJB Stadium (18,806)"
Everton, 1, 4, Arsenal, "Saturday, December 29, 2007", "Goodison Park (39,443)"
Manchester City, 2, 2, Blackburn Rovers, "Thursday, December 27, 2007", "City of Manchester Stadium (42,112)"
Chelsea, 4, 4, Aston Villa, "Wednesday, December 26, 2007", "Stamford Bridge (41,686)"
Tottenham Hotspur, 5, 1, Fulham, "Wednesday, December 26, 2007", "White Hart Lane (36,077)"
West Ham United, 1, 1, Reading, "Wednesday, December 26, 2007", "Upton Park (34,277)"
Birmingham City, 3, 0, Middlesbrough, "Wednesday, December 26, 2007", "St Andrews Stadium (24,094)"
Derby County, 1, 2, Liverpool, "Wednesday, December 26, 2007", "Pride Park Stadium (33,029)"
Everton, 2, 0, Bolton Wanderers, "Wednesday, December 26, 2007", "Goodison Park (38,918)"
Sunderland, 0, 4, Manchester United, "Wednesday, December 26, 2007", "Stadium of Light (47,360)"
Wigan Athletic, 1, 0, Newcastle United, "Wednesday, December 26, 2007", "The JJB Stadium (20,304)"
Portsmouth, 0, 0, Arsenal, "Wednesday, December 26, 2007", "Fratton Park (20,556)"
Manchester United, 2, 1, Everton, "Sunday, December 23, 2007", "Old Trafford (75,749)"
Newcastle United, 2, 2, Derby County, "Sunday, December 23, 2007", "St James' Park (51,386)"
Blackburn Rovers, 0, 1, Chelsea, "Sunday, December 23, 2007", "Ewood Park (23,966)"
Arsenal, 2, 1, Tottenham Hotspur, "Saturday, December 22, 2007", "Emirates Stadium (60,087)"
Aston Villa, 1, 1, Manchester City, "Saturday, December 22, 2007", "Villa Park (41,455)"
Bolton Wanderers, 3, 0, Birmingham City, "Saturday, December 22, 2007", "Reebok Stadium (19,111)"
Fulham, 1, 1, Wigan Athletic, "Saturday, December 22, 2007", "Craven Cottage (20,820)"
Liverpool, 4, 1, Portsmouth, "Saturday, December 22, 2007", "Anfield (43,071)"
Middlesbrough, 1, 2, West Ham United, "Saturday, December 22, 2007", "The Riverside Stadium (26,007)"
Reading, 2, 1, Sunderland, "Saturday, December 22, 2007", "Madejski Stadium (24,082)"
Liverpool, 0, 1, Manchester United, "Sunday, December 16, 2007", "Anfield (44,459)"
Arsenal, 1, 0, Chelsea, "Sunday, December 16, 2007", "Emirates Stadium (60,139)"
Birmingham City, 1, 1, Reading, "Saturday, December 15, 2007", "St Andrews Stadium (27,300)"
Derby County, 0, 1, Middlesbrough, "Saturday, December 15, 2007", "Pride Park Stadium (32,676)"
Manchester City, 4, 2, Bolton Wanderers, "Saturday, December 15, 2007", "City of Manchester Stadium (40,506)"
Portsmouth, 0, 1, Tottenham Hotspur, "Saturday, December 15, 2007", "Fratton Park (20,520)"
Sunderland, 1, 1, Aston Villa, "Saturday, December 15, 2007", "Stadium of Light (43,248)"
West Ham United, 0, 2, Everton, "Saturday, December 15, 2007", "Upton Park (34,430)"
Wigan Athletic, 5, 3, Blackburn Rovers, "Saturday, December 15, 2007", "The JJB Stadium (16,489)"
Fulham, 0, 1, Newcastle United, "Saturday, December 15, 2007", "Craven Cottage (24,959)"
Middlesbrough, 2, 1, Arsenal, "Sunday, December 9, 2007", "The Riverside Stadium (26,428)"
Bolton Wanderers, 4, 1, Wigan Athletic, "Sunday, December 9, 2007", "Reebok Stadium (20,309)"
Tottenham Hotspur, 2, 1, Manchester City, "Sunday, December 9, 2007", "White Hart Lane (35,646)"
Blackburn Rovers, 0, 1, West Ham United, "Sunday, December 9, 2007", "Ewood Park (20,870)"
Aston Villa, 1, 3, Portsmouth, "Saturday, December 8, 2007", "Villa Park (35,790)"
Chelsea, 2, 0, Sunderland, "Saturday, December 8, 2007", "Stamford Bridge (41,707)"
Everton, 3, 0, Fulham, "Saturday, December 8, 2007", "Goodison Park (32,743)"
Manchester United, 4, 1, Derby County, "Saturday, December 8, 2007", "Old Trafford (75,725)"
Newcastle United, 2, 1, Birmingham City, "Saturday, December 8, 2007", "St James' Park (49,948)"
Reading, 3, 1, Liverpool, "Saturday, December 8, 2007", "Madejski Stadium (24,022)"
Newcastle United, 1, 1, Arsenal, "Wednesday, December 5, 2007", "St James' Park (50,305)"
Manchester United, 2, 0, Fulham, "Monday, December 3, 2007", "Old Trafford (75,055)"
Liverpool, 4, 0, Bolton Wanderers, "Sunday, December 2, 2007", "Anfield (43,270)"
Tottenham Hotspur, 2, 3, Birmingham City, "Sunday, December 2, 2007", "White Hart Lane (35,635)"
Chelsea, 1, 0, West Ham United, "Saturday, December 1, 2007", "Stamford Bridge (41,830)"
Blackburn Rovers, 3, 1, Newcastle United, "Saturday, December 1, 2007", "Ewood Park (27,477)"
Portsmouth, 0, 0, Everton, "Saturday, December 1, 2007", "Fratton Park (20,102)"
Reading, 1, 1, Middlesbrough, "Saturday, December 1, 2007", "Madejski Stadium (22,262)"
Sunderland, 1, 0, Derby County, "Saturday, December 1, 2007", "Stadium of Light (42,380)"
Wigan Athletic, 1, 1, Manchester City, "Saturday, December 1, 2007", "The JJB Stadium (18,614)"
Aston Villa, 1, 2, Arsenal, "Saturday, December 1, 2007", "Villa Park (42,018)"
Blackburn Rovers, 0, 4, Aston Villa, "Wednesday, November 28, 2007", "Ewood Park (20,776)"
West Ham United, 1, 1, Tottenham Hotspur, "Sunday, November 25, 2007", "Upton Park (34,966)"
Fulham, 2, 2, Blackburn Rovers, "Sunday, November 25, 2007", "Craven Cottage (22,826)"
Newcastle United, 0, 3, Liverpool, "Saturday, November 24, 2007", "St James' Park (52,307)"
Arsenal, 2, 0, Wigan Athletic, "Saturday, November 24, 2007", "Emirates Stadium (60,126)"
Birmingham City, 0, 2, Portsmouth, "Saturday, November 24, 2007", "St Andrews Stadium (22,089)"
Bolton Wanderers, 1, 0, Manchester United, "Saturday, November 24, 2007", "Reebok Stadium (25,028)"
Everton, 7, 1, Sunderland, "Saturday, November 24, 2007", "Goodison Park (38,594)"
Manchester City, 2, 1, Reading, "Saturday, November 24, 2007", "City of Manchester Stadium (43,813)"
Middlesbrough, 0, 3, Aston Villa, "Saturday, November 24, 2007", "The Riverside Stadium (23,900)"
Derby County, 0, 2, Chelsea, "Saturday, November 24, 2007", "Pride Park Stadium (32,789)"
Reading, 1, 3, Arsenal, "Monday, November 12, 2007", "Madejski Stadium (24,024)"
Birmingham City, 1, 2, Aston Villa, "Sunday, November 11, 2007", "St Andrews Stadium (26,539)"
Chelsea, 1, 1, Everton, "Sunday, November 11, 2007", "Stamford Bridge (41,683)"
Bolton Wanderers, 0, 0, Middlesbrough, "Sunday, November 11, 2007", "Reebok Stadium (17,624)"
Manchester United, 2, 0, Blackburn Rovers, "Sunday, November 11, 2007", "Old Trafford (75,710)"
Tottenham Hotspur, 4, 0, Wigan Athletic, "Sunday, November 11, 2007", "White Hart Lane (35,504)"
Portsmouth, 0, 0, Manchester City, "Sunday, November 11, 2007", "Fratton Park (19,529)"
Sunderland, 1, 1, Newcastle United, "Saturday, November 10, 2007", "Stadium of Light (47,701)"
Derby County, 0, 5, West Ham United, "Saturday, November 10, 2007", "Pride Park Stadium (32,440)"
Liverpool, 2, 0, Fulham, "Saturday, November 10, 2007", "Anfield (43,073)"
Manchester City, 1, 0, Sunderland, "Monday, November 5, 2007", "City of Manchester Stadium (40,038)"
West Ham United, 1, 1, Bolton Wanderers, "Sunday, November 4, 2007", "Upton Park (33,867)"
Arsenal, 2, 2, Manchester United, "Saturday, November 3, 2007", "Emirates Stadium (60,161)"
Aston Villa, 2, 0, Derby County, "Saturday, November 3, 2007", "Villa Park (40,938)"
Everton, 3, 1, Birmingham City, "Saturday, November 3, 2007", "Goodison Park (35,155)"
Fulham, 3, 1, Reading, "Saturday, November 3, 2007", "Craven Cottage (22,086)"
Middlesbrough, 1, 1, Tottenham Hotspur, "Saturday, November 3, 2007", "The Riverside Stadium (25,625)"
Newcastle United, 1, 4, Portsmouth, "Saturday, November 3, 2007", "St James' Park (51,490)"
Wigan Athletic, 0, 2, Chelsea, "Saturday, November 3, 2007", "The JJB Stadium (19,011)"
Blackburn Rovers, 0, 0, Liverpool, "Saturday, November 3, 2007", "Ewood Park (30,033)"
Bolton Wanderers, 1, 1, Aston Villa, "Sunday, October 28, 2007", "Reebok Stadium (18,413)"
Derby County, 0, 2, Everton, "Sunday, October 28, 2007", "Pride Park Stadium (33,048)"
Tottenham Hotspur, 1, 2, Blackburn Rovers, "Sunday, October 28, 2007", "White Hart Lane (36,086)"
Liverpool, 1, 1, Arsenal, "Sunday, October 28, 2007", "Anfield (44,122)"
Birmingham City, 3, 2, Wigan Athletic, "Saturday, October 27, 2007", "St Andrews Stadium (27,661)"
Chelsea, 6, 0, Manchester City, "Saturday, October 27, 2007", "Stamford Bridge (41,832)"
Manchester United, 4, 1, Middlesbrough, "Saturday, October 27, 2007", "Old Trafford (75,720)"
Reading, 2, 1, Newcastle United, "Saturday, October 27, 2007", "Madejski Stadium (24,119)"
Sunderland, 1, 1, Fulham, "Saturday, October 27, 2007", "Stadium of Light (39,392)"
Portsmouth, 0, 0, West Ham United, "Saturday, October 27, 2007", "Fratton Park (20,525)"
Newcastle United, 3, 1, Tottenham Hotspur, "Monday, October 22, 2007", "St James' Park (51,411)"
West Ham United, 3, 1, Sunderland, "Sunday, October 21, 2007", "Upton Park (34,913)"
Everton, 1, 2, Liverpool, "Saturday, October 20, 2007", "Goodison Park (40,049)"
Arsenal, 2, 0, Bolton Wanderers, "Saturday, October 20, 2007", "Emirates Stadium (59,442)"
Blackburn Rovers, 4, 2, Reading, "Saturday, October 20, 2007", "Ewood Park (19,425)"
Fulham, 0, 0, Derby County, "Saturday, October 20, 2007", "Craven Cottage (22,576)"
Manchester City, 1, 0, Birmingham City, "Saturday, October 20, 2007", "City of Manchester Stadium (45,688)"
Middlesbrough, 0, 2, Chelsea, "Saturday, October 20, 2007", "The Riverside Stadium (27,699)"
Wigan Athletic, 0, 2, Portsmouth, "Saturday, October 20, 2007", "The JJB Stadium (17,695)"
Aston Villa, 1, 4, Manchester United, "Saturday, October 20, 2007", "Villa Park (42,640)"
Arsenal, 3, 2, Sunderland, "Sunday, October 7, 2007", "Emirates Stadium (60,098)"
Reading, 1, 0, Derby County, "Sunday, October 7, 2007", "Madejski Stadium (23,091)"
Blackburn Rovers, 2, 1, Birmingham City, "Sunday, October 7, 2007", "Ewood Park (19,316)"
Bolton Wanderers, 0, 1, Chelsea, "Sunday, October 7, 2007", "Reebok Stadium (20,059)"
Liverpool, 2, 2, Tottenham Hotspur, "Sunday, October 7, 2007", "Anfield (43,986)"
Manchester City, 3, 1, Middlesbrough, "Sunday, October 7, 2007", "City of Manchester Stadium (40,438)"
Newcastle United, 3, 2, Everton, "Sunday, October 7, 2007", "St James' Park (50,152)"
Fulham, 0, 2, Portsmouth, "Sunday, October 7, 2007", "Craven Cottage (20,774)"
Manchester United, 4, 0, Wigan Athletic, "Saturday, October 6, 2007", "Old Trafford (75,300)"
Aston Villa, 1, 0, West Ham United, "Saturday, October 6, 2007", "Villa Park (40,842)"
Tottenham Hotspur, 4, 4, Aston Villa, "Monday, October 1, 2007", "White Hart Lane (36,094)"
Everton, 2, 0, Middlesbrough, "Sunday, September 30, 2007", "Goodison Park (31,885)"
Manchester City, 3, 1, Newcastle United, "Saturday, September 29, 2007", "City of Manchester Stadium (40,606)"
Chelsea, 0, 0, Fulham, "Saturday, September 29, 2007", "Stamford Bridge (41,837)"
Derby County, 1, 1, Bolton Wanderers, "Saturday, September 29, 2007", "Pride Park Stadium (31,503)"
Portsmouth, 7, 4, Reading, "Saturday, September 29, 2007", "Fratton Park (20,102)"
Sunderland, 1, 2, Blackburn Rovers, "Saturday, September 29, 2007", "Stadium of Light (41,252)"
West Ham United, 0, 1, Arsenal, "Saturday, September 29, 2007", "Upton Park (34,966)"
Wigan Athletic, 0, 1, Liverpool, "Saturday, September 29, 2007", "The JJB Stadium (24,311)"
Birmingham City, 0, 1, Manchester United, "Saturday, September 29, 2007", "St Andrews Stadium (26,526)"
Newcastle United, 3, 1, West Ham United, "Sunday, September 23, 2007", "St James' Park (50,104)"
Aston Villa, 2, 0, Everton, "Sunday, September 23, 2007", "Villa Park (38,235)"
Blackburn Rovers, 0, 1, Portsmouth, "Sunday, September 23, 2007", "Ewood Park (19,506)"
Bolton Wanderers, 1, 1, Tottenham Hotspur, "Sunday, September 23, 2007", "Reebok Stadium (20,308)"
Manchester United, 2, 0, Chelsea, "Sunday, September 23, 2007", "Old Trafford (75,663)"
Arsenal, 5, 0, Derby County, "Saturday, September 22, 2007", "Emirates Stadium (60,122)"
Liverpool, 0, 0, Birmingham City, "Saturday, September 22, 2007", "Anfield (44,215)"
Middlesbrough, 2, 2, Sunderland, "Saturday, September 22, 2007", "The Riverside Stadium (30,675)"
Reading, 2, 1, Wigan Athletic, "Saturday, September 22, 2007", "Madejski Stadium (21,379)"
Fulham, 3, 3, Manchester City, "Saturday, September 22, 2007", "Craven Cottage (24,674)"
Derby County, 1, 0, Newcastle United, "Monday, September 17, 2007", "Pride Park Stadium (33,016)"
Manchester City, 1, 0, Aston Villa, "Sunday, September 16, 2007", "City of Manchester Stadium (38,363)"
Everton, 0, 1, Manchester United, "Saturday, September 15, 2007", "Goodison Park (39,364)"
Portsmouth, 0, 0, Liverpool, "Saturday, September 15, 2007", "Fratton Park (20,388)"
Tottenham Hotspur, 1, 3, Arsenal, "Saturday, September 15, 2007", "White Hart Lane (36,053)"
Birmingham City, 1, 0, Bolton Wanderers, "Saturday, September 15, 2007", "St Andrews Stadium (28,124)"
Sunderland, 2, 1, Reading, "Saturday, September 15, 2007", "Stadium of Light (39,272)"
West Ham United, 3, 0, Middlesbrough, "Saturday, September 15, 2007", "Upton Park (34,351)"
Wigan Athletic, 1, 1, Fulham, "Saturday, September 15, 2007", "The JJB Stadium (16,973)"
Chelsea, 0, 0, Blackburn Rovers, "Saturday, September 15, 2007", "Stamford Bridge (41,062)"
Arsenal, 3, 1, Portsmouth, "Sunday, September 2, 2007", "Emirates Stadium (60,114)"
Blackburn Rovers, 1, 0, Manchester City, "Sunday, September 2, 2007", "Ewood Park (26,881)"
Aston Villa, 2, 0, Chelsea, "Sunday, September 2, 2007", "Villa Park (37,714)"
Bolton Wanderers, 1, 2, Everton, "Saturday, September 1, 2007", "Reebok Stadium (22,064)"
Fulham, 3, 3, Tottenham Hotspur, "Saturday, September 1, 2007", "Craven Cottage (24,007)"
Liverpool, 6, 0, Derby County, "Saturday, September 1, 2007", "Anfield (44,076)"
Middlesbrough, 2, 0, Birmingham City, "Saturday, September 1, 2007", "The Riverside Stadium (22,920)"
Newcastle United, 1, 0, Wigan Athletic, "Saturday, September 1, 2007", "St James' Park (50,461)"
Reading, 0, 3, West Ham United, "Saturday, September 1, 2007", "Madejski Stadium (23,533)"
Manchester United, 1, 0, Sunderland, "Saturday, September 1, 2007", "Old Trafford (75,648)"
Middlesbrough, 2, 2, Newcastle United, "Sunday, August 26, 2007", "The Riverside Stadium (28,875)"
Manchester United, 1, 0, Tottenham Hotspur, "Sunday, August 26, 2007", "Old Trafford (75,696)"
Sunderland, 0, 2, Liverpool, "Saturday, August 25, 2007", "Stadium of Light (45,645)"
Arsenal, 1, 0, Manchester City, "Saturday, August 25, 2007", "Emirates Stadium (60,114)"
Aston Villa, 2, 1, Fulham, "Saturday, August 25, 2007", "Villa Park (36,638)"
Bolton Wanderers, 3, 0, Reading, "Saturday, August 25, 2007", "Reebok Stadium (20,023)"
Chelsea, 1, 0, Portsmouth, "Saturday, August 25, 2007", "Stamford Bridge (41,501)"
Derby County, 1, 2, Birmingham City, "Saturday, August 25, 2007", "Pride Park Stadium (31,117)"
West Ham United, 1, 1, Wigan Athletic, "Saturday, August 25, 2007", "Upton Park (33,793)"
Everton, 1, 1, Blackburn Rovers, "Saturday, August 25, 2007", "Goodison Park (33,850)"
Manchester City, 1, 0, Manchester United, "Sunday, August 19, 2007", "City of Manchester Stadium (44,955)"
Blackburn Rovers, 1, 1, Arsenal, "Sunday, August 19, 2007", "Ewood Park (24,917)"
Liverpool, 1, 1, Chelsea, "Sunday, August 19, 2007", "Anfield (43,924)"
Portsmouth, 3, 1, Bolton Wanderers, "Saturday, August 18, 2007", "Fratton Park (17,108)"
Birmingham City, 0, 1, West Ham United, "Saturday, August 18, 2007", "St Andrews Stadium (24,961)"
Fulham, 1, 2, Middlesbrough, "Saturday, August 18, 2007", "Craven Cottage (20,948)"
Reading, 1, 0, Everton, "Saturday, August 18, 2007", "Madejski Stadium (22,813)"
Tottenham Hotspur, 4, 0, Derby County, "Saturday, August 18, 2007", "White Hart Lane (35,600)"
Wigan Athletic, 3, 0, Sunderland, "Saturday, August 18, 2007", "The JJB Stadium (18,639)"
Newcastle United, 0, 0, Aston Villa, "Saturday, August 18, 2007", "St James' Park (51,049)"
Birmingham City, 2, 2, Sunderland, "Wednesday, August 15, 2007", "St Andrews Stadium (24,898)"
Fulham, 2, 1, Bolton Wanderers, "Wednesday, August 15, 2007", "Craven Cottage (21,102)"
Manchester City, 1, 0, Derby County, "Wednesday, August 15, 2007", "City of Manchester Stadium (43,620)"
Portsmouth, 1, 1, Manchester United, "Wednesday, August 15, 2007", "Fratton Park (20,510)"
Reading, 1, 2, Chelsea, "Wednesday, August 15, 2007", "Madejski Stadium (24,031)"
Wigan Athletic, 1, 0, Middlesbrough, "Wednesday, August 15, 2007", "The JJB Stadium (14,007)"
Tottenham Hotspur, 1, 3, Everton, "Tuesday, August 14, 2007", "White Hart Lane (35,716)"
Arsenal, 2, 1, Fulham, "Sunday, August 12, 2007", "Emirates Stadium (60,093)"
Chelsea, 3, 2, Birmingham City, "Sunday, August 12, 2007", "Stamford Bridge (41,590)"
Manchester United, 0, 0, Reading, "Sunday, August 12, 2007", "Old Trafford (75,655)"
Sunderland, 1, 0, Tottenham Hotspur, "Saturday, August 11, 2007", "Stadium of Light (43,967)"
Bolton Wanderers, 1, 3, Newcastle United, "Saturday, August 11, 2007", "Reebok Stadium (25,414)"
Derby County, 2, 2, Portsmouth, "Saturday, August 11, 2007", "Pride Park Stadium (32,176)"
Everton, 2, 1, Wigan Athletic, "Saturday, August 11, 2007", "Goodison Park (39,220)"
Middlesbrough, 1, 2, Blackburn Rovers, "Saturday, August 11, 2007", "The Riverside Stadium (25,058)"
West Ham United, 0, 2, Manchester City, "Saturday, August 11, 2007", "Upton Park (34,921)"
Aston Villa, 1, 2, Liverpool, "Saturday, August 11, 2007", "Villa Park (42,640)"
