home, homescore, awayscore, away, date, group
VfL Bochum, 1, 1, Borussia Monchengladbach, "Wednesday, May 25, 2011", "rewirpowerSTADION (28,650)"
Borussia Monchengladbach, 1, 0, VfL Bochum, "Thursday, May 19, 2011", "Borussia-Park (54,057)"
Bayern Munich, 2, 1, VfB Stuttgart, "Saturday, May 14, 2011", "Allianz Arena (69,000)"
Borussia Dortmund, 3, 1, Eintracht Frankfurt, "Saturday, May 14, 2011", "Signal Iduna Park (80,720)"
FC Cologne, 2, 1, Schalke 04, "Saturday, May 14, 2011", "RheinEnergieStadion (50,000)"
Hamburg SV, 1, 1, Borussia Monchengladbach, "Saturday, May 14, 2011", "Imtech Arena (57,000)"
Hannover 96, 3, 1, Nurnberg, "Saturday, May 14, 2011", "AWD-Arena (49,780)"
Kaiserslautern, 3, 2, Werder Bremen, "Saturday, May 14, 2011", "Fritz-Walter-Stadion (49,780)"
Mainz, 2, 1, St Pauli, "Saturday, May 14, 2011", "Stadion am Bruchweg (20,300)"
SC Freiburg, 0, 1, Bayer Leverkusen, "Saturday, May 14, 2011", "badenova-Stadion (24,000)"
TSG Hoffenheim, 1, 3, VfL Wolfsburg, "Saturday, May 14, 2011", "Rhein-Neckar-Arena (30,150)"
Bayer Leverkusen, 1, 1, Hamburg SV, "Saturday, May 7, 2011", "BayArena (30,210)"
Borussia Monchengladbach, 2, 0, SC Freiburg, "Saturday, May 7, 2011", "Borussia-Park (49,057)"
Eintracht Frankfurt, 0, 2, FC Cologne, "Saturday, May 7, 2011", "Commerzbank Arena (51,500)"
Nurnberg, 1, 2, TSG Hoffenheim, "Saturday, May 7, 2011", "EasyCredit-Stadion (48,548)"
Schalke 04, 1, 3, Mainz, "Saturday, May 7, 2011", "Veltins-Arena (60,309)"
St Pauli, 1, 8, Bayern Munich, "Saturday, May 7, 2011", "Millerntor-Stadion (24,487)"
VfB Stuttgart, 2, 1, Hannover 96, "Saturday, May 7, 2011", "Mercedes-Benz Arena (39,000)"
VfL Wolfsburg, 1, 2, Kaiserslautern, "Saturday, May 7, 2011", "Volkswagen Arena (30,000)"
Werder Bremen, 2, 0, Borussia Dortmund, "Saturday, May 7, 2011", "Weserstadion (40,600)"
Borussia Dortmund, 2, 0, Nurnberg, "Saturday, April 30, 2011", "Signal Iduna Park (80,720)"
FC Cologne, 2, 0, Bayer Leverkusen, "Saturday, April 30, 2011", "RheinEnergieStadion (50,000)"
Hamburg SV, 0, 2, SC Freiburg, "Saturday, April 30, 2011", "Imtech Arena (52,985)"
Hannover 96, 0, 1, Borussia Monchengladbach, "Saturday, April 30, 2011", "AWD-Arena (48,800)"
Mainz, 3, 0, Eintracht Frankfurt, "Saturday, April 30, 2011", "Stadion am Bruchweg (20,300)"
TSG Hoffenheim, 1, 2, VfB Stuttgart, "Saturday, April 30, 2011", "Rhein-Neckar-Arena (30,150)"
Bayern Munich, 4, 1, Schalke 04, "Saturday, April 30, 2011", "Allianz Arena (69,000)"
Kaiserslautern, 2, 0, St Pauli, "Friday, April 29, 2011", "Fritz-Walter-Stadion (49,780)"
Werder Bremen, 0, 1, VfL Wolfsburg, "Friday, April 29, 2011", "Weserstadion (40,000)"
VfL Wolfsburg, 4, 1, FC Cologne, "Sunday, April 24, 2011", "Volkswagen Arena (30,000)"
Nurnberg, 0, 0, Mainz, "Sunday, April 24, 2011", "EasyCredit-Stadion (48,548)"
Bayer Leverkusen, 2, 1, TSG Hoffenheim, "Saturday, April 23, 2011", "BayArena (29,313)"
Eintracht Frankfurt, 1, 1, Bayern Munich, "Saturday, April 23, 2011", "Commerzbank Arena (51,500)"
Schalke 04, 0, 1, Kaiserslautern, "Saturday, April 23, 2011", "Veltins-Arena (61,673)"
St Pauli, 1, 3, Werder Bremen, "Saturday, April 23, 2011", "Millerntor-Stadion (24,487)"
VfB Stuttgart, 3, 0, Hamburg SV, "Saturday, April 23, 2011", "Mercedes-Benz Arena (39,500)"
Borussia Monchengladbach, 1, 0, Borussia Dortmund, "Saturday, April 23, 2011", "Borussia-Park (54,057)"
SC Freiburg, 1, 3, Hannover 96, "Thursday, April 21, 2011", "badenova-Stadion (24,000)"
Bayern Munich, 5, 1, Bayer Leverkusen, "Sunday, April 17, 2011", "Allianz Arena (69,000)"
Borussia Dortmund, 3, 0, SC Freiburg, "Sunday, April 17, 2011", "Signal Iduna Park (80,720)"
FC Cologne, 1, 3, VfB Stuttgart, "Saturday, April 16, 2011", "RheinEnergieStadion (50,000)"
Hamburg SV, 0, 0, Hannover 96, "Saturday, April 16, 2011", "Imtech Arena (57,000)"
Kaiserslautern, 0, 2, Nurnberg, "Saturday, April 16, 2011", "Fritz-Walter-Stadion (49,780)"
TSG Hoffenheim, 1, 0, Eintracht Frankfurt, "Saturday, April 16, 2011", "Rhein-Neckar-Arena (30,150)"
VfL Wolfsburg, 2, 2, St Pauli, "Saturday, April 16, 2011", "Volkswagen Arena (30,000)"
Werder Bremen, 1, 1, Schalke 04, "Saturday, April 16, 2011", "Weserstadion (40,500)"
Mainz, 1, 0, Borussia Monchengladbach, "Friday, April 15, 2011", "Stadion am Bruchweg (20,300)"
Borussia Monchengladbach, 5, 1, FC Cologne, "Sunday, April 10, 2011", "Borussia-Park (53,104)"
Bayer Leverkusen, 2, 1, St Pauli, "Sunday, April 10, 2011", "BayArena (30,210)"
Hamburg SV, 1, 1, Borussia Dortmund, "Saturday, April 9, 2011", "Imtech Arena (57,000)"
Hannover 96, 2, 0, Mainz, "Saturday, April 9, 2011", "AWD-Arena (48,000)"
Nurnberg, 1, 1, Bayern Munich, "Saturday, April 9, 2011", "EasyCredit-Stadion (48,548)"
SC Freiburg, 3, 2, TSG Hoffenheim, "Saturday, April 9, 2011", "badenova-Stadion (24,000)"
Schalke 04, 1, 0, VfL Wolfsburg, "Saturday, April 9, 2011", "Veltins-Arena (61,673)"
VfB Stuttgart, 2, 4, Kaiserslautern, "Saturday, April 9, 2011", "Mercedes-Benz Arena (39,500)"
Eintracht Frankfurt, 1, 1, Werder Bremen, "Friday, April 8, 2011", "Commerzbank Arena (51,500)"
FC Cologne, 1, 0, Nurnberg, "Sunday, April 3, 2011", "RheinEnergieStadion (49,000)"
VfL Wolfsburg, 1, 1, Eintracht Frankfurt, "Sunday, April 3, 2011", "Volkswagen Arena (29,500)"
Bayern Munich, 1, 0, Borussia Monchengladbach, "Saturday, April 2, 2011", "Allianz Arena (69,000)"
Borussia Dortmund, 4, 1, Hannover 96, "Saturday, April 2, 2011", "Signal Iduna Park (80,720)"
Kaiserslautern, 0, 1, Bayer Leverkusen, "Saturday, April 2, 2011", "Fritz-Walter-Stadion (46,050)"
Mainz, 1, 1, SC Freiburg, "Saturday, April 2, 2011", "Stadion am Bruchweg (20,000)"
Werder Bremen, 1, 1, VfB Stuttgart, "Saturday, April 2, 2011", "Weserstadion (40,500)"
TSG Hoffenheim, 0, 0, Hamburg SV, "Saturday, April 2, 2011", "Rhein-Neckar-Arena (30,000)"
St Pauli, 0, 2, Schalke 04, "Friday, April 1, 2011", "Millerntor-Stadion (24,487)"
Bayer Leverkusen, 2, 0, Schalke 04, "Sunday, March 20, 2011", "BayArena (30,210)"
VfB Stuttgart, 1, 1, VfL Wolfsburg, "Sunday, March 20, 2011", "Mercedes-Benz Arena (38,500)"
Eintracht Frankfurt, 2, 1, St Pauli, "Saturday, March 19, 2011", "Commerzbank Arena (50,000)"
Hamburg SV, 6, 2, FC Cologne, "Saturday, March 19, 2011", "Imtech Arena (57,000)"
Hannover 96, 2, 0, TSG Hoffenheim, "Saturday, March 19, 2011", "AWD-Arena (47,200)"
Nurnberg, 1, 3, Werder Bremen, "Saturday, March 19, 2011", "EasyCredit-Stadion (48,548)"
SC Freiburg, 1, 2, Bayern Munich, "Saturday, March 19, 2011", "badenova-Stadion (24,000)"
Borussia Dortmund, 1, 1, Mainz, "Saturday, March 19, 2011", "Signal Iduna Park (80,720)"
Borussia Monchengladbach, 0, 1, Kaiserslautern, "Friday, March 18, 2011", "Borussia-Park (47,696)"
Mainz, 0, 1, Bayer Leverkusen, "Sunday, March 13, 2011", "Stadion am Bruchweg (20,300)"
St Pauli, 1, 2, VfB Stuttgart, "Sunday, March 13, 2011", "Millerntor-Stadion (24,487)"
Bayern Munich, 6, 0, Hamburg SV, "Saturday, March 12, 2011", "Allianz Arena (69,000)"
Kaiserslautern, 2, 1, SC Freiburg, "Saturday, March 12, 2011", "Fritz-Walter-Stadion (41,015)"
Schalke 04, 2, 1, Eintracht Frankfurt, "Saturday, March 12, 2011", "Veltins-Arena (61,673)"
TSG Hoffenheim, 1, 0, Borussia Dortmund, "Saturday, March 12, 2011", "Rhein-Neckar-Arena (30,150)"
VfL Wolfsburg, 1, 2, Nurnberg, "Saturday, March 12, 2011", "Volkswagen Arena (27,316)"
Werder Bremen, 1, 1, Borussia Monchengladbach, "Saturday, March 12, 2011", "Weserstadion (40,500)"
FC Cologne, 4, 0, Hannover 96, "Friday, March 11, 2011", "RheinEnergieStadion (46,500)"
SC Freiburg, 1, 3, Werder Bremen, "Sunday, March 6, 2011", "badenova-Stadion (24,000)"
Hamburg SV, 2, 4, Mainz, "Sunday, March 6, 2011", "Imtech Arena (49,462)"
Borussia Monchengladbach, 2, 0, TSG Hoffenheim, "Saturday, March 5, 2011", "Borussia-Park (35,350)"
Eintracht Frankfurt, 0, 0, Kaiserslautern, "Saturday, March 5, 2011", "Commerzbank Arena (49,400)"
Hannover 96, 3, 1, Bayern Munich, "Saturday, March 5, 2011", "AWD-Arena (49,000)"
Nurnberg, 5, 0, St Pauli, "Saturday, March 5, 2011", "EasyCredit-Stadion (45,109)"
VfB Stuttgart, 1, 0, Schalke 04, "Saturday, March 5, 2011", "Mercedes-Benz Arena (39,000)"
Bayer Leverkusen, 3, 0, VfL Wolfsburg, "Saturday, March 5, 2011", "BayArena (28,115)"
Borussia Dortmund, 1, 0, FC Cologne, "Friday, March 4, 2011", "Signal Iduna Park (80,720)"
Eintracht Frankfurt, 0, 2, VfB Stuttgart, "Sunday, February 27, 2011", "Commerzbank Arena (47,400)"
Werder Bremen, 2, 2, Bayer Leverkusen, "Sunday, February 27, 2011", "Weserstadion (37,500)"
FC Cologne, 1, 0, SC Freiburg, "Saturday, February 26, 2011", "RheinEnergieStadion (45,000)"
Kaiserslautern, 1, 1, Hamburg SV, "Saturday, February 26, 2011", "Fritz-Walter-Stadion (45,682)"
Schalke 04, 1, 1, Nurnberg, "Saturday, February 26, 2011", "Veltins-Arena (61,431)"
St Pauli, 0, 1, Hannover 96, "Saturday, February 26, 2011", "Millerntor-Stadion (24,487)"
TSG Hoffenheim, 1, 2, Mainz, "Saturday, February 26, 2011", "Rhein-Neckar-Arena (29,000)"
Bayern Munich, 1, 3, Borussia Dortmund, "Saturday, February 26, 2011", "Allianz Arena (69,000)"
VfL Wolfsburg, 2, 1, Borussia Monchengladbach, "Friday, February 25, 2011", "Volkswagen Arena (28,763)"
Bayer Leverkusen, 4, 2, VfB Stuttgart, "Sunday, February 20, 2011", "BayArena (28,851)"
Borussia Monchengladbach, 2, 1, Schalke 04, "Sunday, February 20, 2011", "Borussia-Park (51,592)"
Borussia Dortmund, 2, 0, St Pauli, "Saturday, February 19, 2011", "Signal Iduna Park (80,720)"
Hamburg SV, 4, 0, Werder Bremen, "Saturday, February 19, 2011", "Imtech Arena (54,121)"
Hannover 96, 3, 0, Kaiserslautern, "Saturday, February 19, 2011", "AWD-Arena (35,412)"
SC Freiburg, 2, 1, VfL Wolfsburg, "Saturday, February 19, 2011", "badenova-Stadion (19,200)"
TSG Hoffenheim, 1, 1, FC Cologne, "Saturday, February 19, 2011", "Rhein-Neckar-Arena (30,000)"
Mainz, 1, 3, Bayern Munich, "Saturday, February 19, 2011", "Stadion am Bruchweg (20,300)"
Nurnberg, 3, 0, Eintracht Frankfurt, "Friday, February 18, 2011", "EasyCredit-Stadion (40,853)"
Hamburg SV, 0, 1, St Pauli, "Wednesday, February 16, 2011", "Imtech Arena (57,000)"
FC Cologne, 4, 2, Mainz, "Sunday, February 13, 2011", "RheinEnergieStadion (44,000)"
Werder Bremen, 1, 1, Hannover 96, "Sunday, February 13, 2011", "Weserstadion (39,500)"
Bayern Munich, 4, 0, TSG Hoffenheim, "Saturday, February 12, 2011", "Allianz Arena (69,000)"
Eintracht Frankfurt, 0, 3, Bayer Leverkusen, "Saturday, February 12, 2011", "Commerzbank Arena (42,600)"
Schalke 04, 1, 0, SC Freiburg, "Saturday, February 12, 2011", "Veltins-Arena (60,439)"
St Pauli, 3, 1, Borussia Monchengladbach, "Saturday, February 12, 2011", "Millerntor-Stadion (24,487)"
VfB Stuttgart, 1, 4, Nurnberg, "Saturday, February 12, 2011", "Mercedes-Benz Arena (38,000)"
VfL Wolfsburg, 0, 1, Hamburg SV, "Saturday, February 12, 2011", "Volkswagen Arena (30,000)"
Kaiserslautern, 1, 1, Borussia Dortmund, "Saturday, February 12, 2011", "Fritz-Walter-Stadion (49,750)"
SC Freiburg, 0, 0, Eintracht Frankfurt, "Sunday, February 6, 2011", "badenova-Stadion (21,900)"
FC Cologne, 3, 2, Bayern Munich, "Saturday, February 5, 2011", "RheinEnergieStadion (50,000)"
Hannover 96, 1, 0, VfL Wolfsburg, "Saturday, February 5, 2011", "AWD-Arena (37,213)"
Mainz, 1, 1, Werder Bremen, "Saturday, February 5, 2011", "Stadion am Bruchweg (20,300)"
Nurnberg, 1, 0, Bayer Leverkusen, "Saturday, February 5, 2011", "EasyCredit-Stadion (34,113)"
TSG Hoffenheim, 3, 2, Kaiserslautern, "Saturday, February 5, 2011", "Rhein-Neckar-Arena (30,150)"
Borussia Monchengladbach, 2, 3, VfB Stuttgart, "Saturday, February 5, 2011", "Borussia-Park (39,132)"
Borussia Dortmund, 0, 0, Schalke 04, "Friday, February 4, 2011", "Signal Iduna Park (80,720)"
VfB Stuttgart, 0, 1, SC Freiburg, "Sunday, January 30, 2011", "Mercedes-Benz Arena (38,600)"
Eintracht Frankfurt, 0, 1, Borussia Monchengladbach, "Sunday, January 30, 2011", "Commerzbank Arena (43,700)"
Nurnberg, 2, 0, Hamburg SV, "Saturday, January 29, 2011", "EasyCredit-Stadion (36,202)"
Schalke 04, 0, 1, TSG Hoffenheim, "Saturday, January 29, 2011", "Veltins-Arena (60,569)"
St Pauli, 3, 0, FC Cologne, "Saturday, January 29, 2011", "Millerntor-Stadion (24,355)"
VfL Wolfsburg, 0, 3, Borussia Dortmund, "Saturday, January 29, 2011", "Volkswagen Arena (30,000)"
Werder Bremen, 1, 3, Bayern Munich, "Saturday, January 29, 2011", "Weserstadion (40,500)"
Kaiserslautern, 0, 1, Mainz, "Saturday, January 29, 2011", "Fritz-Walter-Stadion (46,649)"
Bayer Leverkusen, 2, 0, Hannover 96, "Friday, January 28, 2011", "BayArena (28,013)"
Borussia Monchengladbach, 1, 3, Bayer Leverkusen, "Sunday, January 23, 2011", "Borussia-Park (36,696)"
TSG Hoffenheim, 2, 2, St Pauli, "Sunday, January 23, 2011", "Rhein-Neckar-Arena (29,300)"
Bayern Munich, 5, 1, Kaiserslautern, "Saturday, January 22, 2011", "Allianz Arena (69,000)"
Borussia Dortmund, 1, 1, VfB Stuttgart, "Saturday, January 22, 2011", "Signal Iduna Park (80,720)"
Hannover 96, 0, 1, Schalke 04, "Saturday, January 22, 2011", "AWD-Arena (49,000)"
Mainz, 0, 1, VfL Wolfsburg, "Saturday, January 22, 2011", "Stadion am Bruchweg (18,900)"
SC Freiburg, 1, 1, Nurnberg, "Saturday, January 22, 2011", "badenova-Stadion (20,000)"
FC Cologne, 3, 0, Werder Bremen, "Saturday, January 22, 2011", "RheinEnergieStadion (45,100)"
Hamburg SV, 1, 0, Eintracht Frankfurt, "Friday, January 21, 2011", "Imtech Arena (50,239)"
Eintracht Frankfurt, 0, 3, Hannover 96, "Sunday, January 16, 2011", "Commerzbank Arena (39,300)"
Kaiserslautern, 1, 1, FC Cologne, "Sunday, January 16, 2011", "Fritz-Walter-Stadion (42,295)"
Nurnberg, 0, 1, Borussia Monchengladbach, "Saturday, January 15, 2011", "EasyCredit-Stadion (37,464)"
St Pauli, 2, 2, SC Freiburg, "Saturday, January 15, 2011", "Millerntor-Stadion (24,051)"
VfB Stuttgart, 1, 0, Mainz, "Saturday, January 15, 2011", "Mercedes-Benz Arena (33,500)"
VfL Wolfsburg, 1, 1, Bayern Munich, "Saturday, January 15, 2011", "Volkswagen Arena (30,000)"
Werder Bremen, 2, 1, TSG Hoffenheim, "Saturday, January 15, 2011", "Weserstadion (37,274)"
Schalke 04, 0, 1, Hamburg SV, "Saturday, January 15, 2011", "Veltins-Arena (61,673)"
Bayer Leverkusen, 1, 3, Borussia Dortmund, "Friday, January 14, 2011", "BayArena (30,210)"
Bayer Leverkusen, 2, 2, SC Freiburg, "Sunday, December 19, 2010", "BayArena (22,421)"
VfB Stuttgart, 3, 5, Bayern Munich, "Sunday, December 19, 2010", "Mercedes-Benz Arena (40,500)"
Eintracht Frankfurt, 1, 0, Borussia Dortmund, "Saturday, December 18, 2010", "Commerzbank Arena (51,500)"
Nurnberg, 3, 1, Hannover 96, "Saturday, December 18, 2010", "EasyCredit-Stadion (33,111)"
Schalke 04, 3, 0, FC Cologne, "Saturday, December 18, 2010", "Veltins-Arena (61,673)"
VfL Wolfsburg, 2, 2, TSG Hoffenheim, "Saturday, December 18, 2010", "Volkswagen Arena (24,512)"
Werder Bremen, 1, 2, Kaiserslautern, "Saturday, December 18, 2010", "Weserstadion (36,000)"
St Pauli, 2, 4, Mainz, "Saturday, December 18, 2010", "Millerntor-Stadion (24,235)"
Borussia Monchengladbach, 1, 2, Hamburg SV, "Friday, December 17, 2010", "Borussia-Park (42,253)"
SC Freiburg, 3, 0, Borussia Monchengladbach, "Sunday, December 12, 2010", "badenova-Stadion (22,700)"
Mainz, 0, 1, Schalke 04, "Sunday, December 12, 2010", "Stadion am Bruchweg (20,300)"
Bayern Munich, 3, 0, St Pauli, "Saturday, December 11, 2010", "Allianz Arena (69,000)"
FC Cologne, 1, 0, Eintracht Frankfurt, "Saturday, December 11, 2010", "RheinEnergieStadion (45,000)"
Hamburg SV, 2, 4, Bayer Leverkusen, "Saturday, December 11, 2010", "Imtech Arena (51,225)"
Kaiserslautern, 0, 0, VfL Wolfsburg, "Saturday, December 11, 2010", "Fritz-Walter-Stadion (38,181)"
TSG Hoffenheim, 1, 1, Nurnberg, "Saturday, December 11, 2010", "Rhein-Neckar-Arena (30,100)"
Borussia Dortmund, 2, 0, Werder Bremen, "Saturday, December 11, 2010", "Signal Iduna Park (80,720)"
Hannover 96, 2, 1, VfB Stuttgart, "Friday, December 10, 2010", "AWD-Arena (36,207)"
Bayer Leverkusen, 3, 2, FC Cologne, "Sunday, December 5, 2010", "BayArena (30,210)"
Nurnberg, 0, 2, Borussia Dortmund, "Sunday, December 5, 2010", "EasyCredit-Stadion (48,548)"
Borussia Monchengladbach, 1, 2, Hannover 96, "Saturday, December 4, 2010", "Borussia-Park (37,195)"
Eintracht Frankfurt, 2, 1, Mainz, "Saturday, December 4, 2010", "Commerzbank Arena (51,500)"
SC Freiburg, 1, 0, Hamburg SV, "Saturday, December 4, 2010", "badenova-Stadion (24,000)"
VfB Stuttgart, 1, 1, TSG Hoffenheim, "Saturday, December 4, 2010", "Mercedes-Benz Arena (36,800)"
VfL Wolfsburg, 0, 0, Werder Bremen, "Saturday, December 4, 2010", "Volkswagen Arena (30,000)"
Schalke 04, 2, 0, Bayern Munich, "Saturday, December 4, 2010", "Veltins-Arena (61,673)"
St Pauli, 1, 0, Kaiserslautern, "Friday, December 3, 2010", "Millerntor-Stadion (24,373)"
Werder Bremen, 3, 0, St Pauli, "Sunday, November 28, 2010", "Weserstadion (36,400)"
FC Cologne, 1, 1, VfL Wolfsburg, "Sunday, November 28, 2010", "RheinEnergieStadion (43,000)"
Bayern Munich, 4, 1, Eintracht Frankfurt, "Saturday, November 27, 2010", "Allianz Arena (69,000)"
Hamburg SV, 4, 2, VfB Stuttgart, "Saturday, November 27, 2010", "Imtech Arena (53,055)"
Hannover 96, 3, 0, SC Freiburg, "Saturday, November 27, 2010", "AWD-Arena (34,108)"
Kaiserslautern, 5, 0, Schalke 04, "Saturday, November 27, 2010", "Fritz-Walter-Stadion (49,474)"
TSG Hoffenheim, 2, 2, Bayer Leverkusen, "Saturday, November 27, 2010", "Rhein-Neckar-Arena (29,250)"
Borussia Dortmund, 4, 1, Borussia Monchengladbach, "Saturday, November 27, 2010", "Signal Iduna Park (79,200)"
Mainz, 3, 0, Nurnberg, "Friday, November 26, 2010", "Stadion am Bruchweg (20,300)"
VfB Stuttgart, 0, 1, FC Cologne, "Sunday, November 21, 2010", "Mercedes-Benz Arena (39,500)"
St Pauli, 1, 1, VfL Wolfsburg, "Sunday, November 21, 2010", "Millerntor-Stadion (24,000)"
Borussia Monchengladbach, 2, 3, Mainz, "Saturday, November 20, 2010", "Borussia-Park (45,472)"
Eintracht Frankfurt, 0, 4, TSG Hoffenheim, "Saturday, November 20, 2010", "Commerzbank Arena (44,300)"
Hannover 96, 3, 2, Hamburg SV, "Saturday, November 20, 2010", "AWD-Arena (49,000)"
Nurnberg, 1, 3, Kaiserslautern, "Saturday, November 20, 2010", "EasyCredit-Stadion (40,711)"
SC Freiburg, 1, 2, Borussia Dortmund, "Saturday, November 20, 2010", "badenova-Stadion (24,000)"
Schalke 04, 4, 0, Werder Bremen, "Saturday, November 20, 2010", "Veltins-Arena (61,673)"
Bayer Leverkusen, 1, 1, Bayern Munich, "Saturday, November 20, 2010", "BayArena (30,120)"
TSG Hoffenheim, 0, 1, SC Freiburg, "Sunday, November 14, 2010", "Rhein-Neckar-Arena (30,150)"
Bayern Munich, 3, 0, Nurnberg, "Sunday, November 14, 2010", "Allianz Arena (69,000)"
FC Cologne, 0, 4, Borussia Monchengladbach, "Saturday, November 13, 2010", "RheinEnergieStadion (50,000)"
Kaiserslautern, 3, 3, VfB Stuttgart, "Saturday, November 13, 2010", "Fritz-Walter-Stadion (46,904)"
St Pauli, 0, 1, Bayer Leverkusen, "Saturday, November 13, 2010", "Millerntor-Stadion (24,387)"
VfL Wolfsburg, 2, 2, Schalke 04, "Saturday, November 13, 2010", "Volkswagen Arena (30,000)"
Werder Bremen, 0, 0, Eintracht Frankfurt, "Saturday, November 13, 2010", "Weserstadion (35,300)"
Mainz, 0, 1, Hannover 96, "Saturday, November 13, 2010", "Stadion am Bruchweg (20,000)"
Borussia Dortmund, 2, 0, Hamburg SV, "Friday, November 12, 2010", "Signal Iduna Park (80,720)"
Hannover 96, 0, 4, Borussia Dortmund, "Sunday, November 7, 2010", "AWD-Arena (49,000)"
Bayer Leverkusen, 3, 1, Kaiserslautern, "Sunday, November 7, 2010", "BayArena (29,794)"
VfB Stuttgart, 6, 0, Werder Bremen, "Sunday, November 7, 2010", "Mercedes-Benz Arena (39,500)"
Borussia Monchengladbach, 3, 3, Bayern Munich, "Saturday, November 6, 2010", "Borussia-Park (54,057)"
Eintracht Frankfurt, 3, 1, VfL Wolfsburg, "Saturday, November 6, 2010", "Commerzbank Arena (43,800)"
Hamburg SV, 2, 1, TSG Hoffenheim, "Saturday, November 6, 2010", "Imtech Arena (54,162)"
Nurnberg, 3, 1, FC Cologne, "Saturday, November 6, 2010", "EasyCredit-Stadion (41,789)"
SC Freiburg, 1, 0, Mainz, "Saturday, November 6, 2010", "badenova-Stadion (22,400)"
Schalke 04, 3, 0, St Pauli, "Friday, November 5, 2010", "Veltins-Arena (61,673)"
Mainz, 0, 2, Borussia Dortmund, "Sunday, October 31, 2010", "Stadion am Bruchweg (20,300)"
TSG Hoffenheim, 4, 0, Hannover 96, "Sunday, October 31, 2010", "Rhein-Neckar-Arena (28,450)"
FC Cologne, 3, 2, Hamburg SV, "Saturday, October 30, 2010", "RheinEnergieStadion (50,000)"
Kaiserslautern, 3, 0, Borussia Monchengladbach, "Saturday, October 30, 2010", "Fritz-Walter-Stadion (49,167)"
St Pauli, 1, 3, Eintracht Frankfurt, "Saturday, October 30, 2010", "Millerntor-Stadion (24,330)"
VfL Wolfsburg, 2, 0, VfB Stuttgart, "Saturday, October 30, 2010", "Volkswagen Arena (29,043)"
Werder Bremen, 2, 3, Nurnberg, "Saturday, October 30, 2010", "Weserstadion (35,500)"
Schalke 04, 0, 1, Bayer Leverkusen, "Saturday, October 30, 2010", "Veltins-Arena (61,673)"
Bayern Munich, 4, 2, SC Freiburg, "Friday, October 29, 2010", "Allianz Arena (69,000)"
Borussia Dortmund, 1, 1, TSG Hoffenheim, "Sunday, October 24, 2010", "Signal Iduna Park (80,720)"
Bayer Leverkusen, 0, 1, Mainz, "Sunday, October 24, 2010", "BayArena (30,210)"
VfB Stuttgart, 2, 0, St Pauli, "Sunday, October 24, 2010", "Mercedes-Benz Arena (40,000)"
Borussia Monchengladbach, 1, 4, Werder Bremen, "Saturday, October 23, 2010", "Borussia-Park (53,511)"
Eintracht Frankfurt, 0, 0, Schalke 04, "Saturday, October 23, 2010", "Commerzbank Arena (51,500)"
Hannover 96, 2, 1, FC Cologne, "Saturday, October 23, 2010", "AWD-Arena (44,214)"
Nurnberg, 2, 1, VfL Wolfsburg, "Saturday, October 23, 2010", "EasyCredit-Stadion (40,127)"
SC Freiburg, 2, 1, Kaiserslautern, "Saturday, October 23, 2010", "badenova-Stadion (24,500)"
Hamburg SV, 0, 0, Bayern Munich, "Friday, October 22, 2010", "Imtech Arena (57,000)"
Kaiserslautern, 0, 3, Eintracht Frankfurt, "Sunday, October 17, 2010", "Fritz-Walter-Stadion (49,780)"
TSG Hoffenheim, 3, 2, Borussia Monchengladbach, "Sunday, October 17, 2010", "Rhein-Neckar-Arena (30,150)"
Bayern Munich, 3, 0, Hannover 96, "Saturday, October 16, 2010", "Allianz Arena (69,000)"
Mainz, 0, 1, Hamburg SV, "Saturday, October 16, 2010", "Stadion am Bruchweg (20,300)"
Schalke 04, 2, 2, VfB Stuttgart, "Saturday, October 16, 2010", "Veltins-Arena (60,000)"
St Pauli, 3, 2, Nurnberg, "Saturday, October 16, 2010", "Millerntor-Stadion (24,334)"
Werder Bremen, 2, 1, SC Freiburg, "Saturday, October 16, 2010", "Weserstadion (34,500)"
VfL Wolfsburg, 2, 3, Bayer Leverkusen, "Saturday, October 16, 2010", "Volkswagen Arena (30,000)"
FC Cologne, 1, 2, Borussia Dortmund, "Friday, October 15, 2010", "RheinEnergieStadion (50,000)"
VfB Stuttgart, 1, 2, Eintracht Frankfurt, "Sunday, October 3, 2010", "Mercedes-Benz Arena (40,200)"
Bayer Leverkusen, 2, 2, Werder Bremen, "Sunday, October 3, 2010", "BayArena (30,210)"
Borussia Dortmund, 2, 0, Bayern Munich, "Sunday, October 3, 2010", "Signal Iduna Park (80,720)"
Borussia Monchengladbach, 1, 1, VfL Wolfsburg, "Saturday, October 2, 2010", "Borussia-Park (40,423)"
Hamburg SV, 2, 1, Kaiserslautern, "Saturday, October 2, 2010", "Imtech Arena (57,000)"
Mainz, 4, 2, TSG Hoffenheim, "Saturday, October 2, 2010", "Stadion am Bruchweg (20,100)"
Nurnberg, 2, 1, Schalke 04, "Saturday, October 2, 2010", "EasyCredit-Stadion (48,548)"
SC Freiburg, 3, 2, FC Cologne, "Saturday, October 2, 2010", "badenova-Stadion (22,100)"
Hannover 96, 0, 1, St Pauli, "Friday, October 1, 2010", "AWD-Arena (49,000)"
VfL Wolfsburg, 2, 1, SC Freiburg, "Sunday, September 26, 2010", "Volkswagen Arena (26,204)"
Kaiserslautern, 0, 1, Hannover 96, "Sunday, September 26, 2010", "Fritz-Walter-Stadion (40,000)"
Bayern Munich, 1, 2, Mainz, "Saturday, September 25, 2010", "Allianz Arena (69,000)"
Eintracht Frankfurt, 2, 0, Nurnberg, "Saturday, September 25, 2010", "Commerzbank Arena (43,100)"
Schalke 04, 2, 2, Borussia Monchengladbach, "Saturday, September 25, 2010", "Veltins-Arena (61,673)"
St Pauli, 1, 3, Borussia Dortmund, "Saturday, September 25, 2010", "Millerntor-Stadion (24,082)"
VfB Stuttgart, 1, 4, Bayer Leverkusen, "Saturday, September 25, 2010", "Mercedes-Benz Arena (38,300)"
Werder Bremen, 3, 2, Hamburg SV, "Saturday, September 25, 2010", "Weserstadion (36,300)"
FC Cologne, 1, 1, TSG Hoffenheim, "Friday, September 24, 2010", "RheinEnergieStadion (45,000)"
Bayer Leverkusen, 2, 1, Eintracht Frankfurt, "Wednesday, September 22, 2010", "BayArena (24,404)"
Borussia Dortmund, 5, 0, Kaiserslautern, "Wednesday, September 22, 2010", "Signal Iduna Park (70,100)"
Borussia Monchengladbach, 1, 2, St Pauli, "Wednesday, September 22, 2010", "Borussia-Park (41,000)"
Hamburg SV, 1, 3, VfL Wolfsburg, "Wednesday, September 22, 2010", "Imtech Arena (50,231)"
Nurnberg, 2, 1, VfB Stuttgart, "Wednesday, September 22, 2010", "EasyCredit-Stadion (36,790)"
SC Freiburg, 1, 2, Schalke 04, "Wednesday, September 22, 2010", "badenova-Stadion (24,000)"
Hannover 96, 4, 1, Werder Bremen, "Tuesday, September 21, 2010", "AWD-Arena (43,127)"
Mainz, 2, 0, FC Cologne, "Tuesday, September 21, 2010", "Stadion am Bruchweg (20,300)"
TSG Hoffenheim, 1, 2, Bayern Munich, "Tuesday, September 21, 2010", "Rhein-Neckar-Arena (30,150)"
St Pauli, 1, 1, Hamburg SV, "Sunday, September 19, 2010", "Millerntor-Stadion (23,800)"
Bayer Leverkusen, 0, 0, Nurnberg, "Sunday, September 19, 2010", "BayArena (23,963)"
Schalke 04, 1, 3, Borussia Dortmund, "Sunday, September 19, 2010", "Veltins-Arena (60,069)"
Bayern Munich, 0, 0, FC Cologne, "Saturday, September 18, 2010", "Allianz Arena (69,000)"
Kaiserslautern, 2, 2, TSG Hoffenheim, "Saturday, September 18, 2010", "Fritz-Walter-Stadion (44,453)"
VfB Stuttgart, 7, 0, Borussia Monchengladbach, "Saturday, September 18, 2010", "Mercedes-Benz Arena (39,500)"
VfL Wolfsburg, 2, 0, Hannover 96, "Saturday, September 18, 2010", "Volkswagen Arena (30,000)"
Werder Bremen, 0, 2, Mainz, "Saturday, September 18, 2010", "Weserstadion (34,023)"
Eintracht Frankfurt, 0, 1, SC Freiburg, "Friday, September 17, 2010", "Commerzbank Arena (40,600)"
Mainz, 2, 1, Kaiserslautern, "Sunday, September 12, 2010", "Stadion am Bruchweg (20,300)"
FC Cologne, 1, 0, St Pauli, "Sunday, September 12, 2010", "RheinEnergieStadion (50,000)"
Borussia Dortmund, 2, 0, VfL Wolfsburg, "Saturday, September 11, 2010", "Signal Iduna Park (73,600)"
Borussia Monchengladbach, 0, 4, Eintracht Frankfurt, "Saturday, September 11, 2010", "Borussia-Park (45,315)"
Hamburg SV, 1, 1, Nurnberg, "Saturday, September 11, 2010", "Imtech Arena (54,099)"
Hannover 96, 2, 2, Bayer Leverkusen, "Saturday, September 11, 2010", "AWD-Arena (40,852)"
SC Freiburg, 2, 1, VfB Stuttgart, "Saturday, September 11, 2010", "badenova-Stadion (23,000)"
Bayern Munich, 0, 0, Werder Bremen, "Saturday, September 11, 2010", "Allianz Arena (69,000)"
TSG Hoffenheim, 2, 0, Schalke 04, "Friday, September 10, 2010", "Rhein-Neckar-Arena (30,150)"
Bayer Leverkusen, 3, 6, Borussia Monchengladbach, "Sunday, August 29, 2010", "BayArena (30,210)"
VfB Stuttgart, 1, 3, Borussia Dortmund, "Sunday, August 29, 2010", "Mercedes-Benz Arena (40,500)"
Eintracht Frankfurt, 1, 3, Hamburg SV, "Saturday, August 28, 2010", "Commerzbank Arena (51,500)"
Nurnberg, 1, 2, SC Freiburg, "Saturday, August 28, 2010", "EasyCredit-Stadion (36,780)"
Schalke 04, 1, 2, Hannover 96, "Saturday, August 28, 2010", "Veltins-Arena (61,673)"
VfL Wolfsburg, 3, 4, Mainz, "Saturday, August 28, 2010", "Volkswagen Arena (26,116)"
Werder Bremen, 4, 2, FC Cologne, "Saturday, August 28, 2010", "Weserstadion (32,000)"
St Pauli, 0, 1, TSG Hoffenheim, "Saturday, August 28, 2010", "Millerntor-Stadion (23,794)"
Kaiserslautern, 2, 0, Bayern Munich, "Friday, August 27, 2010", "Fritz-Walter-Stadion (49,700)"
Mainz, 2, 0, VfB Stuttgart, "Sunday, August 22, 2010", "Stadion am Bruchweg (20,300)"
Borussia Dortmund, 0, 2, Bayer Leverkusen, "Sunday, August 22, 2010", "Signal Iduna Park (75,000)"
Borussia Monchengladbach, 1, 1, Nurnberg, "Saturday, August 21, 2010", "Borussia-Park (42,202)"
FC Cologne, 1, 3, Kaiserslautern, "Saturday, August 21, 2010", "RheinEnergieStadion (49,200)"
Hannover 96, 2, 1, Eintracht Frankfurt, "Saturday, August 21, 2010", "AWD-Arena (37,212)"
SC Freiburg, 1, 3, St Pauli, "Saturday, August 21, 2010", "badenova-Stadion (24,000)"
TSG Hoffenheim, 4, 1, Werder Bremen, "Saturday, August 21, 2010", "Rhein-Neckar-Arena (30,150)"
Hamburg SV, 2, 1, Schalke 04, "Saturday, August 21, 2010", "Imtech Arena (57,000)"
Bayern Munich, 2, 1, VfL Wolfsburg, "Friday, August 20, 2010", "Allianz Arena (69,000)"
