home, homescore, awayscore, away, date, group
Arminia Bielefeld, 1, 2, VfL Wolfsburg, "Saturday, May 21, 2005", "Schuco-Arena (22,112)"
Bayer Leverkusen, 5, 1, Borussia Monchengladbach, "Saturday, May 21, 2005", "BayArena (22,500)"
Borussia Dortmund, 2, 1, Hansa Rostock, "Saturday, May 21, 2005", "Westfalenstadion (80,400)"
Hamburg SV, 0, 1, VfL Bochum, "Saturday, May 21, 2005", "AOL-Arena (55,800)"
Hertha Berlin, 0, 0, Hannover 96, "Saturday, May 21, 2005", "Olympiastadion (74,500)"
Kaiserslautern, 1, 2, Werder Bremen, "Saturday, May 21, 2005", "Fritz-Walter Stadion (40,750)"
Nurnberg, 1, 2, Mainz, "Saturday, May 21, 2005", "Frankenstadion (41,886)"
SC Freiburg, 2, 3, Schalke 04, "Saturday, May 21, 2005", "badenova-Stadion (24,500)"
VfB Stuttgart, 1, 3, Bayern Munich, "Saturday, May 21, 2005", "Gottlieb-Daimler Stadion (48,500)"
Bayern Munich, 6, 3, Nurnberg, "Saturday, May 14, 2005", "Olympiastadion (63,000)"
Borussia Monchengladbach, 0, 0, Hertha Berlin, "Saturday, May 14, 2005", "Borussia-Park (24,771)"
Hannover 96, 2, 1, Hamburg SV, "Saturday, May 14, 2005", "AWD-Arena (49,854)"
Hansa Rostock, 1, 1, Arminia Bielefeld, "Saturday, May 14, 2005", "Ostseestadion (21,000)"
Mainz, 3, 2, Kaiserslautern, "Saturday, May 14, 2005", "Stadion am Bruchweg (20,300)"
Schalke 04, 1, 2, Borussia Dortmund, "Saturday, May 14, 2005", "Arena AufSchalke (61,524)"
VfL Bochum, 2, 0, VfB Stuttgart, "Saturday, May 14, 2005", "Ruhrstadion (30,980)"
VfL Wolfsburg, 2, 2, Bayer Leverkusen, "Saturday, May 14, 2005", "Volkswagen Arena (25,000)"
Werder Bremen, 4, 1, SC Freiburg, "Saturday, May 14, 2005", "Weserstadion (39,650)"
Borussia Dortmund, 1, 0, Werder Bremen, "Sunday, May 8, 2005", "Westfalenstadion (82,000)"
Hamburg SV, 0, 0, Borussia Monchengladbach, "Sunday, May 8, 2005", "AOL-Arena (52,648)"
Arminia Bielefeld, 0, 2, Schalke 04, "Saturday, May 7, 2005", "Schuco-Arena (26,601)"
Bayer Leverkusen, 3, 0, Hansa Rostock, "Saturday, May 7, 2005", "BayArena (22,500)"
Hertha Berlin, 3, 1, VfL Wolfsburg, "Saturday, May 7, 2005", "Olympiastadion (60,000)"
Mainz, 2, 4, Bayern Munich, "Saturday, May 7, 2005", "Stadion am Bruchweg (22,300)"
Nurnberg, 2, 1, VfL Bochum, "Saturday, May 7, 2005", "Frankenstadion (44,650)"
SC Freiburg, 1, 2, Kaiserslautern, "Saturday, May 7, 2005", "badenova-Stadion (21,000)"
VfB Stuttgart, 1, 0, Hannover 96, "Saturday, May 7, 2005", "Gottlieb-Daimler Stadion (45,000)"
Hannover 96, 1, 0, Nurnberg, "Sunday, May 1, 2005", "AWD-Arena (30,017)"
VfL Wolfsburg, 1, 0, Hamburg SV, "Sunday, May 1, 2005", "Volkswagen Arena (27,996)"
Borussia Monchengladbach, 2, 0, VfB Stuttgart, "Saturday, April 30, 2005", "Borussia-Park (53,466)"
Hansa Rostock, 2, 1, Hertha Berlin, "Saturday, April 30, 2005", "Ostseestadion (25,100)"
Kaiserslautern, 0, 4, Bayern Munich, "Saturday, April 30, 2005", "Fritz-Walter Stadion (40,200)"
SC Freiburg, 2, 2, Borussia Dortmund, "Saturday, April 30, 2005", "badenova-Stadion (25,000)"
Schalke 04, 3, 3, Bayer Leverkusen, "Saturday, April 30, 2005", "Arena AufSchalke (61,524)"
VfL Bochum, 2, 6, Mainz, "Saturday, April 30, 2005", "Ruhrstadion (30,000)"
Werder Bremen, 3, 0, Arminia Bielefeld, "Saturday, April 30, 2005", "Weserstadion (39,952)"
Bayer Leverkusen, 2, 1, Werder Bremen, "Sunday, April 24, 2005", "BayArena (22,500)"
Nurnberg, 0, 0, Borussia Monchengladbach, "Sunday, April 24, 2005", "Frankenstadion (43,019)"
Arminia Bielefeld, 3, 1, SC Freiburg, "Saturday, April 23, 2005", "Schuco-Arena (16,811)"
Bayern Munich, 3, 1, VfL Bochum, "Saturday, April 23, 2005", "Olympiastadion (63,000)"
Borussia Dortmund, 4, 2, Kaiserslautern, "Saturday, April 23, 2005", "Westfalenstadion (79,000)"
Hamburg SV, 3, 0, Hansa Rostock, "Saturday, April 23, 2005", "AOL-Arena (55,500)"
Hertha Berlin, 4, 1, Schalke 04, "Saturday, April 23, 2005", "Olympiastadion (74,500)"
Mainz, 2, 0, Hannover 96, "Saturday, April 23, 2005", "Stadion am Bruchweg (23,000)"
VfB Stuttgart, 0, 0, VfL Wolfsburg, "Saturday, April 23, 2005", "Gottlieb-Daimler Stadion (45,000)"
Kaiserslautern, 1, 2, VfL Bochum, "Sunday, April 17, 2005", "Fritz-Walter Stadion (33,512)"
VfL Wolfsburg, 0, 1, Nurnberg, "Sunday, April 17, 2005", "Volkswagen Arena (19,276)"
Borussia Dortmund, 1, 1, Arminia Bielefeld, "Saturday, April 16, 2005", "Westfalenstadion (79,000)"
Borussia Monchengladbach, 1, 1, Mainz, "Saturday, April 16, 2005", "Borussia-Park (53,000)"
Hannover 96, 0, 1, Bayern Munich, "Saturday, April 16, 2005", "AWD-Arena (49,854)"
Hansa Rostock, 2, 1, VfB Stuttgart, "Saturday, April 16, 2005", "Ostseestadion (20,500)"
SC Freiburg, 1, 3, Bayer Leverkusen, "Saturday, April 16, 2005", "badenova-Stadion (22,000)"
Schalke 04, 1, 2, Hamburg SV, "Saturday, April 16, 2005", "Arena AufSchalke (61,524)"
Werder Bremen, 0, 1, Hertha Berlin, "Saturday, April 16, 2005", "Weserstadion (41,453)"
Arminia Bielefeld, 0, 2, Kaiserslautern, "Sunday, April 10, 2005", "Schuco-Arena (21,500)"
Nurnberg, 3, 0, Hansa Rostock, "Sunday, April 10, 2005", "Frankenstadion (32,885)"
Bayer Leverkusen, 0, 1, Borussia Dortmund, "Saturday, April 9, 2005", "BayArena (22,500)"
Bayern Munich, 2, 1, Borussia Monchengladbach, "Saturday, April 9, 2005", "Olympiastadion (63,000)"
Hamburg SV, 1, 2, Werder Bremen, "Saturday, April 9, 2005", "AOL-Arena (55,500)"
Hertha Berlin, 3, 1, SC Freiburg, "Saturday, April 9, 2005", "Olympiastadion (31,000)"
Mainz, 0, 2, VfL Wolfsburg, "Saturday, April 9, 2005", "Stadion am Bruchweg (20,300)"
VfB Stuttgart, 3, 0, Schalke 04, "Saturday, April 9, 2005", "Gottlieb-Daimler Stadion (49,000)"
VfL Bochum, 1, 0, Hannover 96, "Saturday, April 9, 2005", "Ruhrstadion (93,821)"
Borussia Dortmund, 2, 1, Hertha Berlin, "Sunday, April 3, 2005", "Westfalenstadion (76,100)"
Borussia Monchengladbach, 2, 2, VfL Bochum, "Sunday, April 3, 2005", "Borussia-Park (49,451)"
Arminia Bielefeld, 1, 0, Bayer Leverkusen, "Saturday, April 2, 2005", "Schuco-Arena (24,100)"
Hansa Rostock, 2, 0, Mainz, "Saturday, April 2, 2005", "Ostseestadion (22,000)"
Kaiserslautern, 0, 2, Hannover 96, "Saturday, April 2, 2005", "Fritz-Walter Stadion (32,337)"
SC Freiburg, 1, 1, Hamburg SV, "Saturday, April 2, 2005", "badenova-Stadion (23,500)"
Schalke 04, 4, 1, Nurnberg, "Saturday, April 2, 2005", "Arena AufSchalke (61,524)"
VfL Wolfsburg, 0, 3, Bayern Munich, "Saturday, April 2, 2005", "Volkswagen Arena (30,000)"
Werder Bremen, 1, 2, VfB Stuttgart, "Saturday, April 2, 2005", "Weserstadion (40,710)"
Mainz, 2, 1, Schalke 04, "Sunday, March 20, 2005", "Stadion am Bruchweg (20,000)"
VfB Stuttgart, 1, 0, SC Freiburg, "Sunday, March 20, 2005", "Gottlieb-Daimler Stadion (41,000)"
Bayer Leverkusen, 2, 0, Kaiserslautern, "Saturday, March 19, 2005", "BayArena (22,500)"
Bayern Munich, 3, 1, Hansa Rostock, "Saturday, March 19, 2005", "Olympiastadion (52,000)"
Hamburg SV, 2, 3, Borussia Dortmund, "Saturday, March 19, 2005", "AOL-Arena (55,500)"
Hannover 96, 2, 1, Borussia Monchengladbach, "Saturday, March 19, 2005", "AWD-Arena (36,572)"
Hertha Berlin, 3, 0, Arminia Bielefeld, "Saturday, March 19, 2005", "Olympiastadion (38,114)"
Nurnberg, 1, 2, Werder Bremen, "Saturday, March 19, 2005", "Frankenstadion (27,525)"
VfL Bochum, 5, 1, VfL Wolfsburg, "Saturday, March 19, 2005", "Ruhrstadion (20,113)"
Borussia Dortmund, 0, 2, VfB Stuttgart, "Sunday, March 13, 2005", "Westfalenstadion (75,000)"
Schalke 04, 1, 0, Bayern Munich, "Sunday, March 13, 2005", "Arena AufSchalke (61,524)"
Arminia Bielefeld, 3, 4, Hamburg SV, "Saturday, March 12, 2005", "Schuco-Arena (25,115)"
Bayer Leverkusen, 3, 3, Hertha Berlin, "Saturday, March 12, 2005", "BayArena (22,500)"
Hansa Rostock, 3, 1, VfL Bochum, "Saturday, March 12, 2005", "Ostseestadion (18,600)"
Kaiserslautern, 1, 0, Borussia Monchengladbach, "Saturday, March 12, 2005", "Fritz-Walter Stadion (39,960)"
SC Freiburg, 2, 3, Nurnberg, "Saturday, March 12, 2005", "badenova-Stadion (20,700)"
VfL Wolfsburg, 1, 0, Hannover 96, "Saturday, March 12, 2005", "Volkswagen Arena (25,921)"
Werder Bremen, 0, 0, Mainz, "Saturday, March 12, 2005", "Weserstadion (42,100)"
Hertha Berlin, 1, 1, Kaiserslautern, "Sunday, March 6, 2005", "Olympiastadion (38,814)"
Nurnberg, 2, 2, Borussia Dortmund, "Sunday, March 6, 2005", "Frankenstadion (28,125)"
Bayern Munich, 1, 0, Werder Bremen, "Saturday, March 5, 2005", "Olympiastadion (61,000)"
Borussia Monchengladbach, 1, 0, VfL Wolfsburg, "Saturday, March 5, 2005", "Borussia-Park (43,526)"
Hamburg SV, 1, 0, Bayer Leverkusen, "Saturday, March 5, 2005", "AOL-Arena (43,959)"
Hannover 96, 0, 1, Hansa Rostock, "Saturday, March 5, 2005", "AWD-Arena (26,434)"
Mainz, 5, 0, SC Freiburg, "Saturday, March 5, 2005", "Stadion am Bruchweg (20,300)"
VfB Stuttgart, 2, 1, Arminia Bielefeld, "Saturday, March 5, 2005", "Gottlieb-Daimler Stadion (28,000)"
VfL Bochum, 0, 2, Schalke 04, "Saturday, March 5, 2005", "Ruhrstadion (33,324)"
Bayer Leverkusen, 1, 1, VfB Stuttgart, "Sunday, February 27, 2005", "BayArena (22,500)"
Schalke 04, 1, 0, Hannover 96, "Sunday, February 27, 2005", "Arena AufSchalke (60,000)"
Arminia Bielefeld, 3, 1, Nurnberg, "Saturday, February 26, 2005", "Schuco-Arena (16,500)"
Borussia Dortmund, 3, 0, Mainz, "Saturday, February 26, 2005", "Westfalenstadion (73,500)"
Hansa Rostock, 0, 0, Borussia Monchengladbach, "Saturday, February 26, 2005", "Ostseestadion (12,000)"
Hertha Berlin, 4, 1, Hamburg SV, "Saturday, February 26, 2005", "Olympiastadion (40,399)"
Kaiserslautern, 0, 0, VfL Wolfsburg, "Saturday, February 26, 2005", "Fritz-Walter Stadion (31,300)"
SC Freiburg, 0, 1, Bayern Munich, "Saturday, February 26, 2005", "badenova-Stadion (25,000)"
Werder Bremen, 4, 0, VfL Bochum, "Saturday, February 26, 2005", "Weserstadion (37,000)"
Borussia Monchengladbach, 1, 3, Schalke 04, "Sunday, February 20, 2005", "Borussia-Park (53,415)"
VfB Stuttgart, 1, 0, Hertha Berlin, "Sunday, February 20, 2005", "Gottlieb-Daimler Stadion (29,000)"
Bayern Munich, 5, 0, Borussia Dortmund, "Saturday, February 19, 2005", "Olympiastadion (53,000)"
Hamburg SV, 2, 1, Kaiserslautern, "Saturday, February 19, 2005", "AOL-Arena (59,016)"
Hannover 96, 1, 4, Werder Bremen, "Saturday, February 19, 2005", "AWD-Arena (41,862)"
Mainz, 0, 0, Arminia Bielefeld, "Saturday, February 19, 2005", "Stadion am Bruchweg (20,300)"
Nurnberg, 2, 4, Bayer Leverkusen, "Saturday, February 19, 2005", "Frankenstadion (20,216)"
VfL Bochum, 3, 1, SC Freiburg, "Saturday, February 19, 2005", "Ruhrstadion (18,000)"
VfL Wolfsburg, 4, 0, Hansa Rostock, "Saturday, February 19, 2005", "Volkswagen Arena (17,836)"
Arminia Bielefeld, 3, 1, Bayern Munich, "Sunday, February 13, 2005", "Schuco-Arena (26,500)"
Bayer Leverkusen, 2, 0, Mainz, "Sunday, February 13, 2005", "BayArena (22,500)"
Borussia Dortmund, 1, 0, VfL Bochum, "Saturday, February 12, 2005", "Westfalenstadion (78,000)"
Hamburg SV, 2, 1, VfB Stuttgart, "Saturday, February 12, 2005", "AOL-Arena (49,000)"
Hertha Berlin, 2, 1, Nurnberg, "Saturday, February 12, 2005", "Olympiastadion (38,000)"
Kaiserslautern, 2, 1, Hansa Rostock, "Saturday, February 12, 2005", "Fritz-Walter Stadion (28,000)"
SC Freiburg, 0, 0, Hannover 96, "Saturday, February 12, 2005", "badenova-Stadion (21,000)"
Schalke 04, 3, 0, VfL Wolfsburg, "Saturday, February 12, 2005", "Arena AufSchalke (61,524)"
Werder Bremen, 2, 0, Borussia Monchengladbach, "Saturday, February 12, 2005", "Weserstadion (39,673)"
Borussia Monchengladbach, 3, 2, SC Freiburg, "Sunday, February 6, 2005", "Borussia-Park (40,450)"
VfL Wolfsburg, 2, 3, Werder Bremen, "Sunday, February 6, 2005", "Volkswagen Arena (24,231)"
Bayern Munich, 2, 0, Bayer Leverkusen, "Saturday, February 5, 2005", "Olympiastadion (45,000)"
Hannover 96, 1, 3, Borussia Dortmund, "Saturday, February 5, 2005", "AWD-Arena (36,000)"
Hansa Rostock, 2, 2, Schalke 04, "Saturday, February 5, 2005", "Ostseestadion (20,000)"
Mainz, 0, 3, Hertha Berlin, "Saturday, February 5, 2005", "Stadion am Bruchweg (20,800)"
Nurnberg, 1, 3, Hamburg SV, "Saturday, February 5, 2005", "Frankenstadion (22,269)"
VfB Stuttgart, 1, 1, Kaiserslautern, "Saturday, February 5, 2005", "Gottlieb-Daimler Stadion (32,000)"
VfL Bochum, 1, 1, Arminia Bielefeld, "Saturday, February 5, 2005", "Ruhrstadion (22,333)"
Hertha Berlin, 0, 0, Bayern Munich, "Sunday, January 30, 2005", "Olympiastadion (74,500)"
Werder Bremen, 3, 2, Hansa Rostock, "Sunday, January 30, 2005", "Weserstadion (38,345)"
Arminia Bielefeld, 0, 1, Hannover 96, "Saturday, January 29, 2005", "Schuco-Arena (21,400)"
Bayer Leverkusen, 4, 0, VfL Bochum, "Saturday, January 29, 2005", "BayArena (22,500)"
Borussia Dortmund, 1, 1, Borussia Monchengladbach, "Saturday, January 29, 2005", "Westfalenstadion (79,500)"
Hamburg SV, 2, 1, Mainz, "Saturday, January 29, 2005", "AOL-Arena (44,730)"
Kaiserslautern, 2, 0, Schalke 04, "Saturday, January 29, 2005", "Fritz-Walter Stadion (37,850)"
SC Freiburg, 1, 0, VfL Wolfsburg, "Saturday, January 29, 2005", "badenova-Stadion (20,000)"
VfB Stuttgart, 2, 4, Nurnberg, "Saturday, January 29, 2005", "Gottlieb-Daimler Stadion (45,700)"
Hannover 96, 0, 3, Bayer Leverkusen, "Sunday, January 23, 2005", "AWD-Arena (38,067)"
VfL Bochum, 2, 2, Hertha Berlin, "Sunday, January 23, 2005", "Ruhrstadion (23,926)"
Borussia Monchengladbach, 1, 0, Arminia Bielefeld, "Saturday, January 22, 2005", "Borussia-Park (40,633)"
Hansa Rostock, 0, 0, SC Freiburg, "Saturday, January 22, 2005", "Ostseestadion (22,500)"
Mainz, 2, 3, VfB Stuttgart, "Saturday, January 22, 2005", "Stadion am Bruchweg (20,800)"
Nurnberg, 1, 3, Kaiserslautern, "Saturday, January 22, 2005", "Frankenstadion (21,674)"
Schalke 04, 2, 1, Werder Bremen, "Saturday, January 22, 2005", "Arena AufSchalke (61,524)"
VfL Wolfsburg, 1, 2, Borussia Dortmund, "Saturday, January 22, 2005", "Volkswagen Arena (29,621)"
Bayern Munich, 3, 0, Hamburg SV, "Friday, January 21, 2005", "Olympiastadion (39,000)"
Borussia Monchengladbach, 1, 1, Bayer Leverkusen, "Sunday, December 12, 2004", "Borussia-Park (53,000)"
VfL Wolfsburg, 5, 0, Arminia Bielefeld, "Sunday, December 12, 2004", "Volkswagen Arena (20,000)"
Bayern Munich, 2, 2, VfB Stuttgart, "Saturday, December 11, 2004", "Olympiastadion (63,000)"
Hannover 96, 0, 1, Hertha Berlin, "Saturday, December 11, 2004", "AWD-Arena (42,000)"
Hansa Rostock, 1, 1, Borussia Dortmund, "Saturday, December 11, 2004", "Ostseestadion (21,800)"
Mainz, 0, 1, Nurnberg, "Saturday, December 11, 2004", "Stadion am Bruchweg (20,300)"
Schalke 04, 1, 1, SC Freiburg, "Saturday, December 11, 2004", "Arena AufSchalke (60,433)"
VfL Bochum, 1, 2, Hamburg SV, "Saturday, December 11, 2004", "Ruhrstadion (19,800)"
Werder Bremen, 1, 1, Kaiserslautern, "Saturday, December 11, 2004", "Weserstadion (39,398)"
Borussia Dortmund, 0, 1, Schalke 04, "Sunday, December 5, 2004", "Westfalenstadion (83,600)"
Kaiserslautern, 2, 0, Mainz, "Sunday, December 5, 2004", "Fritz-Walter Stadion (46,150)"
Arminia Bielefeld, 1, 1, Hansa Rostock, "Saturday, December 4, 2004", "Schuco-Arena (23,000)"
Bayer Leverkusen, 2, 1, VfL Wolfsburg, "Saturday, December 4, 2004", "BayArena (22,500)"
Hamburg SV, 0, 2, Hannover 96, "Saturday, December 4, 2004", "AOL-Arena (50,454)"
Hertha Berlin, 6, 0, Borussia Monchengladbach, "Saturday, December 4, 2004", "Olympiastadion (40,094)"
Nurnberg, 2, 2, Bayern Munich, "Saturday, December 4, 2004", "Frankenstadion (47,359)"
SC Freiburg, 0, 6, Werder Bremen, "Saturday, December 4, 2004", "badenova-Stadion (24,500)"
VfB Stuttgart, 5, 2, VfL Bochum, "Saturday, December 4, 2004", "Gottlieb-Daimler Stadion (35,000)"
Hannover 96, 0, 0, VfB Stuttgart, "Sunday, November 28, 2004", "AWD-Arena (33,538)"
Schalke 04, 2, 1, Arminia Bielefeld, "Sunday, November 28, 2004", "Arena AufSchalke (61,524)"
Bayern Munich, 4, 2, Mainz, "Saturday, November 27, 2004", "Olympiastadion (49,000)"
Borussia Monchengladbach, 1, 3, Hamburg SV, "Saturday, November 27, 2004", "Borussia-Park (52,155)"
Hansa Rostock, 0, 2, Bayer Leverkusen, "Saturday, November 27, 2004", "Ostseestadion (15,800)"
Kaiserslautern, 3, 0, SC Freiburg, "Saturday, November 27, 2004", "Fritz-Walter Stadion (30,741)"
VfL Bochum, 3, 1, Nurnberg, "Saturday, November 27, 2004", "Ruhrstadion (20,350)"
VfL Wolfsburg, 2, 3, Hertha Berlin, "Saturday, November 27, 2004", "Volkswagen Arena (23,886)"
Werder Bremen, 2, 0, Borussia Dortmund, "Saturday, November 27, 2004", "Weserstadion (43,000)"
Hamburg SV, 3, 1, VfL Wolfsburg, "Sunday, November 21, 2004", "AOL-Arena (48,246)"
Nurnberg, 1, 1, Hannover 96, "Sunday, November 21, 2004", "Frankenstadion (22,318)"
Arminia Bielefeld, 2, 1, Werder Bremen, "Saturday, November 20, 2004", "Schuco-Arena "
Bayer Leverkusen, 0, 3, Schalke 04, "Saturday, November 20, 2004", "BayArena (22,500)"
Bayern Munich, 3, 1, Kaiserslautern, "Saturday, November 20, 2004", "Olympiastadion (40,000)"
Borussia Dortmund, 2, 0, SC Freiburg, "Saturday, November 20, 2004", "Westfalenstadion (80,000)"
Hertha Berlin, 1, 1, Hansa Rostock, "Saturday, November 20, 2004", "Olympiastadion (43,286)"
Mainz, 1, 0, VfL Bochum, "Saturday, November 20, 2004", "Stadion am Bruchweg (20,300)"
VfB Stuttgart, 1, 0, Borussia Monchengladbach, "Saturday, November 20, 2004", "Gottlieb-Daimler Stadion (46,000)"
Hansa Rostock, 0, 6, Hamburg SV, "Sunday, November 14, 2004", "Ostseestadion (20,000)"
VfL Bochum, 1, 3, Bayern Munich, "Sunday, November 14, 2004", "Ruhrstadion (33,645)"
Borussia Monchengladbach, 2, 1, Nurnberg, "Saturday, November 13, 2004", "Borussia-Park (45,595)"
Hannover 96, 2, 0, Mainz, "Saturday, November 13, 2004", "AWD-Arena (31,078)"
Kaiserslautern, 1, 0, Borussia Dortmund, "Saturday, November 13, 2004", "Fritz-Walter Stadion (37,417)"
SC Freiburg, 2, 3, Arminia Bielefeld, "Saturday, November 13, 2004", "badenova-Stadion (21,000)"
Schalke 04, 1, 3, Hertha Berlin, "Saturday, November 13, 2004", "Arena AufSchalke (60,800)"
VfL Wolfsburg, 3, 0, VfB Stuttgart, "Saturday, November 13, 2004", "Volkswagen Arena (29,670)"
Werder Bremen, 2, 2, Bayer Leverkusen, "Saturday, November 13, 2004", "Weserstadion (38,128)"
Hamburg SV, 1, 2, Schalke 04, "Sunday, November 7, 2004", "AOL-Arena (53,487)"
VfB Stuttgart, 4, 0, Hansa Rostock, "Sunday, November 7, 2004", "Gottlieb-Daimler Stadion (46,000)"
Arminia Bielefeld, 1, 0, Borussia Dortmund, "Saturday, November 6, 2004", "Schuco-Arena (26,000)"
Bayer Leverkusen, 4, 1, SC Freiburg, "Saturday, November 6, 2004", "BayArena (22,500)"
Bayern Munich, 3, 0, Hannover 96, "Saturday, November 6, 2004", "Olympiastadion (62,000)"
Hertha Berlin, 1, 1, Werder Bremen, "Saturday, November 6, 2004", "Olympiastadion (47,411)"
Mainz, 1, 1, Borussia Monchengladbach, "Saturday, November 6, 2004", "Stadion am Bruchweg (20,800)"
Nurnberg, 4, 0, VfL Wolfsburg, "Saturday, November 6, 2004", "Frankenstadion (22,291)"
VfL Bochum, 1, 1, Kaiserslautern, "Saturday, November 6, 2004", "Ruhrstadion (22,977)"
Hansa Rostock, 0, 2, Nurnberg, "Sunday, October 31, 2004", "Ostseestadion (15,000)"
Kaiserslautern, 2, 1, Arminia Bielefeld, "Sunday, October 31, 2004", "Fritz-Walter Stadion (31,351)"
Borussia Dortmund, 1, 0, Bayer Leverkusen, "Saturday, October 30, 2004", "Westfalenstadion (78,000)"
Borussia Monchengladbach, 2, 0, Bayern Munich, "Saturday, October 30, 2004", "Stadium Bokelberg (53,000)"
Hannover 96, 3, 0, VfL Bochum, "Saturday, October 30, 2004", "Niedersachsenstadion (26,000)"
SC Freiburg, 1, 3, Hertha Berlin, "Saturday, October 30, 2004", "Dreisamstadion  (23,000)"
Schalke 04, 3, 2, VfB Stuttgart, "Saturday, October 30, 2004", "Arena Auf Schalke (61,524)"
VfL Wolfsburg, 4, 3, Mainz, "Saturday, October 30, 2004", "Volkswagen Arena (24,951)"
Werder Bremen, 1, 1, Hamburg SV, "Saturday, October 30, 2004", "Weserstadion (42,100)"
Bayer Leverkusen, 3, 2, Arminia Bielefeld, "Wednesday, October 27, 2004", "BayArena (22,500)"
Hamburg SV, 4, 0, SC Freiburg, "Wednesday, October 27, 2004", "Volksparkstadion (37,967)"
Mainz, 3, 1, Hansa Rostock, "Wednesday, October 27, 2004", "Stadion am Bruchweg (20,300)"
Nurnberg, 0, 2, Schalke 04, "Wednesday, October 27, 2004", "Frankenstadion (32,115)"
VfB Stuttgart, 1, 2, Werder Bremen, "Wednesday, October 27, 2004", "Gottlieb-Daimler Stadion (35,000)"
Bayern Munich, 2, 0, VfL Wolfsburg, "Tuesday, October 26, 2004", "Olympiastadion (37,000)"
Hannover 96, 3, 1, Kaiserslautern, "Tuesday, October 26, 2004", "Niedersachsenstadion (24,536)"
Hertha Berlin, 0, 1, Borussia Dortmund, "Tuesday, October 26, 2004", "Olympia Stadium (48,428)"
VfL Bochum, 3, 0, Borussia Monchengladbach, "Tuesday, October 26, 2004", "Ruhr Stadium (30,251)"
SC Freiburg, 2, 0, VfB Stuttgart, "Sunday, October 24, 2004", "Dreisamstadion  (25,000)"
Schalke 04, 2, 1, Mainz, "Sunday, October 24, 2004", "Arena Auf Schalke (61,000)"
Arminia Bielefeld, 1, 0, Hertha Berlin, "Saturday, October 23, 2004", "Almstadion (21,100)"
Borussia Dortmund, 0, 2, Hamburg SV, "Saturday, October 23, 2004", "Westfalenstadion (78,000)"
Borussia Monchengladbach, 0, 2, Hannover 96, "Saturday, October 23, 2004", "Stadium Bokelberg (43,506)"
Hansa Rostock, 0, 2, Bayern Munich, "Saturday, October 23, 2004", "Ostseestadion (30,000)"
Kaiserslautern, 0, 0, Bayer Leverkusen, "Saturday, October 23, 2004", "Fritz-Walter Stadion (34,843)"
VfL Wolfsburg, 3, 0, VfL Bochum, "Saturday, October 23, 2004", "Volkswagen Arena (20,187)"
Werder Bremen, 4, 1, Nurnberg, "Saturday, October 23, 2004", "Weserstadion (38,800)"
Borussia Monchengladbach, 2, 0, Kaiserslautern, "Sunday, October 17, 2004", "Stadium Bokelberg (50,000)"
Hannover 96, 3, 0, VfL Wolfsburg, "Sunday, October 17, 2004", "Niedersachsenstadion (34,110)"
Bayern Munich, 0, 1, Schalke 04, "Saturday, October 16, 2004", "Olympiastadion (63,000)"
Hamburg SV, 0, 2, Arminia Bielefeld, "Saturday, October 16, 2004", "Volksparkstadion (44,903)"
Hertha Berlin, 3, 1, Bayer Leverkusen, "Saturday, October 16, 2004", "Olympia Stadium (47,352)"
Mainz, 2, 1, Werder Bremen, "Saturday, October 16, 2004", "Stadion am Bruchweg (21,000)"
Nurnberg, 3, 0, SC Freiburg, "Saturday, October 16, 2004", "Frankenstadion (21,600)"
VfB Stuttgart, 2, 0, Borussia Dortmund, "Saturday, October 16, 2004", "Gottlieb-Daimler Stadion (48,000)"
VfL Bochum, 0, 1, Hansa Rostock, "Saturday, October 16, 2004", "Ruhr Stadium (21,000)"
Arminia Bielefeld, 0, 2, VfB Stuttgart, "Sunday, October 3, 2004", "Almstadion (22,800)"
Schalke 04, 3, 2, VfL Bochum, "Sunday, October 3, 2004", "Arena Auf Schalke (61,524)"
Bayer Leverkusen, 3, 0, Hamburg SV, "Saturday, October 2, 2004", "BayArena (22,000)"
Borussia Dortmund, 2, 2, Nurnberg, "Saturday, October 2, 2004", "Westfalenstadion (73,500)"
Hansa Rostock, 1, 3, Hannover 96, "Saturday, October 2, 2004", "Ostseestadion (16,700)"
Kaiserslautern, 0, 2, Hertha Berlin, "Saturday, October 2, 2004", "Fritz-Walter Stadion (30,696)"
SC Freiburg, 1, 2, Mainz, "Saturday, October 2, 2004", "Dreisamstadion  (22,000)"
VfL Wolfsburg, 2, 1, Borussia Monchengladbach, "Saturday, October 2, 2004", "Volkswagen Arena (24,000)"
Werder Bremen, 1, 2, Bayern Munich, "Saturday, October 2, 2004", "Weserstadion (42,100)"
Hannover 96, 0, 1, Arminia Bielefeld, "Tuesday, September 28, 2004", "Niedersachsenstadion (31,248)"
Hamburg SV, 2, 1, Hertha Berlin, "Sunday, September 26, 2004", "Volksparkstadion (43,169)"
Mainz, 1, 1, Borussia Dortmund, "Sunday, September 26, 2004", "Stadion am Bruchweg (43,000)"
Bayern Munich, 3, 1, SC Freiburg, "Saturday, September 25, 2004", "Olympiastadion (47,000)"
Borussia Monchengladbach, 2, 2, Hansa Rostock, "Saturday, September 25, 2004", "Stadium Bokelberg (42,600)"
Hannover 96, 1, 0, Schalke 04, "Saturday, September 25, 2004", "Niedersachsenstadion (34,011)"
Nurnberg, 1, 2, Arminia Bielefeld, "Saturday, September 25, 2004", "Frankenstadion (17,916)"
VfB Stuttgart, 3, 0, Bayer Leverkusen, "Saturday, September 25, 2004", "Gottlieb-Daimler Stadion (45,000)"
VfL Bochum, 1, 4, Werder Bremen, "Saturday, September 25, 2004", "Ruhr Stadium (25,000)"
VfL Wolfsburg, 2, 1, Kaiserslautern, "Saturday, September 25, 2004", "Volkswagen Arena (18,295)"
Hertha Berlin, 0, 0, VfB Stuttgart, "Sunday, September 19, 2004", "Olympia Stadium (45,349)"
SC Freiburg, 1, 1, VfL Bochum, "Sunday, September 19, 2004", "Dreisamstadion  (21,000)"
Arminia Bielefeld, 1, 1, Mainz, "Saturday, September 18, 2004", "Almstadion (15,400)"
Bayer Leverkusen, 2, 2, Nurnberg, "Saturday, September 18, 2004", "BayArena (22,500)"
Borussia Dortmund, 2, 2, Bayern Munich, "Saturday, September 18, 2004", "Westfalenstadion (83,000)"
Hansa Rostock, 1, 2, VfL Wolfsburg, "Saturday, September 18, 2004", "Ostseestadion (15,000)"
Kaiserslautern, 2, 1, Hamburg SV, "Saturday, September 18, 2004", "Fritz-Walter Stadion (32,502)"
Schalke 04, 3, 2, Borussia Monchengladbach, "Saturday, September 18, 2004", "Arena Auf Schalke (61,524)"
Werder Bremen, 3, 0, Hannover 96, "Saturday, September 18, 2004", "Weserstadion (40,100)"
Hannover 96, 2, 2, SC Freiburg, "Sunday, September 12, 2004", "Niedersachsenstadion (32,800)"
Hansa Rostock, 2, 3, Kaiserslautern, "Sunday, September 12, 2004", "Ostseestadion (19,000)"
Bayern Munich, 1, 0, Arminia Bielefeld, "Saturday, September 11, 2004", "Olympiastadion (48,000)"
Borussia Monchengladbach, 3, 1, Werder Bremen, "Saturday, September 11, 2004", "Stadium Bokelberg (52,100)"
Mainz, 2, 0, Bayer Leverkusen, "Saturday, September 11, 2004", "Stadion am Bruchweg (19,800)"
Nurnberg, 0, 0, Hertha Berlin, "Saturday, September 11, 2004", "Frankenstadion (30,000)"
VfB Stuttgart, 2, 0, Hamburg SV, "Saturday, September 11, 2004", "Gottlieb-Daimler Stadion (45,000)"
VfL Bochum, 2, 2, Borussia Dortmund, "Saturday, September 11, 2004", "Ruhr Stadium (32,230)"
VfL Wolfsburg, 3, 0, Schalke 04, "Saturday, September 11, 2004", "Volkswagen Arena (25,436)"
Borussia Dortmund, 1, 1, Hannover 96, "Sunday, August 29, 2004", "Westfalenstadion (74,000)"
Werder Bremen, 1, 2, VfL Wolfsburg, "Sunday, August 29, 2004", "Weserstadion (37,600)"
Arminia Bielefeld, 1, 2, VfL Bochum, "Saturday, August 28, 2004", "Almstadion (18,567)"
Bayer Leverkusen, 4, 1, Bayern Munich, "Saturday, August 28, 2004", "BayArena (22,500)"
Hamburg SV, 4, 3, Nurnberg, "Saturday, August 28, 2004", "Volksparkstadion (36,487)"
Hertha Berlin, 1, 1, Mainz, "Saturday, August 28, 2004", "Olympia Stadium (35,000)"
Kaiserslautern, 2, 3, VfB Stuttgart, "Saturday, August 28, 2004", "Fritz-Walter Stadion (37,828)"
SC Freiburg, 1, 1, Borussia Monchengladbach, "Saturday, August 28, 2004", "Dreisamstadion  (25,000)"
Schalke 04, 0, 2, Hansa Rostock, "Saturday, August 28, 2004", "Arena Auf Schalke "
VfL Bochum, 2, 2, Bayer Leverkusen, "Sunday, August 15, 2004", "Ruhr Stadium (26,289)"
VfL Wolfsburg, 0, 1, SC Freiburg, "Sunday, August 15, 2004", "Volkswagen Arena (16,378)"
Bayern Munich, 1, 1, Hertha Berlin, "Saturday, August 14, 2004", "Olympiastadion (58,000)"
Borussia Monchengladbach, 2, 3, Borussia Dortmund, "Saturday, August 14, 2004", "Stadium Bokelberg (53,348)"
Hansa Rostock, 0, 4, Werder Bremen, "Saturday, August 14, 2004", "Ostseestadion (23,100)"
Mainz, 2, 1, Hamburg SV, "Saturday, August 14, 2004", "Stadion am Bruchweg (18,700)"
Nurnberg, 1, 1, VfB Stuttgart, "Saturday, August 14, 2004", "Frankenstadion (41,384)"
Schalke 04, 2, 1, Kaiserslautern, "Saturday, August 14, 2004", "Arena Auf Schalke (60,956)"
Arminia Bielefeld, 0, 0, Borussia Monchengladbach, "Sunday, August 8, 2004", "Almstadion (26,600)"
VfB Stuttgart, 4, 2, Mainz, "Sunday, August 8, 2004", "Gottlieb-Daimler Stadion (45,000)"
Bayer Leverkusen, 2, 1, Hannover 96, "Saturday, August 7, 2004", "BayArena (22,500)"
Borussia Dortmund, 1, 2, VfL Wolfsburg, "Saturday, August 7, 2004", "Westfalenstadion (72,000)"
Hamburg SV, 0, 2, Bayern Munich, "Saturday, August 7, 2004", "Volksparkstadion (55,000)"
Hertha Berlin, 2, 2, VfL Bochum, "Saturday, August 7, 2004", "Olympia Stadium (45,435)"
Kaiserslautern, 1, 3, Nurnberg, "Saturday, August 7, 2004", "Fritz-Walter Stadion (37,528)"
SC Freiburg, 0, 0, Hansa Rostock, "Saturday, August 7, 2004", "Dreisamstadion  (19,000)"
Werder Bremen, 1, 0, Schalke 04, "Friday, August 6, 2004", "Weserstadion (43,000)"
