home, homescore, awayscore, away, date, group
Nurnberg, 2, 0, Energie Cottbus, "Sunday, May 31, 2009", "Grundig Stadion "
Energie Cottbus, 0, 3, Nurnberg, "Thursday, May 28, 2009", "Stadion der Freundschaft "
Arminia Bielefeld, 2, 2, Hannover 96, "Saturday, May 23, 2009", "SchücoArena (27,300)"
Bayern Munich, 2, 1, VfB Stuttgart, "Saturday, May 23, 2009", "Allianz Arena (69,000)"
Borussia Monchengladbach, 1, 1, Borussia Dortmund, "Saturday, May 23, 2009", "Borussia-Park (54,067)"
Eintracht Frankfurt, 2, 3, Hamburg SV, "Saturday, May 23, 2009", "Commerzbank Arena (51,500)"
Energie Cottbus, 3, 0, Bayer Leverkusen, "Saturday, May 23, 2009", "Stadion der Freundschaft (20,140)"
FC Cologne, 1, 1, VfL Bochum, "Saturday, May 23, 2009", "RheinEnergieStadion (50,000)"
Karlsruhe, 4, 0, Hertha Berlin, "Saturday, May 23, 2009", "Wildparkstadion (30,600)"
Schalke 04, 2, 3, TSG Hoffenheim, "Saturday, May 23, 2009", "Veltins-Arena (61,673)"
VfL Wolfsburg, 5, 1, Werder Bremen, "Saturday, May 23, 2009", "Volkswagen Arena (30,300)"
Bayer Leverkusen, 5, 0, Borussia Monchengladbach, "Saturday, May 16, 2009", "ESPRIT arena (43,000)"
Borussia Dortmund, 6, 0, Arminia Bielefeld, "Saturday, May 16, 2009", "Signal Iduna Park (80,200)"
Hamburg SV, 0, 1, FC Cologne, "Saturday, May 16, 2009", "Imtech Arena (57,000)"
Hannover 96, 0, 5, VfL Wolfsburg, "Saturday, May 16, 2009", "AWD-Arena (49,000)"
Hertha Berlin, 0, 0, Schalke 04, "Saturday, May 16, 2009", "Olympiastadion (74,244)"
TSG Hoffenheim, 2, 2, Bayern Munich, "Saturday, May 16, 2009", "WIRSOL Rhein-Neckar-Arena (30,150)"
VfB Stuttgart, 2, 0, Energie Cottbus, "Saturday, May 16, 2009", "Mercedes-Benz Arena (55,500)"
VfL Bochum, 2, 0, Eintracht Frankfurt, "Saturday, May 16, 2009", "rewirpowerSTADION (30,420)"
Werder Bremen, 1, 3, Karlsruhe, "Saturday, May 16, 2009", "Weserstadion (39,119)"
Arminia Bielefeld, 0, 2, TSG Hoffenheim, "Wednesday, May 13, 2009", "SchücoArena (25,200)"
Eintracht Frankfurt, 0, 5, Werder Bremen, "Wednesday, May 13, 2009", "Commerzbank Arena (51,400)"
Energie Cottbus, 0, 1, Borussia Monchengladbach, "Wednesday, May 13, 2009", "Stadion der Freundschaft (20,850)"
Hamburg SV, 3, 1, VfL Bochum, "Wednesday, May 13, 2009", "Imtech Arena (47,942)"
Schalke 04, 1, 2, VfB Stuttgart, "Wednesday, May 13, 2009", "Veltins-Arena (61,000)"
Bayern Munich, 3, 0, Bayer Leverkusen, "Tuesday, May 12, 2009", "Allianz Arena (63,000)"
FC Cologne, 1, 2, Hertha Berlin, "Tuesday, May 12, 2009", "RheinEnergieStadion (48,000)"
Karlsruhe, 2, 3, Hannover 96, "Tuesday, May 12, 2009", "Wildparkstadion (29,930)"
VfL Wolfsburg, 3, 0, Borussia Dortmund, "Tuesday, May 12, 2009", "Volkswagen Arena (30,000)"
Borussia Monchengladbach, 1, 0, Schalke 04, "Sunday, May 10, 2009", "Borussia-Park (54,067)"
Werder Bremen, 2, 0, Hamburg SV, "Sunday, May 10, 2009", "Weserstadion (42,000)"
Borussia Dortmund, 4, 0, Karlsruhe, "Saturday, May 9, 2009", "Signal Iduna Park (80,100)"
Energie Cottbus, 1, 3, Bayern Munich, "Saturday, May 9, 2009", "Stadion der Freundschaft (22,528)"
Hannover 96, 1, 1, Eintracht Frankfurt, "Saturday, May 9, 2009", "AWD-Arena (44,855)"
Hertha Berlin, 2, 0, VfL Bochum, "Saturday, May 9, 2009", "Olympiastadion (71,323)"
TSG Hoffenheim, 2, 0, FC Cologne, "Saturday, May 9, 2009", "WIRSOL Rhein-Neckar-Arena (30,150)"
VfB Stuttgart, 4, 1, VfL Wolfsburg, "Saturday, May 9, 2009", "Mercedes-Benz Arena (55,700)"
Bayer Leverkusen, 2, 2, Arminia Bielefeld, "Friday, May 8, 2009", "ESPRIT arena (23,150)"
FC Cologne, 1, 0, Werder Bremen, "Sunday, May 3, 2009", "RheinEnergieStadion (50,000)"
Hamburg SV, 1, 1, Hertha Berlin, "Sunday, May 3, 2009", "Imtech Arena (57,000)"
Arminia Bielefeld, 2, 2, VfB Stuttgart, "Saturday, May 2, 2009", "SchücoArena (25,800)"
Bayern Munich, 2, 1, Borussia Monchengladbach, "Saturday, May 2, 2009", "Allianz Arena (69,000)"
Eintracht Frankfurt, 0, 2, Borussia Dortmund, "Saturday, May 2, 2009", "Commerzbank Arena (51,500)"
Karlsruhe, 0, 0, Energie Cottbus, "Saturday, May 2, 2009", "Wildparkstadion (26,500)"
Schalke 04, 1, 2, Bayer Leverkusen, "Saturday, May 2, 2009", "Veltins-Arena (61,162)"
VfL Wolfsburg, 4, 0, TSG Hoffenheim, "Saturday, May 2, 2009", "Volkswagen Arena (30,000)"
VfL Bochum, 0, 2, Hannover 96, "Friday, May 1, 2009", "rewirpowerSTADION (26,072)"
Borussia Monchengladbach, 1, 1, Arminia Bielefeld, "Sunday, April 26, 2009", "Borussia-Park (50,108)"
Energie Cottbus, 2, 0, VfL Wolfsburg, "Sunday, April 26, 2009", "Stadion der Freundschaft (15,750)"
Bayer Leverkusen, 0, 1, Karlsruhe, "Saturday, April 25, 2009", "ESPRIT arena (20,000)"
Bayern Munich, 0, 1, Schalke 04, "Saturday, April 25, 2009", "Allianz Arena (69,000)"
Borussia Dortmund, 2, 0, Hamburg SV, "Saturday, April 25, 2009", "Signal Iduna Park (50,000)"
Hannover 96, 2, 1, FC Cologne, "Saturday, April 25, 2009", "AWD-Arena (48,000)"
VfB Stuttgart, 2, 0, Eintracht Frankfurt, "Saturday, April 25, 2009", "Mercedes-Benz Arena (55,000)"
Werder Bremen, 3, 2, VfL Bochum, "Saturday, April 25, 2009", "Weserstadion (39,303)"
TSG Hoffenheim, 0, 1, Hertha Berlin, "Friday, April 24, 2009", "WIRSOL Rhein-Neckar-Arena (30,150)"
Hamburg SV, 2, 1, Hannover 96, "Sunday, April 19, 2009", "Imtech Arena (56,454)"
Hertha Berlin, 2, 1, Werder Bremen, "Sunday, April 19, 2009", "Olympiastadion (68,022)"
Arminia Bielefeld, 0, 1, Bayern Munich, "Saturday, April 18, 2009", "SchücoArena (27,300)"
Eintracht Frankfurt, 4, 1, Borussia Monchengladbach, "Saturday, April 18, 2009", "Commerzbank Arena (51,500)"
FC Cologne, 0, 3, VfB Stuttgart, "Saturday, April 18, 2009", "RheinEnergieStadion (49,000)"
Karlsruhe, 2, 2, TSG Hoffenheim, "Saturday, April 18, 2009", "Wildparkstadion (30,500)"
VfL Bochum, 0, 2, Borussia Dortmund, "Saturday, April 18, 2009", "rewirpowerSTADION (31,328)"
VfL Wolfsburg, 2, 1, Bayer Leverkusen, "Saturday, April 18, 2009", "Volkswagen Arena (30,000)"
Schalke 04, 4, 0, Energie Cottbus, "Friday, April 17, 2009", "Veltins-Arena (60,300)"
Bayer Leverkusen, 1, 1, Werder Bremen, "Sunday, April 12, 2009", "ESPRIT arena (43,900)"
VfB Stuttgart, 1, 0, Hamburg SV, "Sunday, April 12, 2009", "Mercedes-Benz Arena (55,700)"
Bayern Munich, 4, 0, Eintracht Frankfurt, "Saturday, April 11, 2009", "Allianz Arena (69,000)"
Borussia Dortmund, 3, 1, FC Cologne, "Saturday, April 11, 2009", "Signal Iduna Park (80,552)"
Borussia Monchengladbach, 1, 2, VfL Wolfsburg, "Saturday, April 11, 2009", "Borussia-Park (49,152)"
Energie Cottbus, 2, 1, Arminia Bielefeld, "Saturday, April 11, 2009", "Stadion der Freundschaft (17,150)"
Hannover 96, 2, 0, Hertha Berlin, "Saturday, April 11, 2009", "AWD-Arena (47,187)"
Schalke 04, 2, 0, Karlsruhe, "Saturday, April 11, 2009", "Veltins-Arena (61,397)"
TSG Hoffenheim, 0, 3, VfL Bochum, "Saturday, April 11, 2009", "WIRSOL Rhein-Neckar-Arena (30,150)"
FC Cologne, 0, 2, Bayer Leverkusen, "Sunday, April 5, 2009", "RheinEnergieStadion (49,800)"
Karlsruhe, 0, 0, Borussia Monchengladbach, "Sunday, April 5, 2009", "Wildparkstadion (29,380)"
Werder Bremen, 4, 1, Hannover 96, "Sunday, April 5, 2009", "Weserstadion (42,100)"
Eintracht Frankfurt, 2, 1, Energie Cottbus, "Saturday, April 4, 2009", "Commerzbank Arena (44,800)"
Hamburg SV, 1, 0, TSG Hoffenheim, "Saturday, April 4, 2009", "Imtech Arena (57,000)"
Hertha Berlin, 1, 3, Borussia Dortmund, "Saturday, April 4, 2009", "Olympiastadion (74,244)"
VfL Bochum, 1, 2, VfB Stuttgart, "Saturday, April 4, 2009", "rewirpowerSTADION (24,718)"
VfL Wolfsburg, 5, 1, Bayern Munich, "Saturday, April 4, 2009", "Volkswagen Arena (30,000)"
Arminia Bielefeld, 0, 2, Schalke 04, "Friday, April 3, 2009", "SchücoArena (27,300)"
Schalke 04, 1, 2, Hamburg SV, "Sunday, March 22, 2009", "Veltins-Arena (61,673)"
Arminia Bielefeld, 0, 3, VfL Wolfsburg, "Saturday, March 21, 2009", "SchücoArena (20,200)"
Bayer Leverkusen, 1, 1, Eintracht Frankfurt, "Saturday, March 21, 2009", "ESPRIT arena (32,000)"
Bayern Munich, 1, 0, Karlsruhe, "Saturday, March 21, 2009", "Allianz Arena (69,000)"
Borussia Dortmund, 1, 0, Werder Bremen, "Saturday, March 21, 2009", "Signal Iduna Park (75,500)"
Energie Cottbus, 0, 2, FC Cologne, "Saturday, March 21, 2009", "Stadion der Freundschaft (15,650)"
TSG Hoffenheim, 2, 2, Hannover 96, "Saturday, March 21, 2009", "WIRSOL Rhein-Neckar-Arena (30,150)"
VfB Stuttgart, 2, 0, Hertha Berlin, "Saturday, March 21, 2009", "Mercedes-Benz Arena (50,000)"
Borussia Monchengladbach, 0, 1, VfL Bochum, "Friday, March 20, 2009", "Borussia-Park (49,282)"
Hamburg SV, 2, 0, Energie Cottbus, "Sunday, March 15, 2009", "Imtech Arena (50,121)"
Werder Bremen, 4, 0, VfB Stuttgart, "Sunday, March 15, 2009", "Weserstadion (39,272)"
Eintracht Frankfurt, 1, 1, TSG Hoffenheim, "Saturday, March 14, 2009", "Commerzbank Arena (51,500)"
FC Cologne, 2, 4, Borussia Monchengladbach, "Saturday, March 14, 2009", "RheinEnergieStadion (50,067)"
Hannover 96, 4, 4, Borussia Dortmund, "Saturday, March 14, 2009", "AWD-Arena (48,000)"
Hertha Berlin, 1, 0, Bayer Leverkusen, "Saturday, March 14, 2009", "Olympiastadion (58,753)"
Karlsruhe, 0, 1, Arminia Bielefeld, "Saturday, March 14, 2009", "Wildparkstadion (24,621)"
VfL Bochum, 0, 3, Bayern Munich, "Saturday, March 14, 2009", "rewirpowerSTADION (31,328)"
VfL Wolfsburg, 4, 3, Schalke 04, "Friday, March 13, 2009", "Volkswagen Arena (29,000)"
Arminia Bielefeld, 0, 0, Eintracht Frankfurt, "Sunday, March 8, 2009", "SchücoArena (20,000)"
Bayer Leverkusen, 1, 1, VfL Bochum, "Sunday, March 8, 2009", "ESPRIT arena (26,000)"
Bayern Munich, 5, 1, Hannover 96, "Saturday, March 7, 2009", "Allianz Arena (69,000)"
Borussia Monchengladbach, 4, 1, Hamburg SV, "Saturday, March 7, 2009", "Borussia-Park (50,273)"
Energie Cottbus, 1, 3, Hertha Berlin, "Saturday, March 7, 2009", "Stadion der Freundschaft (20,000)"
TSG Hoffenheim, 0, 0, Werder Bremen, "Saturday, March 7, 2009", "WIRSOL Rhein-Neckar-Arena (30,115)"
VfB Stuttgart, 2, 1, Borussia Dortmund, "Saturday, March 7, 2009", "Mercedes-Benz Arena (55,896)"
VfL Wolfsburg, 1, 0, Karlsruhe, "Saturday, March 7, 2009", "Volkswagen Arena (24,459)"
Schalke 04, 1, 0, FC Cologne, "Friday, March 6, 2009", "Veltins-Arena (61,673)"
Hamburg SV, 1, 3, VfL Wolfsburg, "Sunday, March 1, 2009", "Imtech Arena (57,000)"
Werder Bremen, 0, 0, Bayern Munich, "Sunday, March 1, 2009", "Weserstadion (42,100)"
Karlsruhe, 0, 2, VfB Stuttgart, "Sunday, March 1, 2009", "Wildparkstadion (29,252)"
Borussia Dortmund, 0, 0, TSG Hoffenheim, "Saturday, February 28, 2009", "Signal Iduna Park (78,800)"
Eintracht Frankfurt, 1, 2, Schalke 04, "Saturday, February 28, 2009", "Commerzbank Arena (51,500)"
Hannover 96, 1, 0, Bayer Leverkusen, "Saturday, February 28, 2009", "AWD-Arena (32,337)"
Hertha Berlin, 2, 1, Borussia Monchengladbach, "Saturday, February 28, 2009", "Olympiastadion (48,534)"
VfL Bochum, 3, 2, Energie Cottbus, "Saturday, February 28, 2009", "rewirpowerSTADION (18,103)"
FC Cologne, 1, 1, Arminia Bielefeld, "Friday, February 27, 2009", "RheinEnergieStadion (47,500)"
Bayer Leverkusen, 1, 2, Hamburg SV, "Sunday, February 22, 2009", "ESPRIT arena (33,000)"
Arminia Bielefeld, 1, 1, VfL Bochum, "Saturday, February 21, 2009", "SchücoArena (20,200)"
Bayern Munich, 1, 2, FC Cologne, "Saturday, February 21, 2009", "Allianz Arena (69,000)"
Borussia Monchengladbach, 3, 2, Hannover 96, "Saturday, February 21, 2009", "Borussia-Park (37,000)"
Energie Cottbus, 2, 1, Werder Bremen, "Saturday, February 21, 2009", "Stadion der Freundschaft (40,780)"
Karlsruhe, 0, 1, Eintracht Frankfurt, "Saturday, February 21, 2009", "Wildparkstadion (27,600)"
VfB Stuttgart, 3, 3, TSG Hoffenheim, "Saturday, February 21, 2009", "Mercedes-Benz Arena (54,000)"
VfL Wolfsburg, 2, 1, Hertha Berlin, "Saturday, February 21, 2009", "Volkswagen Arena (29,300)"
Schalke 04, 1, 1, Borussia Dortmund, "Friday, February 20, 2009", "Veltins-Arena (61,673)"
Borussia Dortmund, 1, 1, Energie Cottbus, "Sunday, February 15, 2009", "Signal Iduna Park (66,300)"
Hamburg SV, 2, 0, Arminia Bielefeld, "Sunday, February 15, 2009", "Imtech Arena (53,292)"
Eintracht Frankfurt, 0, 2, VfL Wolfsburg, "Saturday, February 14, 2009", "Commerzbank Arena (35,600)"
FC Cologne, 0, 0, Karlsruhe, "Saturday, February 14, 2009", "RheinEnergieStadion (48,000)"
Hannover 96, 3, 3, VfB Stuttgart, "Saturday, February 14, 2009", "AWD-Arena (31,127)"
Hertha Berlin, 2, 1, Bayern Munich, "Saturday, February 14, 2009", "Olympiastadion (74,244)"
VfL Bochum, 2, 1, Schalke 04, "Saturday, February 14, 2009", "rewirpowerSTADION (31,000)"
Werder Bremen, 1, 1, Borussia Monchengladbach, "Saturday, February 14, 2009", "Weserstadion (41,232)"
TSG Hoffenheim, 1, 4, Bayer Leverkusen, "Friday, February 13, 2009", "WIRSOL Rhein-Neckar-Arena (30,150)"
Bayern Munich, 3, 1, Borussia Dortmund, "Sunday, February 8, 2009", "Allianz Arena (69,000)"
Energie Cottbus, 3, 1, Hannover 96, "Sunday, February 8, 2009", "Stadion der Freundschaft (12,980)"
Bayer Leverkusen, 2, 4, VfB Stuttgart, "Saturday, February 7, 2009", "ESPRIT arena (32,000)"
Borussia Monchengladbach, 1, 1, TSG Hoffenheim, "Saturday, February 7, 2009", "Borussia-Park (42,421)"
Eintracht Frankfurt, 2, 2, FC Cologne, "Saturday, February 7, 2009", "Commerzbank Arena (51,300)"
Karlsruhe, 3, 2, Hamburg SV, "Saturday, February 7, 2009", "Wildparkstadion (28,000)"
Schalke 04, 1, 0, Werder Bremen, "Saturday, February 7, 2009", "Veltins-Arena (61,673)"
VfL Wolfsburg, 2, 0, VfL Bochum, "Saturday, February 7, 2009", "Volkswagen Arena (26,177)"
Arminia Bielefeld, 1, 1, Hertha Berlin, "Friday, February 6, 2009", "SchücoArena "
VfL Bochum, 2, 0, Karlsruhe, "Sunday, February 1, 2009", "rewirpowerSTADION (20,154)"
Werder Bremen, 1, 2, Arminia Bielefeld, "Sunday, February 1, 2009", "Weserstadion (39,000)"
Borussia Dortmund, 1, 1, Bayer Leverkusen, "Saturday, January 31, 2009", "Signal Iduna Park (73,700)"
FC Cologne, 1, 1, VfL Wolfsburg, "Saturday, January 31, 2009", "RheinEnergieStadion (49,000)"
Hannover 96, 1, 0, Schalke 04, "Saturday, January 31, 2009", "AWD-Arena (45,667)"
Hertha Berlin, 2, 1, Eintracht Frankfurt, "Saturday, January 31, 2009", "Olympiastadion (39,847)"
TSG Hoffenheim, 2, 0, Energie Cottbus, "Saturday, January 31, 2009", "WIRSOL Rhein-Neckar-Arena (30,150)"
VfB Stuttgart, 2, 0, Borussia Monchengladbach, "Saturday, January 31, 2009", "Mercedes-Benz Arena (41,000)"
Hamburg SV, 1, 0, Bayern Munich, "Friday, January 30, 2009", "Imtech Arena (57,000)"
TSG Hoffenheim, 1, 1, Schalke 04, "Sunday, December 14, 2008", "Carl-Benz-Stadion (26,300)"
Bayer Leverkusen, 1, 1, Energie Cottbus, "Saturday, December 13, 2008", "BayArena (19,500)"
Hamburg SV, 1, 0, Eintracht Frankfurt, "Saturday, December 13, 2008", "Imtech Arena (55,274)"
Hannover 96, 1, 1, Arminia Bielefeld, "Saturday, December 13, 2008", "AWD-Arena (36,672)"
Hertha Berlin, 4, 0, Karlsruhe, "Saturday, December 13, 2008", "Olympiastadion (38,421)"
VfB Stuttgart, 2, 2, Bayern Munich, "Saturday, December 13, 2008", "Mercedes-Benz Arena (55,700)"
VfL Bochum, 1, 2, FC Cologne, "Saturday, December 13, 2008", "rewirpowerSTADION (30,208)"
Werder Bremen, 2, 1, VfL Wolfsburg, "Saturday, December 13, 2008", "Weserstadion (32,100)"
Borussia Dortmund, 2, 1, Borussia Monchengladbach, "Friday, December 12, 2008", "Signal Iduna Park (79,700)"
FC Cologne, 1, 2, Hamburg SV, "Sunday, December 7, 2008", "RheinEnergieStadion (50,000)"
VfL Wolfsburg, 2, 1, Hannover 96, "Sunday, December 7, 2008", "Volkswagen Arena "
Arminia Bielefeld, 0, 0, Borussia Dortmund, "Saturday, December 6, 2008", "SchücoArena (25,400)"
Borussia Monchengladbach, 1, 3, Bayer Leverkusen, "Saturday, December 6, 2008", "Borussia-Park (44,161)"
Eintracht Frankfurt, 4, 0, VfL Bochum, "Saturday, December 6, 2008", "Commerzbank Arena (39,400)"
Energie Cottbus, 0, 3, VfB Stuttgart, "Saturday, December 6, 2008", "Stadion der Freundschaft (13,527)"
Karlsruhe, 1, 0, Werder Bremen, "Saturday, December 6, 2008", "Wildparkstadion (29,400)"
Schalke 04, 1, 0, Hertha Berlin, "Saturday, December 6, 2008", "Veltins-Arena (61,000)"
Bayern Munich, 2, 1, TSG Hoffenheim, "Friday, December 5, 2008", "Allianz Arena (69,000)"
Borussia Dortmund, 0, 0, VfL Wolfsburg, "Sunday, November 30, 2008", "Signal Iduna Park (67,100)"
VfB Stuttgart, 2, 0, Schalke 04, "Sunday, November 30, 2008", "Mercedes-Benz Arena (55,800)"
VfL Bochum, 1, 1, Hamburg SV, "Sunday, November 30, 2008", "rewirpowerSTADION (23,157)"
Bayer Leverkusen, 0, 2, Bayern Munich, "Saturday, November 29, 2008", "BayArena (32,500)"
Borussia Monchengladbach, 1, 3, Energie Cottbus, "Saturday, November 29, 2008", "Borussia-Park (36,454)"
Hannover 96, 3, 2, Karlsruhe, "Saturday, November 29, 2008", "AWD-Arena (32,417)"
TSG Hoffenheim, 3, 0, Arminia Bielefeld, "Saturday, November 29, 2008", "Carl-Benz-Stadion (26,300)"
Werder Bremen, 5, 0, Eintracht Frankfurt, "Saturday, November 29, 2008", "Weserstadion (40,078)"
Hertha Berlin, 2, 1, FC Cologne, "Friday, November 28, 2008", "Olympiastadion (40,204)"
Hamburg SV, 2, 1, Werder Bremen, "Sunday, November 23, 2008", "Imtech Arena (56,121)"
Arminia Bielefeld, 2, 1, Bayer Leverkusen, "Saturday, November 22, 2008", "SchücoArena (20,700)"
Bayern Munich, 4, 1, Energie Cottbus, "Saturday, November 22, 2008", "Allianz Arena (69,000)"
Eintracht Frankfurt, 4, 0, Hannover 96, "Saturday, November 22, 2008", "Commerzbank Arena (39,000)"
FC Cologne, 1, 3, TSG Hoffenheim, "Saturday, November 22, 2008", "RheinEnergieStadion (50,000)"
Schalke 04, 3, 1, Borussia Monchengladbach, "Saturday, November 22, 2008", "Veltins-Arena (61,673)"
VfL Bochum, 2, 3, Hertha Berlin, "Saturday, November 22, 2008", "rewirpowerSTADION (18,248)"
VfL Wolfsburg, 4, 1, VfB Stuttgart, "Saturday, November 22, 2008", "Volkswagen Arena (24,000)"
Karlsruhe, 0, 1, Borussia Dortmund, "Friday, November 21, 2008", "Wildparkstadion (29,650)"
Werder Bremen, 3, 1, FC Cologne, "Sunday, November 16, 2008", "Weserstadion (42,000)"
Bayer Leverkusen, 2, 1, Schalke 04, "Saturday, November 15, 2008", "BayArena (22,500)"
Borussia Dortmund, 4, 0, Eintracht Frankfurt, "Saturday, November 15, 2008", "Signal Iduna Park (72,200)"
Borussia Monchengladbach, 2, 2, Bayern Munich, "Saturday, November 15, 2008", "Borussia-Park (54,067)"
Energie Cottbus, 1, 0, Karlsruhe, "Saturday, November 15, 2008", "Stadion der Freundschaft (13,000)"
Hertha Berlin, 2, 1, Hamburg SV, "Saturday, November 15, 2008", "Olympiastadion (48,825)"
TSG Hoffenheim, 3, 2, VfL Wolfsburg, "Saturday, November 15, 2008", "Carl-Benz-Stadion (26,300)"
VfB Stuttgart, 0, 0, Arminia Bielefeld, "Saturday, November 15, 2008", "Mercedes-Benz Arena (52,000)"
Hannover 96, 1, 1, VfL Bochum, "Friday, November 14, 2008", "AWD-Arena (30,827)"
Eintracht Frankfurt, 2, 2, VfB Stuttgart, "Sunday, November 9, 2008", "Commerzbank Arena (51,000)"
Hertha Berlin, 1, 0, TSG Hoffenheim, "Sunday, November 9, 2008", "Olympiastadion (59,000)"
Schalke 04, 1, 2, Bayern Munich, "Sunday, November 9, 2008", "Veltins-Arena (61,673)"
Arminia Bielefeld, 0, 2, Borussia Monchengladbach, "Saturday, November 8, 2008", "SchücoArena (24,600)"
Hamburg SV, 2, 1, Borussia Dortmund, "Saturday, November 8, 2008", "Imtech Arena (57,000)"
Karlsruhe, 3, 3, Bayer Leverkusen, "Saturday, November 8, 2008", "Wildparkstadion (28,200)"
VfL Bochum, 0, 0, Werder Bremen, "Saturday, November 8, 2008", "rewirpowerSTADION (24,000)"
VfL Wolfsburg, 3, 0, Energie Cottbus, "Saturday, November 8, 2008", "Volkswagen Arena (29,010)"
FC Cologne, 2, 1, Hannover 96, "Friday, November 7, 2008", "RheinEnergieStadion (47,000)"
Borussia Dortmund, 1, 1, VfL Bochum, "Sunday, November 2, 2008", "Signal Iduna Park (71,600)"
Borussia Monchengladbach, 1, 2, Eintracht Frankfurt, "Sunday, November 2, 2008", "Borussia-Park (44,773)"
Bayern Munich, 3, 1, Arminia Bielefeld, "Saturday, November 1, 2008", "Allianz Arena (69,000)"
Energie Cottbus, 0, 2, Schalke 04, "Saturday, November 1, 2008", "Stadion der Freundschaft (16,500)"
Hannover 96, 3, 0, Hamburg SV, "Saturday, November 1, 2008", "AWD-Arena (49,000)"
TSG Hoffenheim, 4, 1, Karlsruhe, "Saturday, November 1, 2008", "Carl-Benz-Stadion (26,300)"
VfB Stuttgart, 1, 3, FC Cologne, "Saturday, November 1, 2008", "Mercedes-Benz Arena (55,000)"
Werder Bremen, 5, 1, Hertha Berlin, "Saturday, November 1, 2008", "Weserstadion (40,218)"
Bayer Leverkusen, 2, 0, VfL Wolfsburg, "Friday, October 31, 2008", "BayArena (22,500)"
Eintracht Frankfurt, 1, 2, Bayern Munich, "Wednesday, October 29, 2008", "Commerzbank Arena (51,500)"
FC Cologne, 0, 1, Borussia Dortmund, "Wednesday, October 29, 2008", "RheinEnergieStadion (50,000)"
Hamburg SV, 2, 0, VfB Stuttgart, "Wednesday, October 29, 2008", "Imtech Arena (50,037)"
Hertha Berlin, 3, 0, Hannover 96, "Wednesday, October 29, 2008", "Olympiastadion (31,329)"
VfL Bochum, 1, 3, TSG Hoffenheim, "Wednesday, October 29, 2008", "rewirpowerSTADION (24,444)"
Arminia Bielefeld, 1, 1, Energie Cottbus, "Tuesday, October 28, 2008", "SchücoArena (18,200)"
Karlsruhe, 0, 3, Schalke 04, "Tuesday, October 28, 2008", "Wildparkstadion (29,000)"
VfL Wolfsburg, 3, 0, Borussia Monchengladbach, "Tuesday, October 28, 2008", "Volkswagen Arena (22,500)"
Werder Bremen, 0, 2, Bayer Leverkusen, "Tuesday, October 28, 2008", "Weserstadion (37,142)"
Borussia Dortmund, 1, 1, Hertha Berlin, "Sunday, October 26, 2008", "Signal Iduna Park (66,600)"
TSG Hoffenheim, 3, 0, Hamburg SV, "Sunday, October 26, 2008", "Carl-Benz-Stadion (26,300)"
VfB Stuttgart, 2, 0, VfL Bochum, "Sunday, October 26, 2008", "Mercedes-Benz Arena (43,000)"
Bayern Munich, 4, 2, VfL Wolfsburg, "Saturday, October 25, 2008", "Allianz Arena (69,000)"
Borussia Monchengladbach, 1, 0, Karlsruhe, "Saturday, October 25, 2008", "Borussia-Park (39,000)"
Energie Cottbus, 2, 3, Eintracht Frankfurt, "Saturday, October 25, 2008", "Stadion der Freundschaft (13,264)"
Hannover 96, 1, 1, Werder Bremen, "Saturday, October 25, 2008", "AWD-Arena (49,000)"
Schalke 04, 0, 0, Arminia Bielefeld, "Saturday, October 25, 2008", "Veltins-Arena (60,886)"
Bayer Leverkusen, 2, 0, FC Cologne, "Friday, October 24, 2008", "BayArena (22,500)"
Eintracht Frankfurt, 2, 1, Karlsruhe, "Wednesday, October 22, 2008", "Commerzbank Arena (46,000)"
Hamburg SV, 1, 1, Schalke 04, "Sunday, October 19, 2008", "Imtech Arena (57,000)"
Eintracht Frankfurt, 0, 2, Bayer Leverkusen, "Saturday, October 18, 2008", "Commerzbank Arena (48,000)"
FC Cologne, 1, 0, Energie Cottbus, "Saturday, October 18, 2008", "RheinEnergieStadion (45,000)"
Hannover 96, 2, 5, TSG Hoffenheim, "Saturday, October 18, 2008", "AWD-Arena (40,000)"
Hertha Berlin, 2, 1, VfB Stuttgart, "Saturday, October 18, 2008", "Olympiastadion (45,000)"
Karlsruhe, 0, 1, Bayern Munich, "Saturday, October 18, 2008", "Wildparkstadion (30,500)"
VfL Wolfsburg, 4, 1, Arminia Bielefeld, "Saturday, October 18, 2008", "Volkswagen Arena (22,000)"
Werder Bremen, 3, 3, Borussia Dortmund, "Saturday, October 18, 2008", "Weserstadion (42,100)"
VfL Bochum, 2, 2, Borussia Monchengladbach, "Friday, October 17, 2008", "rewirpowerSTADION (31,000)"
Borussia Dortmund, 1, 1, Hannover 96, "Sunday, October 5, 2008", "Signal Iduna Park (68,000)"
Energie Cottbus, 1, 2, Hamburg SV, "Sunday, October 5, 2008", "Stadion der Freundschaft (17,007)"
Schalke 04, 2, 2, VfL Wolfsburg, "Sunday, October 5, 2008", "Veltins-Arena (60,549)"
Bayer Leverkusen, 0, 1, Hertha Berlin, "Saturday, October 4, 2008", "BayArena (22,500)"
Bayern Munich, 3, 3, VfL Bochum, "Saturday, October 4, 2008", "Allianz Arena (69,000)"
Borussia Monchengladbach, 1, 2, FC Cologne, "Saturday, October 4, 2008", "Borussia-Park (54,067)"
TSG Hoffenheim, 2, 1, Eintracht Frankfurt, "Saturday, October 4, 2008", "Carl-Benz-Stadion (26,300)"
VfB Stuttgart, 4, 1, Werder Bremen, "Saturday, October 4, 2008", "Mercedes-Benz Arena (55,800)"
Arminia Bielefeld, 1, 2, Karlsruhe, "Friday, October 3, 2008", "SchücoArena (20,900)"
Eintracht Frankfurt, 1, 1, Arminia Bielefeld, "Sunday, September 28, 2008", "Commerzbank Arena (37,000)"
Karlsruhe, 2, 1, VfL Wolfsburg, "Sunday, September 28, 2008", "Wildparkstadion (25,293)"
Borussia Dortmund, 3, 0, VfB Stuttgart, "Saturday, September 27, 2008", "Signal Iduna Park (71,200)"
Hamburg SV, 1, 0, Borussia Monchengladbach, "Saturday, September 27, 2008", "Imtech Arena (57,000)"
Hannover 96, 1, 0, Bayern Munich, "Saturday, September 27, 2008", "AWD-Arena (49,000)"
Hertha Berlin, 0, 1, Energie Cottbus, "Saturday, September 27, 2008", "Olympiastadion (42,000)"
VfL Bochum, 2, 3, Bayer Leverkusen, "Saturday, September 27, 2008", "rewirpowerSTADION (24,000)"
Werder Bremen, 5, 4, TSG Hoffenheim, "Saturday, September 27, 2008", "Weserstadion (40,059)"
FC Cologne, 1, 0, Schalke 04, "Friday, September 26, 2008", "RheinEnergieStadion (50,000)"
TSG Hoffenheim, 4, 1, Borussia Dortmund, "Sunday, September 21, 2008", "Carl-Benz-Stadion (26,300)"
VfB Stuttgart, 3, 1, Karlsruhe, "Sunday, September 21, 2008", "Mercedes-Benz Arena (55,000)"
VfL Wolfsburg, 3, 0, Hamburg SV, "Sunday, September 21, 2008", "Volkswagen Arena (30,000)"
Arminia Bielefeld, 2, 0, FC Cologne, "Saturday, September 20, 2008", "SchücoArena (24,250)"
Bayern Munich, 2, 5, Werder Bremen, "Saturday, September 20, 2008", "Allianz Arena (69,000)"
Borussia Monchengladbach, 0, 1, Hertha Berlin, "Saturday, September 20, 2008", "Borussia-Park (45,000)"
Energie Cottbus, 1, 1, VfL Bochum, "Saturday, September 20, 2008", "Stadion der Freundschaft (14,000)"
Schalke 04, 1, 0, Eintracht Frankfurt, "Saturday, September 20, 2008", "Veltins-Arena (61,542)"
Bayer Leverkusen, 4, 0, Hannover 96, "Friday, September 19, 2008", "BayArena (22,000)"
Hannover 96, 5, 1, Borussia Monchengladbach, "Sunday, September 14, 2008", "AWD-Arena (42,362)"
VfL Bochum, 2, 0, Arminia Bielefeld, "Sunday, September 14, 2008", "rewirpowerSTADION (21,000)"
Borussia Dortmund, 3, 3, Schalke 04, "Saturday, September 13, 2008", "Signal Iduna Park (80,552)"
FC Cologne, 0, 3, Bayern Munich, "Saturday, September 13, 2008", "RheinEnergieStadion (50,000)"
Hamburg SV, 3, 2, Bayer Leverkusen, "Saturday, September 13, 2008", "Imtech Arena (55,187)"
Hertha Berlin, 2, 2, VfL Wolfsburg, "Saturday, September 13, 2008", "Olympiastadion (38,921)"
TSG Hoffenheim, 0, 0, VfB Stuttgart, "Saturday, September 13, 2008", "Carl-Benz-Stadion (26,400)"
Werder Bremen, 3, 0, Energie Cottbus, "Saturday, September 13, 2008", "Weserstadion (38,714)"
Bayern Munich, 4, 1, Hertha Berlin, "Sunday, August 31, 2008", "Allianz Arena (69,000)"
VfB Stuttgart, 2, 0, Hannover 96, "Sunday, August 31, 2008", "Mercedes-Benz Arena (41,000)"
Arminia Bielefeld, 2, 4, Hamburg SV, "Saturday, August 30, 2008", "SchücoArena (24,500)"
Bayer Leverkusen, 5, 2, TSG Hoffenheim, "Saturday, August 30, 2008", "BayArena (22,000)"
Borussia Monchengladbach, 3, 2, Werder Bremen, "Saturday, August 30, 2008", "Borussia-Park (54,067)"
Energie Cottbus, 0, 1, Borussia Dortmund, "Saturday, August 30, 2008", "Stadion der Freundschaft (19,000)"
Schalke 04, 1, 0, VfL Bochum, "Saturday, August 30, 2008", "Veltins-Arena (61,673)"
VfL Wolfsburg, 2, 2, Eintracht Frankfurt, "Saturday, August 30, 2008", "Volkswagen Arena (23,150)"
Karlsruhe, 0, 2, FC Cologne, "Friday, August 29, 2008", "Wildparkstadion (29,308)"
FC Cologne, 1, 1, Eintracht Frankfurt, "Sunday, August 24, 2008", "RheinEnergieStadion (50,000)"
VfL Bochum, 2, 2, VfL Wolfsburg, "Sunday, August 24, 2008", "rewirpowerSTADION (17,000)"
Borussia Dortmund, 1, 1, Bayern Munich, "Saturday, August 23, 2008", "Signal Iduna Park (80,552)"
Hamburg SV, 2, 1, Karlsruhe, "Saturday, August 23, 2008", "Imtech Arena (50,637)"
Hertha Berlin, 1, 1, Arminia Bielefeld, "Saturday, August 23, 2008", "Olympiastadion (36,302)"
TSG Hoffenheim, 1, 0, Borussia Monchengladbach, "Saturday, August 23, 2008", "Carl-Benz-Stadion (26,300)"
VfB Stuttgart, 0, 2, Bayer Leverkusen, "Saturday, August 23, 2008", "Mercedes-Benz Arena (45,000)"
Werder Bremen, 1, 1, Schalke 04, "Saturday, August 23, 2008", "Weserstadion (42,100)"
Hannover 96, 0, 0, Energie Cottbus, "Friday, August 22, 2008", "AWD-Arena (36,000)"
Borussia Monchengladbach, 1, 3, VfB Stuttgart, "Sunday, August 17, 2008", "Borussia-Park (50,000)"
Eintracht Frankfurt, 0, 2, Hertha Berlin, "Sunday, August 17, 2008", "Commerzbank Arena (44,000)"
Arminia Bielefeld, 2, 2, Werder Bremen, "Saturday, August 16, 2008", "SchücoArena (24,700)"
Bayer Leverkusen, 2, 3, Borussia Dortmund, "Saturday, August 16, 2008", "BayArena (21,000)"
Energie Cottbus, 0, 3, TSG Hoffenheim, "Saturday, August 16, 2008", "Stadion der Freundschaft (19,000)"
Karlsruhe, 1, 0, VfL Bochum, "Saturday, August 16, 2008", "Wildparkstadion (28,000)"
Schalke 04, 3, 0, Hannover 96, "Saturday, August 16, 2008", "Veltins-Arena (61,000)"
VfL Wolfsburg, 2, 1, FC Cologne, "Saturday, August 16, 2008", "Volkswagen Arena (25,000)"
Bayern Munich, 2, 2, Hamburg SV, "Friday, August 15, 2008", "Allianz Arena (69,000)"
