home, homescore, awayscore, away, date, group
Bayer Leverkusen, 2, 0, VfB Stuttgart, "Saturday, May 22, 2004", "BayArena (22,500)"
Bayern Munich, 2, 0, SC Freiburg, "Saturday, May 22, 2004", "Olympiastadion (63,000)"
Borussia Monchengladbach, 3, 1, TSV 1860 Munich, "Saturday, May 22, 2004", "Stadium Bokelberg (34,500)"
Hamburg SV, 2, 1, Eintracht Frankfurt, "Saturday, May 22, 2004", "Volksparkstadion (52,854)"
Hansa Rostock, 3, 1, Werder Bremen, "Saturday, May 22, 2004", "Ostseestadion (30,000)"
Hertha Berlin, 3, 1, FC Cologne, "Saturday, May 22, 2004", "Olympia Stadium (56,000)"
Kaiserslautern, 1, 1, Borussia Dortmund, "Saturday, May 22, 2004", "Fritz-Walter Stadion (47,315)"
VfL Bochum, 3, 1, Hannover 96, "Saturday, May 22, 2004", "Ruhr Stadium (32,645)"
VfL Wolfsburg, 1, 1, Schalke 04, "Saturday, May 22, 2004", "Volkswagen Arena (30,000)"
Borussia Dortmund, 3, 1, Borussia Monchengladbach, "Saturday, May 15, 2004", "Westfalenstadion (82,500)"
Eintracht Frankfurt, 3, 2, VfL Bochum, "Saturday, May 15, 2004", "Waldstadion (32,000)"
FC Cologne, 4, 0, Hansa Rostock, "Saturday, May 15, 2004", "Mungersdorfer Stadion (40,000)"
Hannover 96, 0, 0, VfL Wolfsburg, "Saturday, May 15, 2004", "Niedersachsenstadion (27,537)"
SC Freiburg, 0, 0, Hamburg SV, "Saturday, May 15, 2004", "Dreisamstadion  (25,000)"
Schalke 04, 4, 1, Kaiserslautern, "Saturday, May 15, 2004", "Arena Auf Schalke (61,266)"
TSV 1860 Munich, 1, 1, Hertha Berlin, "Saturday, May 15, 2004", "Olympiastadion (48,000)"
VfB Stuttgart, 3, 1, Bayern Munich, "Saturday, May 15, 2004", "Gottlieb-Daimler Stadion (48,000)"
Werder Bremen, 2, 6, Bayer Leverkusen, "Saturday, May 15, 2004", "Weserstadion (42,500)"
Hansa Rostock, 3, 0, TSV 1860 Munich, "Sunday, May 9, 2004", "Ostseestadion (23,000)"
VfL Bochum, 3, 0, SC Freiburg, "Sunday, May 9, 2004", "Ruhr Stadium (29,474)"
Bayer Leverkusen, 2, 0, FC Cologne, "Saturday, May 8, 2004", "BayArena (22,500)"
Bayern Munich, 1, 3, Werder Bremen, "Saturday, May 8, 2004", "Olympiastadion (65,000)"
Borussia Monchengladbach, 2, 0, Schalke 04, "Saturday, May 8, 2004", "Stadium Bokelberg (34,500)"
Hamburg SV, 2, 1, VfB Stuttgart, "Saturday, May 8, 2004", "Volksparkstadion (55,500)"
Hannover 96, 3, 0, Eintracht Frankfurt, "Saturday, May 8, 2004", "Niedersachsenstadion (27,537)"
Hertha Berlin, 6, 2, Borussia Dortmund, "Saturday, May 8, 2004", "Olympia Stadium (56,307)"
Kaiserslautern, 3, 2, VfL Wolfsburg, "Saturday, May 8, 2004", "Fritz-Walter Stadion (38,306)"
Schalke 04, 3, 0, Hertha Berlin, "Sunday, May 2, 2004", "Arena Auf Schalke (61,266)"
VfB Stuttgart, 1, 1, VfL Bochum, "Sunday, May 2, 2004", "Gottlieb-Daimler Stadion (47,000)"
Borussia Dortmund, 4, 1, Hansa Rostock, "Saturday, May 1, 2004", "Westfalenstadion (82,500)"
FC Cologne, 1, 2, Bayern Munich, "Saturday, May 1, 2004", "Mungersdorfer Stadion (50,200)"
Kaiserslautern, 2, 2, Borussia Monchengladbach, "Saturday, May 1, 2004", "Fritz-Walter Stadion (47,018)"
SC Freiburg, 4, 1, Hannover 96, "Saturday, May 1, 2004", "Dreisamstadion  (25,000)"
TSV 1860 Munich, 1, 1, Bayer Leverkusen, "Saturday, May 1, 2004", "Olympiastadion (32,400)"
VfL Wolfsburg, 1, 0, Eintracht Frankfurt, "Saturday, May 1, 2004", "Volkswagen Arena (24,572)"
Werder Bremen, 6, 0, Hamburg SV, "Saturday, May 1, 2004", "Weserstadion (53,500)"
Bayern Munich, 1, 0, TSV 1860 Munich, "Sunday, April 25, 2004", "Olympiastadion (71,000)"
VfL Bochum, 0, 0, Werder Bremen, "Sunday, April 25, 2004", "Ruhr Stadium (32,645)"
Bayer Leverkusen, 3, 0, Borussia Dortmund, "Saturday, April 24, 2004", "BayArena (22,500)"
Borussia Monchengladbach, 0, 2, VfL Wolfsburg, "Saturday, April 24, 2004", "Stadium Bokelberg (33,600)"
Eintracht Frankfurt, 3, 0, SC Freiburg, "Saturday, April 24, 2004", "Waldstadion (55,300)"
Hamburg SV, 4, 2, FC Cologne, "Saturday, April 24, 2004", "Volksparkstadion (48,413)"
Hannover 96, 0, 1, VfB Stuttgart, "Saturday, April 24, 2004", "Niedersachsenstadion (27,537)"
Hansa Rostock, 3, 1, Schalke 04, "Saturday, April 24, 2004", "Ostseestadion (26,000)"
Hertha Berlin, 3, 0, Kaiserslautern, "Saturday, April 24, 2004", "Olympia Stadium (45,292)"
FC Cologne, 1, 2, VfL Bochum, "Sunday, April 18, 2004", "Mungersdorfer Stadion (43,500)"
Werder Bremen, 0, 0, Hannover 96, "Sunday, April 18, 2004", "Weserstadion (42,500)"
Borussia Dortmund, 2, 0, Bayern Munich, "Saturday, April 17, 2004", "Westfalenstadion (83,000)"
Borussia Monchengladbach, 1, 1, Hertha Berlin, "Saturday, April 17, 2004", "Stadium Bokelberg (34,500)"
Kaiserslautern, 3, 2, Hansa Rostock, "Saturday, April 17, 2004", "Fritz-Walter Stadion (34,884)"
Schalke 04, 2, 3, Bayer Leverkusen, "Saturday, April 17, 2004", "Arena Auf Schalke (61,266)"
TSV 1860 Munich, 1, 2, Hamburg SV, "Saturday, April 17, 2004", "Olympiastadion (26,400)"
VfB Stuttgart, 3, 1, Eintracht Frankfurt, "Saturday, April 17, 2004", "Gottlieb-Daimler Stadion "
VfL Wolfsburg, 4, 0, SC Freiburg, "Saturday, April 17, 2004", "Volkswagen Arena (16,276)"
Hannover 96, 1, 0, FC Cologne, "Sunday, April 11, 2004", "Niedersachsenstadion (27,200)"
SC Freiburg, 0, 1, VfB Stuttgart, "Sunday, April 11, 2004", "Dreisamstadion  (25,000)"
Bayer Leverkusen, 6, 0, Kaiserslautern, "Saturday, April 10, 2004", "BayArena (22,500)"
Bayern Munich, 2, 1, Schalke 04, "Saturday, April 10, 2004", "Olympiastadion (63,000)"
Eintracht Frankfurt, 0, 1, Werder Bremen, "Saturday, April 10, 2004", "Waldstadion (33,000)"
Hamburg SV, 0, 2, Borussia Dortmund, "Saturday, April 10, 2004", "Volksparkstadion "
Hansa Rostock, 1, 2, Borussia Monchengladbach, "Saturday, April 10, 2004", "Ostseestadion (25,800)"
Hertha Berlin, 1, 0, VfL Wolfsburg, "Saturday, April 10, 2004", "Olympia Stadium (33,970)"
VfL Bochum, 4, 0, TSV 1860 Munich, "Saturday, April 10, 2004", "Ruhr Stadium (23,430)"
Borussia Dortmund, 4, 1, VfL Bochum, "Sunday, April 4, 2004", "Westfalenstadion (83,000)"
Werder Bremen, 1, 1, SC Freiburg, "Sunday, April 4, 2004", "Weserstadion (42,500)"
Borussia Monchengladbach, 0, 0, Bayer Leverkusen, "Saturday, April 3, 2004", "Stadium Bokelberg (34,200)"
FC Cologne, 2, 0, Eintracht Frankfurt, "Saturday, April 3, 2004", "Mungersdorfer Stadion (45,500)"
Hertha Berlin, 1, 1, Hansa Rostock, "Saturday, April 3, 2004", "Olympia Stadium (47,305)"
Kaiserslautern, 0, 2, Bayern Munich, "Saturday, April 3, 2004", "Fritz-Walter Stadion (47,315)"
Schalke 04, 4, 1, Hamburg SV, "Saturday, April 3, 2004", "Arena Auf Schalke (61,266)"
TSV 1860 Munich, 0, 2, Hannover 96, "Saturday, April 3, 2004", "Olympiastadion (26,700)"
VfL Wolfsburg, 1, 5, VfB Stuttgart, "Saturday, April 3, 2004", "Volkswagen Arena (25,396)"
Hamburg SV, 3, 2, Kaiserslautern, "Sunday, March 28, 2004", "Volksparkstadion (41,020)"
VfB Stuttgart, 4, 4, Werder Bremen, "Sunday, March 28, 2004", "Gottlieb-Daimler Stadion (48,000)"
Bayer Leverkusen, 4, 1, Hertha Berlin, "Saturday, March 27, 2004", "BayArena (20,500)"
Bayern Munich, 5, 2, Borussia Monchengladbach, "Saturday, March 27, 2004", "Olympiastadion (56,000)"
Eintracht Frankfurt, 0, 3, TSV 1860 Munich, "Saturday, March 27, 2004", "Waldstadion (30,000)"
Hannover 96, 1, 1, Borussia Dortmund, "Saturday, March 27, 2004", "Niedersachsenstadion (27,504)"
Hansa Rostock, 3, 1, VfL Wolfsburg, "Saturday, March 27, 2004", "Ostseestadion (19,800)"
SC Freiburg, 3, 0, FC Cologne, "Saturday, March 27, 2004", "Dreisamstadion  (25,000)"
VfL Bochum, 1, 2, Schalke 04, "Saturday, March 27, 2004", "Ruhr Stadium (32,645)"
TSV 1860 Munich, 1, 1, SC Freiburg, "Sunday, March 21, 2004", "Olympiastadion (19,500)"
VfL Wolfsburg, 0, 2, Werder Bremen, "Sunday, March 21, 2004", "Volkswagen Arena (30,000)"
Borussia Dortmund, 2, 0, Eintracht Frankfurt, "Saturday, March 20, 2004", "Westfalenstadion (80,500)"
Borussia Monchengladbach, 3, 0, Hamburg SV, "Saturday, March 20, 2004", "Stadium Bokelberg (33,000)"
FC Cologne, 2, 2, VfB Stuttgart, "Saturday, March 20, 2004", "Mungersdorfer Stadion (50,000)"
Hansa Rostock, 0, 2, Bayer Leverkusen, "Saturday, March 20, 2004", "Ostseestadion (24,200)"
Hertha Berlin, 1, 1, Bayern Munich, "Saturday, March 20, 2004", "Olympia Stadium (60,800)"
Kaiserslautern, 2, 2, VfL Bochum, "Saturday, March 20, 2004", "Fritz-Walter Stadion (33,048)"
Schalke 04, 2, 2, Hannover 96, "Saturday, March 20, 2004", "Arena Auf Schalke "
VfB Stuttgart, 2, 0, TSV 1860 Munich, "Sunday, March 14, 2004", "Gottlieb-Daimler Stadion "
VfL Bochum, 1, 0, Borussia Monchengladbach, "Sunday, March 14, 2004", "Ruhr Stadium "
Bayer Leverkusen, 4, 2, VfL Wolfsburg, "Saturday, March 13, 2004", "BayArena "
Bayern Munich, 3, 3, Hansa Rostock, "Saturday, March 13, 2004", "Olympiastadion (41,000)"
Eintracht Frankfurt, 3, 0, Schalke 04, "Saturday, March 13, 2004", "Waldstadion (35,000)"
Hamburg SV, 2, 0, Hertha Berlin, "Saturday, March 13, 2004", "Volksparkstadion (45,000)"
Hannover 96, 0, 1, Kaiserslautern, "Saturday, March 13, 2004", "Niedersachsenstadion (21,135)"
SC Freiburg, 2, 2, Borussia Dortmund, "Saturday, March 13, 2004", "Dreisamstadion  (25,000)"
Werder Bremen, 3, 2, FC Cologne, "Saturday, March 13, 2004", "Weserstadion (39,545)"
TSV 1860 Munich, 0, 2, Werder Bremen, "Sunday, March 7, 2004", "Olympiastadion (25,000)"
VfL Wolfsburg, 2, 0, FC Cologne, "Sunday, March 7, 2004", "Volkswagen Arena (18,246)"
Bayer Leverkusen, 1, 3, Bayern Munich, "Saturday, March 6, 2004", "BayArena (32,500)"
Borussia Dortmund, 0, 2, VfB Stuttgart, "Saturday, March 6, 2004", "Westfalenstadion (83,000)"
Borussia Monchengladbach, 1, 0, Hannover 96, "Saturday, March 6, 2004", "Stadium Bokelberg (29,300)"
Hansa Rostock, 3, 0, Hamburg SV, "Saturday, March 6, 2004", "Ostseestadion (26,000)"
Hertha Berlin, 1, 1, VfL Bochum, "Saturday, March 6, 2004", "Olympia Stadium "
Kaiserslautern, 1, 0, Eintracht Frankfurt, "Saturday, March 6, 2004", "Fritz-Walter Stadion (40,592)"
Schalke 04, 3, 0, SC Freiburg, "Saturday, March 6, 2004", "Arena Auf Schalke (61,266)"
Hannover 96, 1, 3, Hertha Berlin, "Sunday, February 29, 2004", "Niedersachsenstadion (21,755)"
SC Freiburg, 1, 0, Kaiserslautern, "Sunday, February 29, 2004", "Dreisamstadion  (23,000)"
Bayern Munich, 2, 0, VfL Wolfsburg, "Saturday, February 28, 2004", "Olympiastadion (32,000)"
Eintracht Frankfurt, 3, 1, Borussia Monchengladbach, "Saturday, February 28, 2004", "Waldstadion (33,000)"
FC Cologne, 1, 3, TSV 1860 Munich, "Saturday, February 28, 2004", "Mungersdorfer Stadion (38,000)"
Hamburg SV, 3, 1, Bayer Leverkusen, "Saturday, February 28, 2004", "Volksparkstadion (43,032)"
VfB Stuttgart, 0, 0, Schalke 04, "Saturday, February 28, 2004", "Gottlieb-Daimler Stadion (43,000)"
VfL Bochum, 0, 0, Hansa Rostock, "Saturday, February 28, 2004", "Ruhr Stadium (25,110)"
Werder Bremen, 2, 0, Borussia Dortmund, "Saturday, February 28, 2004", "Weserstadion (23,000)"
Borussia Dortmund, 1, 0, FC Cologne, "Sunday, February 22, 2004", "Westfalenstadion (80,500)"
Hertha Berlin, 1, 2, Eintracht Frankfurt, "Sunday, February 22, 2004", "Olympia Stadium (27,389)"
Bayer Leverkusen, 1, 3, VfL Bochum, "Saturday, February 21, 2004", "BayArena (22,500)"
Bayern Munich, 1, 0, Hamburg SV, "Saturday, February 21, 2004", "Olympiastadion (36,000)"
Borussia Monchengladbach, 2, 2, SC Freiburg, "Saturday, February 21, 2004", "Stadium Bokelberg (28,400)"
Hansa Rostock, 3, 1, Hannover 96, "Saturday, February 21, 2004", "Ostseestadion (16,000)"
Kaiserslautern, 1, 0, VfB Stuttgart, "Saturday, February 21, 2004", "Fritz-Walter Stadion (41,200)"
Schalke 04, 0, 0, Werder Bremen, "Saturday, February 21, 2004", "Arena Auf Schalke (63,000)"
VfL Wolfsburg, 3, 1, TSV 1860 Munich, "Saturday, February 21, 2004", "Volkswagen Arena (13,821)"
TSV 1860 Munich, 0, 2, Borussia Dortmund, "Sunday, February 15, 2004", "Olympiastadion (25,200)"
Werder Bremen, 1, 0, Kaiserslautern, "Sunday, February 15, 2004", "Weserstadion (36,933)"
Eintracht Frankfurt, 1, 1, Hansa Rostock, "Saturday, February 14, 2004", "Waldstadion (23,000)"
FC Cologne, 0, 2, Schalke 04, "Saturday, February 14, 2004", "Mungersdorfer Stadion (51,000)"
Hamburg SV, 2, 0, VfL Wolfsburg, "Saturday, February 14, 2004", "Volksparkstadion (41,017)"
Hannover 96, 2, 2, Bayer Leverkusen, "Saturday, February 14, 2004", "Niedersachsenstadion (20,993)"
SC Freiburg, 2, 3, Hertha Berlin, "Saturday, February 14, 2004", "Dreisamstadion  (23,000)"
VfB Stuttgart, 1, 1, Borussia Monchengladbach, "Saturday, February 14, 2004", "Gottlieb-Daimler Stadion (33,000)"
VfL Bochum, 1, 0, Bayern Munich, "Saturday, February 14, 2004", "Ruhr Stadium (32,645)"
Bayern Munich, 3, 1, Hannover 96, "Sunday, February 8, 2004", "Olympiastadion (32,000)"
Hertha Berlin, 1, 0, VfB Stuttgart, "Sunday, February 8, 2004", "Olympia Stadium (39,153)"
Bayer Leverkusen, 1, 2, Eintracht Frankfurt, "Saturday, February 7, 2004", "BayArena (25,586)"
Borussia Monchengladbach, 1, 2, Werder Bremen, "Saturday, February 7, 2004", "Stadium Bokelberg (28,650)"
Hamburg SV, 1, 1, VfL Bochum, "Saturday, February 7, 2004", "Volksparkstadion (47,670)"
Hansa Rostock, 4, 1, SC Freiburg, "Saturday, February 7, 2004", "Ostseestadion (18,000)"
Kaiserslautern, 1, 0, FC Cologne, "Saturday, February 7, 2004", "Fritz-Walter Stadion (37,529)"
Schalke 04, 0, 0, TSV 1860 Munich, "Saturday, February 7, 2004", "Arena Auf Schalke (61,000)"
VfL Wolfsburg, 2, 4, Borussia Dortmund, "Saturday, February 7, 2004", "Volkswagen Arena (25,286)"
Hannover 96, 3, 2, Hamburg SV, "Sunday, February 1, 2004", "Niedersachsenstadion (23,309)"
SC Freiburg, 1, 0, Bayer Leverkusen, "Sunday, February 1, 2004", "Dreisamstadion  (24,500)"
Eintracht Frankfurt, 1, 1, Bayern Munich, "Saturday, January 31, 2004", "Waldstadion (37,500)"
FC Cologne, 1, 0, Borussia Monchengladbach, "Saturday, January 31, 2004", "Mungersdorfer Stadion (51,000)"
TSV 1860 Munich, 2, 1, Kaiserslautern, "Saturday, January 31, 2004", "Olympiastadion (20,300)"
VfB Stuttgart, 2, 0, Hansa Rostock, "Saturday, January 31, 2004", "Gottlieb-Daimler Stadion (42,000)"
VfL Bochum, 1, 0, VfL Wolfsburg, "Saturday, January 31, 2004", "Ruhr Stadium (20,793)"
Werder Bremen, 4, 0, Hertha Berlin, "Saturday, January 31, 2004", "Weserstadion (34,500)"
Borussia Dortmund, 0, 1, Schalke 04, "Friday, January 30, 2004", "Westfalenstadion (83,000)"
Borussia Dortmund, 1, 1, Kaiserslautern, "Wednesday, December 17, 2003", "Westfalenstadion (73,000)"
Hannover 96, 2, 2, VfL Bochum, "Wednesday, December 17, 2003", "Niedersachsenstadion (20,396)"
Schalke 04, 1, 1, VfL Wolfsburg, "Wednesday, December 17, 2003", "Arena Auf Schalke (59,775)"
TSV 1860 Munich, 1, 2, Borussia Monchengladbach, "Wednesday, December 17, 2003", "Olympiastadion (15,100)"
VfB Stuttgart, 2, 3, Bayer Leverkusen, "Wednesday, December 17, 2003", "Gottlieb-Daimler Stadion (47,000)"
Eintracht Frankfurt, 2, 3, Hamburg SV, "Tuesday, December 16, 2003", "Waldstadion (20,000)"
FC Cologne, 3, 0, Hertha Berlin, "Tuesday, December 16, 2003", "Mungersdorfer Stadion (35,000)"
SC Freiburg, 0, 6, Bayern Munich, "Tuesday, December 16, 2003", "Dreisamstadion  (25,000)"
Werder Bremen, 3, 0, Hansa Rostock, "Tuesday, December 16, 2003", "Weserstadion (33,754)"
Borussia Monchengladbach, 2, 1, Borussia Dortmund, "Sunday, December 14, 2003", "Stadium Bokelberg (34,500)"
VfL Wolfsburg, 2, 1, Hannover 96, "Sunday, December 14, 2003", "Volkswagen Arena (29,803)"
Bayer Leverkusen, 1, 3, Werder Bremen, "Saturday, December 13, 2003", "BayArena (22,500)"
Bayern Munich, 1, 0, VfB Stuttgart, "Saturday, December 13, 2003", "Olympiastadion (63,000)"
Hamburg SV, 4, 1, SC Freiburg, "Saturday, December 13, 2003", "Volksparkstadion (43,392)"
Hansa Rostock, 1, 1, FC Cologne, "Saturday, December 13, 2003", "Ostseestadion (20,000)"
Hertha Berlin, 1, 1, TSV 1860 Munich, "Saturday, December 13, 2003", "Olympia Stadium (27,100)"
Kaiserslautern, 0, 2, Schalke 04, "Saturday, December 13, 2003", "Fritz-Walter Stadion (40,034)"
VfL Bochum, 1, 0, Eintracht Frankfurt, "Saturday, December 13, 2003", "Ruhr Stadium (31,995)"
FC Cologne, 0, 0, Bayer Leverkusen, "Sunday, December 7, 2003", "Mungersdorfer Stadion (40,000)"
Schalke 04, 2, 1, Borussia Monchengladbach, "Sunday, December 7, 2003", "Arena Auf Schalke (61,266)"
Borussia Dortmund, 1, 1, Hertha Berlin, "Saturday, December 6, 2003", "Westfalenstadion (77,000)"
Eintracht Frankfurt, 2, 2, Hannover 96, "Saturday, December 6, 2003", "Waldstadion (19,000)"
SC Freiburg, 4, 2, VfL Bochum, "Saturday, December 6, 2003", "Dreisamstadion  (23,600)"
TSV 1860 Munich, 1, 4, Hansa Rostock, "Saturday, December 6, 2003", "Olympiastadion (18,600)"
VfB Stuttgart, 0, 0, Hamburg SV, "Saturday, December 6, 2003", "Gottlieb-Daimler Stadion (41,000)"
VfL Wolfsburg, 4, 1, Kaiserslautern, "Saturday, December 6, 2003", "Volkswagen Arena (17,331)"
Werder Bremen, 1, 1, Bayern Munich, "Saturday, December 6, 2003", "Weserstadion (43,000)"
Hansa Rostock, 2, 1, Borussia Dortmund, "Sunday, November 30, 2003", "Ostseestadion (24,300)"
Hertha Berlin, 1, 3, Schalke 04, "Sunday, November 30, 2003", "Olympia Stadium (37,000)"
Bayer Leverkusen, 2, 2, TSV 1860 Munich, "Saturday, November 29, 2003", "BayArena (22,500)"
Bayern Munich, 2, 2, FC Cologne, "Saturday, November 29, 2003", "Olympiastadion (48,000)"
Borussia Monchengladbach, 2, 1, Kaiserslautern, "Saturday, November 29, 2003", "Stadium Bokelberg (30,850)"
Eintracht Frankfurt, 3, 2, VfL Wolfsburg, "Saturday, November 29, 2003", "Waldstadion (20,000)"
Hamburg SV, 1, 1, Werder Bremen, "Saturday, November 29, 2003", "Volksparkstadion (55,500)"
Hannover 96, 3, 0, SC Freiburg, "Saturday, November 29, 2003", "Niedersachsenstadion (20,307)"
VfL Bochum, 0, 0, VfB Stuttgart, "Saturday, November 29, 2003", "Ruhr Stadium (30,088)"
Kaiserslautern, 4, 2, Hertha Berlin, "Sunday, November 23, 2003", "Fritz-Walter Stadion (33,200)"
SC Freiburg, 1, 0, Eintracht Frankfurt, "Sunday, November 23, 2003", "Dreisamstadion  (24,000)"
Borussia Dortmund, 2, 2, Bayer Leverkusen, "Saturday, November 22, 2003", "Westfalenstadion (81,000)"
FC Cologne, 0, 1, Hamburg SV, "Saturday, November 22, 2003", "Mungersdorfer Stadion (38,600)"
Schalke 04, 0, 1, Hansa Rostock, "Saturday, November 22, 2003", "Arena Auf Schalke (61,266)"
TSV 1860 Munich, 0, 1, Bayern Munich, "Saturday, November 22, 2003", "Olympiastadion "
VfB Stuttgart, 3, 1, Hannover 96, "Saturday, November 22, 2003", "Gottlieb-Daimler Stadion (36,000)"
VfL Wolfsburg, 1, 3, Borussia Monchengladbach, "Saturday, November 22, 2003", "Volkswagen Arena (22,137)"
Werder Bremen, 3, 1, VfL Bochum, "Saturday, November 22, 2003", "Weserstadion (34,298)"
Bayer Leverkusen, 3, 1, Schalke 04, "Sunday, November 9, 2003", "BayArena (22,500)"
Bayern Munich, 4, 1, Borussia Dortmund, "Sunday, November 9, 2003", "Olympiastadion (63,000)"
Eintracht Frankfurt, 0, 2, VfB Stuttgart, "Saturday, November 8, 2003", "Waldstadion (28,000)"
Hamburg SV, 3, 1, TSV 1860 Munich, "Saturday, November 8, 2003", "Volksparkstadion (44,947)"
Hannover 96, 1, 5, Werder Bremen, "Saturday, November 8, 2003", "Niedersachsenstadion (25,895)"
Hansa Rostock, 4, 0, Kaiserslautern, "Saturday, November 8, 2003", "Ostseestadion (14,600)"
Hertha Berlin, 2, 1, Borussia Monchengladbach, "Saturday, November 8, 2003", "Olympia Stadium (32,838)"
SC Freiburg, 3, 2, VfL Wolfsburg, "Saturday, November 8, 2003", "Dreisamstadion  (24,000)"
VfL Bochum, 4, 0, FC Cologne, "Saturday, November 8, 2003", "Ruhr Stadium (30,777)"
Borussia Dortmund, 3, 2, Hamburg SV, "Sunday, November 2, 2003", "Westfalenstadion (78,000)"
Kaiserslautern, 0, 0, Bayer Leverkusen, "Sunday, November 2, 2003", "Fritz-Walter Stadion (38,583)"
Borussia Monchengladbach, 1, 1, Hansa Rostock, "Saturday, November 1, 2003", "Stadium Bokelberg (30,100)"
FC Cologne, 1, 2, Hannover 96, "Saturday, November 1, 2003", "Mungersdorfer Stadion (33,000)"
Schalke 04, 2, 0, Bayern Munich, "Saturday, November 1, 2003", "Arena Auf Schalke (61,010)"
TSV 1860 Munich, 3, 1, VfL Bochum, "Saturday, November 1, 2003", "Olympiastadion (18,000)"
VfB Stuttgart, 4, 1, SC Freiburg, "Saturday, November 1, 2003", "Gottlieb-Daimler Stadion (50,000)"
VfL Wolfsburg, 3, 0, Hertha Berlin, "Saturday, November 1, 2003", "Volkswagen Arena (21,325)"
Werder Bremen, 3, 1, Eintracht Frankfurt, "Saturday, November 1, 2003", "Weserstadion (34,619)"
Bayer Leverkusen, 1, 0, Borussia Monchengladbach, "Sunday, October 26, 2003", "BayArena (22,500)"
VfL Bochum, 3, 0, Borussia Dortmund, "Sunday, October 26, 2003", "Ruhr Stadium (32,645)"
Bayern Munich, 4, 1, Kaiserslautern, "Saturday, October 25, 2003", "Olympiastadion (58,000)"
Eintracht Frankfurt, 2, 0, FC Cologne, "Saturday, October 25, 2003", "Waldstadion (25,000)"
Hamburg SV, 2, 2, Schalke 04, "Saturday, October 25, 2003", "Volksparkstadion (55,500)"
Hannover 96, 1, 1, TSV 1860 Munich, "Saturday, October 25, 2003", "Niedersachsenstadion (19,754)"
Hansa Rostock, 0, 1, Hertha Berlin, "Saturday, October 25, 2003", "Ostseestadion (20,600)"
SC Freiburg, 2, 4, Werder Bremen, "Saturday, October 25, 2003", "Dreisamstadion  (23,000)"
VfB Stuttgart, 1, 0, VfL Wolfsburg, "Saturday, October 25, 2003", "Gottlieb-Daimler Stadion (40,000)"
Kaiserslautern, 4, 0, Hamburg SV, "Sunday, October 19, 2003", "Fritz-Walter Stadion (38,016)"
Schalke 04, 0, 2, VfL Bochum, "Sunday, October 19, 2003", "Arena Auf Schalke (61,100)"
Borussia Dortmund, 6, 2, Hannover 96, "Saturday, October 18, 2003", "Westfalenstadion (80,500)"
Borussia Monchengladbach, 0, 0, Bayern Munich, "Saturday, October 18, 2003", "Stadium Bokelberg (34,500)"
FC Cologne, 1, 0, SC Freiburg, "Saturday, October 18, 2003", "Mungersdorfer Stadion (33,000)"
Hertha Berlin, 1, 4, Bayer Leverkusen, "Saturday, October 18, 2003", "Olympia Stadium (36,638)"
TSV 1860 Munich, 1, 0, Eintracht Frankfurt, "Saturday, October 18, 2003", "Olympiastadion (26,000)"
VfL Wolfsburg, 3, 1, Hansa Rostock, "Saturday, October 18, 2003", "Volkswagen Arena (19,846)"
Werder Bremen, 1, 3, VfB Stuttgart, "Saturday, October 18, 2003", "Weserstadion (41,100)"
Bayer Leverkusen, 3, 0, Hansa Rostock, "Sunday, October 5, 2003", "BayArena (22,500)"
Werder Bremen, 5, 3, VfL Wolfsburg, "Sunday, October 5, 2003", "Weserstadion (31,800)"
Bayern Munich, 4, 1, Hertha Berlin, "Saturday, October 4, 2003", "Olympiastadion (63,000)"
Eintracht Frankfurt, 0, 1, Borussia Dortmund, "Saturday, October 4, 2003", "Waldstadion (25,000)"
Hamburg SV, 2, 1, Borussia Monchengladbach, "Saturday, October 4, 2003", "Volksparkstadion (51,300)"
Hannover 96, 1, 2, Schalke 04, "Saturday, October 4, 2003", "Niedersachsenstadion (22,584)"
SC Freiburg, 1, 0, TSV 1860 Munich, "Saturday, October 4, 2003", "Dreisamstadion  (25,000)"
VfB Stuttgart, 0, 0, FC Cologne, "Saturday, October 4, 2003", "Gottlieb-Daimler Stadion (72,000)"
VfL Bochum, 4, 0, Kaiserslautern, "Saturday, October 4, 2003", "Ruhr Stadium (20,120)"
Hertha Berlin, 1, 1, Hamburg SV, "Sunday, September 28, 2003", "Olympia Stadium (36,876)"
Schalke 04, 1, 1, Eintracht Frankfurt, "Sunday, September 28, 2003", "Arena Auf Schalke (61,266)"
Borussia Dortmund, 1, 0, SC Freiburg, "Saturday, September 27, 2003", "Westfalenstadion (78,000)"
Borussia Monchengladbach, 2, 2, VfL Bochum, "Saturday, September 27, 2003", "Stadium Bokelberg (29,000)"
FC Cologne, 1, 4, Werder Bremen, "Saturday, September 27, 2003", "Mungersdorfer Stadion (33,000)"
Hansa Rostock, 1, 2, Bayern Munich, "Saturday, September 27, 2003", "Ostseestadion (29,000)"
Kaiserslautern, 1, 0, Hannover 96, "Saturday, September 27, 2003", "Fritz-Walter Stadion (32,361)"
TSV 1860 Munich, 0, 3, VfB Stuttgart, "Saturday, September 27, 2003", "Olympiastadion (38,000)"
VfL Wolfsburg, 0, 1, Bayer Leverkusen, "Saturday, September 27, 2003", "Volkswagen Arena (24,135)"
Eintracht Frankfurt, 1, 3, Kaiserslautern, "Sunday, September 21, 2003", "Waldstadion (23,000)"
Hamburg SV, 2, 1, Hansa Rostock, "Sunday, September 21, 2003", "Volksparkstadion (44,304)"
Bayern Munich, 3, 3, Bayer Leverkusen, "Saturday, September 20, 2003", "Olympiastadion (63,000)"
FC Cologne, 2, 3, VfL Wolfsburg, "Saturday, September 20, 2003", "Mungersdorfer Stadion (33,000)"
Hannover 96, 2, 0, Borussia Monchengladbach, "Saturday, September 20, 2003", "Niedersachsenstadion (22,417)"
SC Freiburg, 2, 1, Schalke 04, "Saturday, September 20, 2003", "Dreisamstadion  (25,000)"
VfB Stuttgart, 1, 0, Borussia Dortmund, "Saturday, September 20, 2003", "Gottlieb-Daimler Stadion (48,000)"
VfL Bochum, 2, 2, Hertha Berlin, "Saturday, September 20, 2003", "Ruhr Stadium (21,999)"
Werder Bremen, 2, 1, TSV 1860 Munich, "Saturday, September 20, 2003", "Weserstadion (31,233)"
Borussia Monchengladbach, 0, 2, Eintracht Frankfurt, "Sunday, September 14, 2003", "Stadium Bokelberg (33,900)"
Kaiserslautern, 2, 2, SC Freiburg, "Sunday, September 14, 2003", "Fritz-Walter Stadion (35,560)"
Bayer Leverkusen, 1, 0, Hamburg SV, "Saturday, September 13, 2003", "BayArena (22,500)"
Borussia Dortmund, 2, 1, Werder Bremen, "Saturday, September 13, 2003", "Westfalenstadion (80,500)"
Hansa Rostock, 0, 2, VfL Bochum, "Saturday, September 13, 2003", "Ostseestadion (18,000)"
Hertha Berlin, 2, 3, Hannover 96, "Saturday, September 13, 2003", "Olympia Stadium (37,000)"
Schalke 04, 0, 0, VfB Stuttgart, "Saturday, September 13, 2003", "Arena Auf Schalke (61,027)"
TSV 1860 Munich, 2, 1, FC Cologne, "Saturday, September 13, 2003", "Olympiastadion (22,000)"
VfL Wolfsburg, 3, 2, Bayern Munich, "Saturday, September 13, 2003", "Volkswagen Arena (30,000)"
Hannover 96, 3, 3, Hansa Rostock, "Wednesday, August 27, 2003", "Niedersachsenstadion (21,312)"
Hamburg SV, 0, 2, Bayern Munich, "Sunday, August 24, 2003", "Volksparkstadion (55,500)"
Eintracht Frankfurt, 0, 0, Hertha Berlin, "Saturday, August 23, 2003", "Waldstadion (22,500)"
FC Cologne, 1, 0, Borussia Dortmund, "Saturday, August 23, 2003", "Mungersdorfer Stadion (33,000)"
SC Freiburg, 4, 1, Borussia Monchengladbach, "Saturday, August 23, 2003", "Dreisamstadion  (25,000)"
TSV 1860 Munich, 1, 0, VfL Wolfsburg, "Saturday, August 23, 2003", "Olympiastadion (22,000)"
VfB Stuttgart, 2, 0, Kaiserslautern, "Saturday, August 23, 2003", "Gottlieb-Daimler Stadion (34,200)"
VfL Bochum, 1, 0, Bayer Leverkusen, "Saturday, August 23, 2003", "Ruhr Stadium (21,003)"
Werder Bremen, 4, 1, Schalke 04, "Saturday, August 23, 2003", "Weserstadion (34,500)"
Schalke 04, 2, 1, FC Cologne, "Sunday, August 17, 2003", "Arena Auf Schalke (61,027)"
VfL Wolfsburg, 5, 1, Hamburg SV, "Sunday, August 17, 2003", "Volkswagen Arena (27,653)"
Bayer Leverkusen, 4, 0, Hannover 96, "Saturday, August 16, 2003", "BayArena (22,500)"
Bayern Munich, 2, 0, VfL Bochum, "Saturday, August 16, 2003", "Olympiastadion (63,000)"
Borussia Dortmund, 3, 1, TSV 1860 Munich, "Saturday, August 16, 2003", "Westfalenstadion (67,500)"
Borussia Monchengladbach, 0, 1, VfB Stuttgart, "Saturday, August 16, 2003", "Stadium Bokelberg (30,700)"
Hansa Rostock, 3, 0, Eintracht Frankfurt, "Saturday, August 16, 2003", "Ostseestadion (19,600)"
Hertha Berlin, 0, 0, SC Freiburg, "Saturday, August 16, 2003", "Olympia Stadium "
Kaiserslautern, 0, 1, Werder Bremen, "Saturday, August 16, 2003", "Fritz-Walter Stadion (36,051)"
Eintracht Frankfurt, 1, 2, Bayer Leverkusen, "Sunday, August 10, 2003", "Waldstadion (20,000)"
VfB Stuttgart, 0, 0, Hertha Berlin, "Sunday, August 10, 2003", "Gottlieb-Daimler Stadion (37,000)"
Borussia Dortmund, 4, 0, VfL Wolfsburg, "Saturday, August 9, 2003", "Westfalenstadion (72,500)"
FC Cologne, 1, 2, Kaiserslautern, "Saturday, August 9, 2003", "Mungersdorfer Stadion (33,000)"
Hannover 96, 3, 3, Bayern Munich, "Saturday, August 9, 2003", "Niedersachsenstadion (23,217)"
SC Freiburg, 2, 2, Hansa Rostock, "Saturday, August 9, 2003", "Dreisamstadion  (24,000)"
TSV 1860 Munich, 1, 1, Schalke 04, "Saturday, August 9, 2003", "Olympiastadion (33,000)"
VfL Bochum, 1, 1, Hamburg SV, "Saturday, August 9, 2003", "Ruhr Stadium (20,400)"
Werder Bremen, 1, 1, Borussia Monchengladbach, "Saturday, August 9, 2003", "Weserstadion (31,000)"
Borussia Monchengladbach, 1, 0, FC Cologne, "Sunday, August 3, 2003", "Stadium Bokelberg (34,500)"
Hansa Rostock, 0, 2, VfB Stuttgart, "Sunday, August 3, 2003", "Ostseestadion (56,000)"
Bayer Leverkusen, 4, 1, SC Freiburg, "Saturday, August 2, 2003", "BayArena (22,500)"
Hamburg SV, 0, 3, Hannover 96, "Saturday, August 2, 2003", "Volksparkstadion (53,224)"
Hertha Berlin, 0, 3, Werder Bremen, "Saturday, August 2, 2003", "Olympia Stadium (40,125)"
Kaiserslautern, 0, 1, TSV 1860 Munich, "Saturday, August 2, 2003", "Fritz-Walter Stadion (35,629)"
Schalke 04, 2, 2, Borussia Dortmund, "Saturday, August 2, 2003", "Arena Auf Schalke (61,010)"
VfL Wolfsburg, 3, 2, VfL Bochum, "Saturday, August 2, 2003", "Volkswagen Arena (15,976)"
Bayern Munich, 3, 1, Eintracht Frankfurt, "Friday, August 1, 2003", "Olympiastadion (63,000)"
