home, homescore, awayscore, away, date, group
FC Augsburg, 0, 2, Nurnberg, "Sunday, May 16, 2010", "SGL Arena (30,660)"
Nurnberg, 1, 0, FC Augsburg, "Thursday, May 13, 2010", "Grundig Stadion (40,509)"
Borussia Monchengladbach, 1, 1, Bayer Leverkusen, "Saturday, May 8, 2010", "Borussia-Park (54,057)"
Hertha Berlin, 1, 3, Bayern Munich, "Saturday, May 8, 2010", "Olympiastadion (75,420)"
Mainz, 0, 0, Schalke 04, "Saturday, May 8, 2010", "Stadion am Bruchweg (20,300)"
Nurnberg, 1, 0, FC Cologne, "Saturday, May 8, 2010", "EasyCredit-Stadion (48,548)"
SC Freiburg, 3, 1, Borussia Dortmund, "Saturday, May 8, 2010", "badenova-Stadion (24,000)"
TSG Hoffenheim, 1, 1, VfB Stuttgart, "Saturday, May 8, 2010", "Rhein-Neckar-Arena (30,400)"
VfL Bochum, 0, 3, Hannover 96, "Saturday, May 8, 2010", "rewirpowerSTADION (30,748)"
VfL Wolfsburg, 3, 1, Eintracht Frankfurt, "Saturday, May 8, 2010", "Volkswagen Arena (30,000)"
Werder Bremen, 1, 1, Hamburg SV, "Saturday, May 8, 2010", "Weserstadion (41,150)"
Bayer Leverkusen, 1, 1, Hertha Berlin, "Saturday, May 1, 2010", "BayArena (30,210)"
Bayern Munich, 3, 1, VfL Bochum, "Saturday, May 1, 2010", "Allianz Arena (69,000)"
Borussia Dortmund, 1, 1, VfL Wolfsburg, "Saturday, May 1, 2010", "Signal Iduna Park (80,300)"
Eintracht Frankfurt, 1, 2, TSG Hoffenheim, "Saturday, May 1, 2010", "Commerzbank Arena (50,500)"
FC Cologne, 2, 2, SC Freiburg, "Saturday, May 1, 2010", "RheinEnergieStadion (49,200)"
Hamburg SV, 4, 0, Nurnberg, "Saturday, May 1, 2010", "Imtech Arena (53,727)"
Hannover 96, 6, 1, Borussia Monchengladbach, "Saturday, May 1, 2010", "AWD-Arena (49,000)"
Schalke 04, 0, 2, Werder Bremen, "Saturday, May 1, 2010", "Veltins-Arena (61,673)"
VfB Stuttgart, 2, 2, Mainz, "Saturday, May 1, 2010", "Mercedes-Benz Arena (41,600)"
TSG Hoffenheim, 5, 1, Hamburg SV, "Sunday, April 25, 2010", "Rhein-Neckar-Arena (30,150)"
SC Freiburg, 1, 0, VfL Wolfsburg, "Sunday, April 25, 2010", "badenova-Stadion (22,700)"
Bayer Leverkusen, 3, 0, Hannover 96, "Saturday, April 24, 2010", "BayArena (30,210)"
Borussia Monchengladbach, 1, 1, Bayern Munich, "Saturday, April 24, 2010", "Borussia-Park (54,057)"
Hertha Berlin, 0, 1, Schalke 04, "Saturday, April 24, 2010", "Olympiastadion (61,902)"
Mainz, 3, 3, Eintracht Frankfurt, "Saturday, April 24, 2010", "Stadion am Bruchweg (20,300)"
Nurnberg, 2, 3, Borussia Dortmund, "Saturday, April 24, 2010", "EasyCredit-Stadion (48,548)"
Werder Bremen, 1, 0, FC Cologne, "Saturday, April 24, 2010", "Weserstadion (36,000)"
VfL Bochum, 0, 2, VfB Stuttgart, "Friday, April 23, 2010", "rewirpowerSTADION (25,431)"
Borussia Dortmund, 1, 1, TSG Hoffenheim, "Sunday, April 18, 2010", "Signal Iduna Park (80,100)"
Eintracht Frankfurt, 2, 2, Hertha Berlin, "Sunday, April 18, 2010", "Commerzbank Arena (49,800)"
Hamburg SV, 0, 1, Mainz, "Saturday, April 17, 2010", "Imtech Arena (55,292)"
SC Freiburg, 2, 1, Nurnberg, "Saturday, April 17, 2010", "badenova-Stadion (24,000)"
Schalke 04, 3, 1, Borussia Monchengladbach, "Saturday, April 17, 2010", "Veltins-Arena (61,673)"
VfB Stuttgart, 2, 1, Bayer Leverkusen, "Saturday, April 17, 2010", "Mercedes-Benz Arena (41,500)"
VfL Wolfsburg, 2, 4, Werder Bremen, "Saturday, April 17, 2010", "Volkswagen Arena (30,000)"
Bayern Munich, 7, 0, Hannover 96, "Saturday, April 17, 2010", "Allianz Arena (69,000)"
FC Cologne, 2, 0, VfL Bochum, "Friday, April 16, 2010", "RheinEnergieStadion (46,000)"
VfL Bochum, 1, 2, Hamburg SV, "Sunday, April 11, 2010", "rewirpowerSTADION (25,780)"
Nurnberg, 0, 2, VfL Wolfsburg, "Sunday, April 11, 2010", "EasyCredit-Stadion (40,593)"
Hannover 96, 4, 2, Schalke 04, "Saturday, April 10, 2010", "AWD-Arena (49,000)"
Hertha Berlin, 0, 1, VfB Stuttgart, "Saturday, April 10, 2010", "Olympiastadion (26,851)"
Mainz, 1, 0, Borussia Dortmund, "Saturday, April 10, 2010", "Stadion am Bruchweg (20,300)"
TSG Hoffenheim, 0, 2, FC Cologne, "Saturday, April 10, 2010", "Rhein-Neckar-Arena (26,950)"
Werder Bremen, 4, 0, SC Freiburg, "Saturday, April 10, 2010", "Weserstadion (37,000)"
Bayer Leverkusen, 1, 1, Bayern Munich, "Saturday, April 10, 2010", "BayArena (30,200)"
Borussia Monchengladbach, 2, 0, Eintracht Frankfurt, "Friday, April 9, 2010", "Borussia-Park (45,000)"
VfL Wolfsburg, 4, 0, TSG Hoffenheim, "Sunday, April 4, 2010", "Volkswagen Arena (28,107)"
Hamburg SV, 0, 0, Hannover 96, "Sunday, April 4, 2010", "Imtech Arena (57,000)"
Borussia Dortmund, 2, 1, Werder Bremen, "Saturday, April 3, 2010", "Signal Iduna Park (80,552)"
Eintracht Frankfurt, 3, 2, Bayer Leverkusen, "Saturday, April 3, 2010", "Commerzbank Arena (50,900)"
Nurnberg, 2, 0, Mainz, "Saturday, April 3, 2010", "EasyCredit-Stadion (41,222)"
SC Freiburg, 1, 1, VfL Bochum, "Saturday, April 3, 2010", "badenova-Stadion (21,500)"
Schalke 04, 1, 2, Bayern Munich, "Saturday, April 3, 2010", "Veltins-Arena (61,673)"
VfB Stuttgart, 2, 1, Borussia Monchengladbach, "Saturday, April 3, 2010", "Mercedes-Benz Arena (42,000)"
FC Cologne, 0, 3, Hertha Berlin, "Saturday, April 3, 2010", "RheinEnergieStadion (46,300)"
TSG Hoffenheim, 1, 1, SC Freiburg, "Sunday, March 28, 2010", "Rhein-Neckar-Arena (30,150)"
Borussia Monchengladbach, 1, 0, Hamburg SV, "Sunday, March 28, 2010", "Borussia-Park (52,269)"
Bayern Munich, 1, 2, VfB Stuttgart, "Saturday, March 27, 2010", "Allianz Arena (69,000)"
Hannover 96, 1, 4, FC Cologne, "Saturday, March 27, 2010", "AWD-Arena (43,218)"
Hertha Berlin, 0, 0, Borussia Dortmund, "Saturday, March 27, 2010", "Olympiastadion (60,441)"
Mainz, 0, 2, VfL Wolfsburg, "Saturday, March 27, 2010", "Stadion am Bruchweg (19,700)"
Werder Bremen, 4, 2, Nurnberg, "Saturday, March 27, 2010", "Weserstadion (36,123)"
Bayer Leverkusen, 0, 2, Schalke 04, "Saturday, March 27, 2010", "BayArena (30,210)"
VfL Bochum, 1, 2, Eintracht Frankfurt, "Friday, March 26, 2010", "rewirpowerSTADION (20,000)"
Hamburg SV, 2, 2, Schalke 04, "Sunday, March 21, 2010", "Imtech Arena (57,000)"
VfL Wolfsburg, 1, 5, Hertha Berlin, "Sunday, March 21, 2010", "Volkswagen Arena (29,353)"
Eintracht Frankfurt, 2, 1, Bayern Munich, "Saturday, March 20, 2010", "Commerzbank Arena (51,500)"
Nurnberg, 0, 0, TSG Hoffenheim, "Saturday, March 20, 2010", "EasyCredit-Stadion (40,421)"
SC Freiburg, 1, 0, Mainz, "Saturday, March 20, 2010", "badenova-Stadion (20,000)"
VfB Stuttgart, 2, 0, Hannover 96, "Saturday, March 20, 2010", "Mercedes-Benz Arena (41,000)"
Werder Bremen, 3, 2, VfL Bochum, "Saturday, March 20, 2010", "Weserstadion (36,197)"
Borussia Dortmund, 3, 0, Bayer Leverkusen, "Saturday, March 20, 2010", "Signal Iduna Park (80,100)"
FC Cologne, 1, 1, Borussia Monchengladbach, "Friday, March 19, 2010", "RheinEnergieStadion (50,000)"
TSG Hoffenheim, 0, 1, Werder Bremen, "Sunday, March 14, 2010", "Rhein-Neckar-Arena (30,150)"
Bayer Leverkusen, 4, 2, Hamburg SV, "Sunday, March 14, 2010", "BayArena (30,231)"
Borussia Monchengladbach, 0, 4, VfL Wolfsburg, "Saturday, March 13, 2010", "Borussia-Park (39,128)"
Hannover 96, 2, 1, Eintracht Frankfurt, "Saturday, March 13, 2010", "AWD-Arena (38,847)"
Hertha Berlin, 1, 2, Nurnberg, "Saturday, March 13, 2010", "Olympiastadion (57,761)"
Mainz, 1, 0, FC Cologne, "Saturday, March 13, 2010", "Stadion am Bruchweg (23,300)"
VfL Bochum, 1, 4, Borussia Dortmund, "Saturday, March 13, 2010", "rewirpowerSTADION (30,748)"
Bayern Munich, 2, 1, SC Freiburg, "Saturday, March 13, 2010", "Allianz Arena (69,000)"
Schalke 04, 2, 1, VfB Stuttgart, "Friday, March 12, 2010", "Veltins-Arena (61,673)"
Nurnberg, 3, 2, Bayer Leverkusen, "Sunday, March 7, 2010", "EasyCredit-Stadion (40,329)"
TSG Hoffenheim, 0, 1, Mainz, "Sunday, March 7, 2010", "Rhein-Neckar-Arena (30,150)"
Eintracht Frankfurt, 1, 4, Schalke 04, "Saturday, March 6, 2010", "Commerzbank Arena (51,500)"
FC Cologne, 1, 1, Bayern Munich, "Saturday, March 6, 2010", "RheinEnergieStadion (50,000)"
Hamburg SV, 1, 0, Hertha Berlin, "Saturday, March 6, 2010", "Imtech Arena (53,905)"
SC Freiburg, 1, 2, Hannover 96, "Saturday, March 6, 2010", "badenova-Stadion (19,300)"
VfL Wolfsburg, 4, 1, VfL Bochum, "Saturday, March 6, 2010", "Volkswagen Arena (27,152)"
Werder Bremen, 2, 2, VfB Stuttgart, "Saturday, March 6, 2010", "Weserstadion (36,000)"
Borussia Dortmund, 3, 0, Borussia Monchengladbach, "Saturday, March 6, 2010", "Signal Iduna Park (79,800)"
Hannover 96, 0, 1, VfL Wolfsburg, "Sunday, February 28, 2010", "AWD-Arena (34,312)"
Bayern Munich, 1, 0, Hamburg SV, "Sunday, February 28, 2010", "Allianz Arena (69,000)"
Borussia Monchengladbach, 1, 1, SC Freiburg, "Saturday, February 27, 2010", "Borussia-Park (40,419)"
Hertha Berlin, 0, 2, TSG Hoffenheim, "Saturday, February 27, 2010", "Olympiastadion (37,391)"
Mainz, 1, 2, Werder Bremen, "Saturday, February 27, 2010", "Stadion am Bruchweg (20,300)"
VfB Stuttgart, 2, 1, Eintracht Frankfurt, "Saturday, February 27, 2010", "Mercedes-Benz Arena (41,000)"
VfL Bochum, 0, 0, Nurnberg, "Saturday, February 27, 2010", "rewirpowerSTADION (24,780)"
Bayer Leverkusen, 0, 0, FC Cologne, "Saturday, February 27, 2010", "BayArena (30,210)"
Schalke 04, 2, 1, Borussia Dortmund, "Friday, February 26, 2010", "Veltins-Arena (61,673)"
SC Freiburg, 0, 3, Hertha Berlin, "Sunday, February 21, 2010", "badenova-Stadion (21,600)"
VfL Wolfsburg, 2, 1, Schalke 04, "Sunday, February 21, 2010", "Volkswagen Arena (30,000)"
Werder Bremen, 2, 2, Bayer Leverkusen, "Sunday, February 21, 2010", "Weserstadion (37,500)"
Borussia Dortmund, 4, 1, Hannover 96, "Saturday, February 20, 2010", "Signal Iduna Park (73,700)"
FC Cologne, 1, 5, VfB Stuttgart, "Saturday, February 20, 2010", "RheinEnergieStadion (55,500)"
Hamburg SV, 0, 0, Eintracht Frankfurt, "Saturday, February 20, 2010", "Imtech Arena (56,196)"
Mainz, 0, 0, VfL Bochum, "Saturday, February 20, 2010", "Stadion am Bruchweg (19,000)"
Nurnberg, 1, 1, Bayern Munich, "Saturday, February 20, 2010", "EasyCredit-Stadion (48,548)"
TSG Hoffenheim, 2, 2, Borussia Monchengladbach, "Friday, February 19, 2010", "Rhein-Neckar-Arena (30,150)"
Schalke 04, 2, 0, FC Cologne, "Sunday, February 14, 2010", "Veltins-Arena (61,673)"
Eintracht Frankfurt, 2, 1, SC Freiburg, "Sunday, February 14, 2010", "Commerzbank Arena (35,000)"
Bayer Leverkusen, 2, 1, VfL Wolfsburg, "Saturday, February 13, 2010", "BayArena (30,000)"
Hannover 96, 1, 5, Werder Bremen, "Saturday, February 13, 2010", "AWD-Arena (44,379)"
Hertha Berlin, 1, 1, Mainz, "Saturday, February 13, 2010", "Olympiastadion (36,715)"
VfB Stuttgart, 1, 3, Hamburg SV, "Saturday, February 13, 2010", "Mercedes-Benz Arena (41,500)"
VfL Bochum, 2, 1, TSG Hoffenheim, "Saturday, February 13, 2010", "rewirpowerSTADION (17,104)"
Bayern Munich, 3, 1, Borussia Dortmund, "Saturday, February 13, 2010", "Allianz Arena (69,000)"
Borussia Monchengladbach, 2, 1, Nurnberg, "Friday, February 12, 2010", "Borussia-Park (34,297)"
Mainz, 1, 0, Borussia Monchengladbach, "Sunday, February 7, 2010", "Stadion am Bruchweg (20,300)"
Borussia Dortmund, 2, 3, Eintracht Frankfurt, "Sunday, February 7, 2010", "Signal Iduna Park (70,400)"
FC Cologne, 3, 3, Hamburg SV, "Saturday, February 6, 2010", "RheinEnergieStadion (50,000)"
SC Freiburg, 0, 0, Schalke 04, "Saturday, February 6, 2010", "badenova-Stadion (24,000)"
TSG Hoffenheim, 2, 1, Hannover 96, "Saturday, February 6, 2010", "Rhein-Neckar-Arena (28,100)"
VfL Bochum, 1, 1, Bayer Leverkusen, "Saturday, February 6, 2010", "rewirpowerSTADION (22,176)"
VfL Wolfsburg, 1, 3, Bayern Munich, "Saturday, February 6, 2010", "Volkswagen Arena (30,000)"
Nurnberg, 1, 2, VfB Stuttgart, "Saturday, February 6, 2010", "EasyCredit-Stadion (40,384)"
Werder Bremen, 2, 1, Hertha Berlin, "Friday, February 5, 2010", "Weserstadion (35,600)"
VfB Stuttgart, 4, 1, Borussia Dortmund, "Sunday, January 31, 2010", "Mercedes-Benz Arena (42,000)"
Bayer Leverkusen, 3, 1, SC Freiburg, "Sunday, January 31, 2010", "BayArena (26,000)"
Bayern Munich, 3, 0, Mainz, "Saturday, January 30, 2010", "Allianz Arena (69,000)"
Borussia Monchengladbach, 4, 3, Werder Bremen, "Saturday, January 30, 2010", "Borussia-Park (47,458)"
Eintracht Frankfurt, 1, 2, FC Cologne, "Saturday, January 30, 2010", "Commerzbank Arena (45,100)"
Hannover 96, 1, 3, Nurnberg, "Saturday, January 30, 2010", "AWD-Arena (26,722)"
Hertha Berlin, 0, 0, VfL Bochum, "Saturday, January 30, 2010", "Olympiastadion (38,127)"
Schalke 04, 2, 0, TSG Hoffenheim, "Saturday, January 30, 2010", "Veltins-Arena (60,402)"
Hamburg SV, 1, 1, VfL Wolfsburg, "Friday, January 29, 2010", "Imtech Arena (51,845)"
VfL Wolfsburg, 2, 3, FC Cologne, "Sunday, January 24, 2010", "Volkswagen Arena (27,471)"
TSG Hoffenheim, 0, 3, Bayer Leverkusen, "Sunday, January 24, 2010", "Rhein-Neckar-Arena (30,150)"
Hertha Berlin, 0, 0, Borussia Monchengladbach, "Saturday, January 23, 2010", "Olympiastadion (46,090)"
Mainz, 1, 0, Hannover 96, "Saturday, January 23, 2010", "Stadion am Bruchweg (19,300)"
Nurnberg, 1, 1, Eintracht Frankfurt, "Saturday, January 23, 2010", "EasyCredit-Stadion (37,464)"
VfL Bochum, 2, 2, Schalke 04, "Saturday, January 23, 2010", "rewirpowerSTADION (29,008)"
Werder Bremen, 2, 3, Bayern Munich, "Saturday, January 23, 2010", "Weserstadion (39,100)"
Borussia Dortmund, 1, 0, Hamburg SV, "Saturday, January 23, 2010", "Signal Iduna Park (80,500)"
SC Freiburg, 0, 1, VfB Stuttgart, "Friday, January 22, 2010", "badenova-Stadion (23,900)"
Schalke 04, 1, 0, Nurnberg, "Sunday, January 17, 2010", "Veltins-Arena (61,515)"
FC Cologne, 2, 3, Borussia Dortmund, "Sunday, January 17, 2010", "RheinEnergieStadion (50,000)"
Bayer Leverkusen, 4, 2, Mainz, "Saturday, January 16, 2010", "BayArena (28,000)"
Borussia Monchengladbach, 1, 2, VfL Bochum, "Saturday, January 16, 2010", "Borussia-Park (36,245)"
Eintracht Frankfurt, 1, 0, Werder Bremen, "Saturday, January 16, 2010", "Commerzbank Arena (45,600)"
Hamburg SV, 2, 0, SC Freiburg, "Saturday, January 16, 2010", "Imtech Arena (51,448)"
Hannover 96, 0, 3, Hertha Berlin, "Saturday, January 16, 2010", "AWD-Arena (28,712)"
VfB Stuttgart, 3, 1, VfL Wolfsburg, "Saturday, January 16, 2010", "Mercedes-Benz Arena (37,000)"
Bayern Munich, 2, 0, TSG Hoffenheim, "Friday, January 15, 2010", "Allianz Arena (69,000)"
Hamburg SV, 2, 1, Werder Bremen, "Sunday, December 20, 2009", "Imtech Arena (57,000)"
FC Cologne, 3, 0, Nurnberg, "Sunday, December 20, 2009", "RheinEnergieStadion (44,500)"
Bayer Leverkusen, 3, 2, Borussia Monchengladbach, "Saturday, December 19, 2009", "BayArena (30,150)"
Bayern Munich, 5, 2, Hertha Berlin, "Saturday, December 19, 2009", "Allianz Arena (69,000)"
Borussia Dortmund, 1, 0, SC Freiburg, "Saturday, December 19, 2009", "Signal Iduna Park (80,100)"
Eintracht Frankfurt, 2, 2, VfL Wolfsburg, "Saturday, December 19, 2009", "Commerzbank Arena (41,700)"
Hannover 96, 2, 3, VfL Bochum, "Saturday, December 19, 2009", "AWD-Arena (33,875)"
VfB Stuttgart, 3, 1, TSG Hoffenheim, "Saturday, December 19, 2009", "Mercedes-Benz Arena (41,000)"
Schalke 04, 1, 0, Mainz, "Friday, December 18, 2009", "Veltins-Arena (60,582)"
Mainz, 1, 1, VfB Stuttgart, "Sunday, December 13, 2009", "Stadion am Bruchweg (20,300)"
VfL Wolfsburg, 1, 3, Borussia Dortmund, "Sunday, December 13, 2009", "Volkswagen Arena (30,000)"
Borussia Monchengladbach, 5, 3, Hannover 96, "Saturday, December 12, 2009", "Borussia-Park (43,528)"
Nurnberg, 0, 4, Hamburg SV, "Saturday, December 12, 2009", "EasyCredit-Stadion (44,865)"
SC Freiburg, 0, 0, FC Cologne, "Saturday, December 12, 2009", "badenova-Stadion (24,000)"
TSG Hoffenheim, 1, 1, Eintracht Frankfurt, "Saturday, December 12, 2009", "Rhein-Neckar-Arena (30,150)"
VfL Bochum, 1, 5, Bayern Munich, "Saturday, December 12, 2009", "rewirpowerSTADION (30,748)"
Werder Bremen, 0, 2, Schalke 04, "Saturday, December 12, 2009", "Weserstadion (37,000)"
Hertha Berlin, 2, 2, Bayer Leverkusen, "Friday, December 11, 2009", "Olympiastadion (40,474)"
FC Cologne, 0, 0, Werder Bremen, "Sunday, December 6, 2009", "RheinEnergieStadion (50,000)"
Schalke 04, 2, 0, Hertha Berlin, "Sunday, December 6, 2009", "Veltins-Arena (61,000)"
Borussia Dortmund, 4, 0, Nurnberg, "Saturday, December 5, 2009", "Signal Iduna Park (72,100)"
Hamburg SV, 0, 0, TSG Hoffenheim, "Saturday, December 5, 2009", "Imtech Arena (52,725)"
Hannover 96, 0, 0, Bayer Leverkusen, "Saturday, December 5, 2009", "AWD-Arena (34,341)"
VfB Stuttgart, 1, 1, VfL Bochum, "Saturday, December 5, 2009", "Mercedes-Benz Arena (40,000)"
VfL Wolfsburg, 2, 2, SC Freiburg, "Saturday, December 5, 2009", "Volkswagen Arena (23,000)"
Eintracht Frankfurt, 2, 0, Mainz, "Saturday, December 5, 2009", "Commerzbank Arena (51,500)"
Bayern Munich, 2, 1, Borussia Monchengladbach, "Friday, December 4, 2009", "Allianz Arena (69,000)"
Bayer Leverkusen, 4, 0, VfB Stuttgart, "Sunday, November 29, 2009", "BayArena (30,210)"
Hannover 96, 0, 3, Bayern Munich, "Sunday, November 29, 2009", "AWD-Arena (49,000)"
Hertha Berlin, 1, 3, Eintracht Frankfurt, "Saturday, November 28, 2009", "Olympiastadion (48,253)"
Mainz, 1, 1, Hamburg SV, "Saturday, November 28, 2009", "Stadion am Bruchweg (20,300)"
Nurnberg, 0, 1, SC Freiburg, "Saturday, November 28, 2009", "EasyCredit-Stadion (40,824)"
TSG Hoffenheim, 1, 2, Borussia Dortmund, "Saturday, November 28, 2009", "Rhein-Neckar-Arena (30,150)"
Werder Bremen, 2, 2, VfL Wolfsburg, "Saturday, November 28, 2009", "Weserstadion (34,523)"
Borussia Monchengladbach, 1, 0, Schalke 04, "Saturday, November 28, 2009", "Borussia-Park (54,054)"
VfL Bochum, 0, 0, FC Cologne, "Friday, November 27, 2009", "rewirpowerSTADION (29,102)"
Bayern Munich, 1, 1, Bayer Leverkusen, "Sunday, November 22, 2009", "Allianz Arena (69,000)"
Hamburg SV, 0, 1, VfL Bochum, "Sunday, November 22, 2009", "Imtech Arena (53,838)"
Eintracht Frankfurt, 1, 2, Borussia Monchengladbach, "Saturday, November 21, 2009", "Commerzbank Arena (50,000)"
FC Cologne, 0, 4, TSG Hoffenheim, "Saturday, November 21, 2009", "RheinEnergieStadion (45,000)"
SC Freiburg, 0, 6, Werder Bremen, "Saturday, November 21, 2009", "badenova-Stadion (24,000)"
Schalke 04, 2, 0, Hannover 96, "Saturday, November 21, 2009", "Veltins-Arena (61,505)"
VfB Stuttgart, 1, 1, Hertha Berlin, "Saturday, November 21, 2009", "Mercedes-Benz Arena (39,000)"
VfL Wolfsburg, 2, 3, Nurnberg, "Saturday, November 21, 2009", "Volkswagen Arena (28,736)"
Borussia Dortmund, 0, 0, Mainz, "Saturday, November 21, 2009", "Signal Iduna Park (64,600)"
Hannover 96, 2, 2, Hamburg SV, "Sunday, November 8, 2009", "AWD-Arena (49,000)"
Hertha Berlin, 0, 1, FC Cologne, "Sunday, November 8, 2009", "Olympiastadion (48,623)"
Werder Bremen, 1, 1, Borussia Dortmund, "Sunday, November 8, 2009", "Weserstadion (34,906)"
Bayern Munich, 1, 1, Schalke 04, "Saturday, November 7, 2009", "Allianz Arena (69,000)"
Borussia Monchengladbach, 0, 0, VfB Stuttgart, "Saturday, November 7, 2009", "Borussia-Park (47,053)"
Mainz, 1, 0, Nurnberg, "Saturday, November 7, 2009", "Stadion am Bruchweg (20,000)"
TSG Hoffenheim, 1, 2, VfL Wolfsburg, "Saturday, November 7, 2009", "Rhein-Neckar-Arena (29,400)"
VfL Bochum, 1, 2, SC Freiburg, "Saturday, November 7, 2009", "rewirpowerSTADION (20,403)"
Bayer Leverkusen, 4, 0, Eintracht Frankfurt, "Friday, November 6, 2009", "BayArena (30,000)"
SC Freiburg, 0, 1, TSG Hoffenheim, "Sunday, November 1, 2009", "badenova-Stadion (24,000)"
Eintracht Frankfurt, 2, 1, VfL Bochum, "Sunday, November 1, 2009", "Commerzbank Arena (37,500)"
FC Cologne, 0, 1, Hannover 96, "Saturday, October 31, 2009", "RheinEnergieStadion (45,000)"
Hamburg SV, 2, 3, Borussia Monchengladbach, "Saturday, October 31, 2009", "Imtech Arena (57,000)"
Nurnberg, 2, 2, Werder Bremen, "Saturday, October 31, 2009", "EasyCredit-Stadion (42,258)"
VfB Stuttgart, 0, 0, Bayern Munich, "Saturday, October 31, 2009", "Mercedes-Benz Arena (42,000)"
VfL Wolfsburg, 3, 3, Mainz, "Saturday, October 31, 2009", "Volkswagen Arena (28,309)"
Schalke 04, 2, 2, Bayer Leverkusen, "Saturday, October 31, 2009", "Veltins-Arena (61,673)"
Borussia Dortmund, 2, 0, Hertha Berlin, "Friday, October 30, 2009", "Signal Iduna Park (77,000)"
Hertha Berlin, 0, 0, VfL Wolfsburg, "Sunday, October 25, 2009", "Olympiastadion (36,799)"
Schalke 04, 3, 3, Hamburg SV, "Sunday, October 25, 2009", "Veltins-Arena (61,673)"
VfL Bochum, 1, 4, Werder Bremen, "Sunday, October 25, 2009", "rewirpowerSTADION (25,703)"
Bayern Munich, 2, 1, Eintracht Frankfurt, "Saturday, October 24, 2009", "Allianz Arena (69,000)"
Borussia Monchengladbach, 0, 0, FC Cologne, "Saturday, October 24, 2009", "Borussia-Park (54,067)"
Hannover 96, 1, 0, VfB Stuttgart, "Saturday, October 24, 2009", "AWD-Arena (34,423)"
Mainz, 3, 0, SC Freiburg, "Saturday, October 24, 2009", "Stadion am Bruchweg (20,150)"
TSG Hoffenheim, 3, 0, Nurnberg, "Saturday, October 24, 2009", "Rhein-Neckar-Arena (30,150)"
Bayer Leverkusen, 1, 1, Borussia Dortmund, "Friday, October 23, 2009", "BayArena (30,000)"
VfL Wolfsburg, 2, 1, Borussia Monchengladbach, "Sunday, October 18, 2009", "Volkswagen Arena (30,000)"
Borussia Dortmund, 2, 0, VfL Bochum, "Sunday, October 18, 2009", "Signal Iduna Park (72,500)"
Eintracht Frankfurt, 2, 1, Hannover 96, "Saturday, October 17, 2009", "Commerzbank Arena (40,700)"
FC Cologne, 1, 0, Mainz, "Saturday, October 17, 2009", "RheinEnergieStadion (49,000)"
Nurnberg, 3, 0, Hertha Berlin, "Saturday, October 17, 2009", "EasyCredit-Stadion (38,094)"
SC Freiburg, 1, 2, Bayern Munich, "Saturday, October 17, 2009", "badenova-Stadion (24,000)"
VfB Stuttgart, 1, 2, Schalke 04, "Saturday, October 17, 2009", "Mercedes-Benz Arena (42,000)"
Werder Bremen, 2, 0, TSG Hoffenheim, "Saturday, October 17, 2009", "Weserstadion (33,000)"
Hamburg SV, 0, 0, Bayer Leverkusen, "Saturday, October 17, 2009", "Imtech Arena (57,000)"
VfB Stuttgart, 0, 2, Werder Bremen, "Sunday, October 4, 2009", "Mercedes-Benz Arena (42,000)"
Hertha Berlin, 1, 3, Hamburg SV, "Sunday, October 4, 2009", "Olympiastadion (49,208)"
Bayer Leverkusen, 4, 0, Nurnberg, "Saturday, October 3, 2009", "BayArena (26,785)"
Bayern Munich, 0, 0, FC Cologne, "Saturday, October 3, 2009", "Allianz Arena (69,000)"
Hannover 96, 5, 2, SC Freiburg, "Saturday, October 3, 2009", "AWD-Arena (28,412)"
Mainz, 2, 1, TSG Hoffenheim, "Saturday, October 3, 2009", "Stadion am Bruchweg (20,300)"
VfL Bochum, 1, 1, VfL Wolfsburg, "Saturday, October 3, 2009", "rewirpowerSTADION (21,710)"
Borussia Monchengladbach, 0, 1, Borussia Dortmund, "Saturday, October 3, 2009", "Borussia-Park (53,253)"
Schalke 04, 2, 0, Eintracht Frankfurt, "Friday, October 2, 2009", "Veltins-Arena (61,673)"
SC Freiburg, 3, 0, Borussia Monchengladbach, "Sunday, September 27, 2009", "badenova-Stadion (24,000)"
TSG Hoffenheim, 5, 1, Hertha Berlin, "Sunday, September 27, 2009", "Rhein-Neckar-Arena (29,600)"
Borussia Dortmund, 0, 1, Schalke 04, "Saturday, September 26, 2009", "Signal Iduna Park (80,552)"
Eintracht Frankfurt, 0, 3, VfB Stuttgart, "Saturday, September 26, 2009", "Commerzbank Arena (49,750)"
FC Cologne, 0, 1, Bayer Leverkusen, "Saturday, September 26, 2009", "RheinEnergieStadion (49,300)"
VfL Wolfsburg, 4, 2, Hannover 96, "Saturday, September 26, 2009", "Volkswagen Arena (30,000)"
Werder Bremen, 3, 0, Mainz, "Saturday, September 26, 2009", "Weserstadion (32,875)"
Hamburg SV, 1, 0, Bayern Munich, "Saturday, September 26, 2009", "Imtech Arena (57,000)"
Nurnberg, 0, 1, VfL Bochum, "Friday, September 25, 2009", "EasyCredit-Stadion (35,376)"
Eintracht Frankfurt, 1, 1, Hamburg SV, "Sunday, September 20, 2009", "Commerzbank Arena (51,500)"
Bayer Leverkusen, 0, 0, Werder Bremen, "Sunday, September 20, 2009", "BayArena (30,210)"
Hertha Berlin, 0, 4, SC Freiburg, "Sunday, September 20, 2009", "Olympiastadion (38,176)"
Bayern Munich, 2, 1, Nurnberg, "Saturday, September 19, 2009", "Allianz Arena (69,000)"
Borussia Monchengladbach, 2, 4, TSG Hoffenheim, "Saturday, September 19, 2009", "Borussia-Park (46,551)"
Hannover 96, 1, 1, Borussia Dortmund, "Saturday, September 19, 2009", "AWD-Arena (43,754)"
VfB Stuttgart, 0, 2, FC Cologne, "Saturday, September 19, 2009", "Mercedes-Benz Arena (41,000)"
VfL Bochum, 2, 3, Mainz, "Saturday, September 19, 2009", "rewirpowerSTADION (16,225)"
Schalke 04, 1, 2, VfL Wolfsburg, "Friday, September 18, 2009", "Veltins-Arena (60,150)"
Werder Bremen, 0, 0, Hannover 96, "Sunday, September 13, 2009", "Weserstadion (34,000)"
FC Cologne, 1, 2, Schalke 04, "Sunday, September 13, 2009", "RheinEnergieStadion (50,000)"
Borussia Dortmund, 1, 5, Bayern Munich, "Saturday, September 12, 2009", "Signal Iduna Park (80,552)"
Mainz, 2, 1, Hertha Berlin, "Saturday, September 12, 2009", "Stadion am Bruchweg (20,200)"
Nurnberg, 1, 0, Borussia Monchengladbach, "Saturday, September 12, 2009", "EasyCredit-Stadion (46,780)"
SC Freiburg, 0, 2, Eintracht Frankfurt, "Saturday, September 12, 2009", "badenova-Stadion (23,600)"
TSG Hoffenheim, 3, 0, VfL Bochum, "Saturday, September 12, 2009", "Rhein-Neckar-Arena (29,500)"
VfL Wolfsburg, 2, 3, Bayer Leverkusen, "Saturday, September 12, 2009", "Volkswagen Arena (30,000)"
Hamburg SV, 3, 1, VfB Stuttgart, "Saturday, September 12, 2009", "Imtech Arena (57,000)"
Hertha Berlin, 2, 3, Werder Bremen, "Sunday, August 30, 2009", "Olympiastadion (49,176)"
Hamburg SV, 3, 1, FC Cologne, "Sunday, August 30, 2009", "Imtech Arena (54,112)"
Bayer Leverkusen, 2, 1, VfL Bochum, "Saturday, August 29, 2009", "BayArena (27,122)"
Eintracht Frankfurt, 1, 1, Borussia Dortmund, "Saturday, August 29, 2009", "Commerzbank Arena (51,050)"
Hannover 96, 0, 1, TSG Hoffenheim, "Saturday, August 29, 2009", "AWD-Arena (34,257)"
Schalke 04, 0, 1, SC Freiburg, "Saturday, August 29, 2009", "Veltins-Arena (60,198)"
VfB Stuttgart, 0, 0, Nurnberg, "Saturday, August 29, 2009", "Mercedes-Benz Arena (42,000)"
Bayern Munich, 3, 0, VfL Wolfsburg, "Saturday, August 29, 2009", "Allianz Arena (69,000)"
Borussia Monchengladbach, 2, 0, Mainz, "Friday, August 28, 2009", "Borussia-Park (42,217)"
VfL Bochum, 1, 0, Hertha Berlin, "Sunday, August 23, 2009", "rewirpowerSTADION (18,800)"
VfL Wolfsburg, 2, 4, Hamburg SV, "Sunday, August 23, 2009", "Volkswagen Arena (30,000)"
Werder Bremen, 3, 0, Borussia Monchengladbach, "Sunday, August 23, 2009", "Weserstadion (34,800)"
Borussia Dortmund, 1, 1, VfB Stuttgart, "Saturday, August 22, 2009", "Signal Iduna Park (72,100)"
FC Cologne, 0, 0, Eintracht Frankfurt, "Saturday, August 22, 2009", "RheinEnergieStadion (48,000)"
Mainz, 2, 1, Bayern Munich, "Saturday, August 22, 2009", "Stadion am Bruchweg (20,300)"
Nurnberg, 0, 2, Hannover 96, "Saturday, August 22, 2009", "EasyCredit-Stadion (38,671)"
SC Freiburg, 0, 5, Bayer Leverkusen, "Saturday, August 22, 2009", "badenova-Stadion (22,000)"
TSG Hoffenheim, 0, 0, Schalke 04, "Friday, August 21, 2009", "Rhein-Neckar-Arena (30,150)"
Borussia Monchengladbach, 2, 1, Hertha Berlin, "Sunday, August 16, 2009", "Borussia-Park (41,814)"
Schalke 04, 3, 0, VfL Bochum, "Sunday, August 16, 2009", "Veltins-Arena (61,000)"
Bayer Leverkusen, 1, 0, TSG Hoffenheim, "Saturday, August 15, 2009", "BayArena (27,000)"
Bayern Munich, 1, 1, Werder Bremen, "Saturday, August 15, 2009", "Allianz Arena (69,000)"
Eintracht Frankfurt, 1, 1, Nurnberg, "Saturday, August 15, 2009", "Commerzbank Arena (49,000)"
Hamburg SV, 4, 1, Borussia Dortmund, "Saturday, August 15, 2009", "Imtech Arena (57,000)"
Hannover 96, 1, 1, Mainz, "Saturday, August 15, 2009", "AWD-Arena (28,952)"
VfB Stuttgart, 4, 2, SC Freiburg, "Saturday, August 15, 2009", "Mercedes-Benz Arena (41,500)"
FC Cologne, 1, 3, VfL Wolfsburg, "Saturday, August 15, 2009", "RheinEnergieStadion (48,000)"
VfL Bochum, 3, 3, Borussia Monchengladbach, "Sunday, August 9, 2009", "rewirpowerSTADION (29,766)"
SC Freiburg, 1, 1, Hamburg SV, "Sunday, August 9, 2009", "badenova-Stadion (24,000)"
Borussia Dortmund, 1, 0, FC Cologne, "Saturday, August 8, 2009", "Signal Iduna Park (78,200)"
Hertha Berlin, 1, 0, Hannover 96, "Saturday, August 8, 2009", "Olympiastadion (42,169)"
Mainz, 2, 2, Bayer Leverkusen, "Saturday, August 8, 2009", "Stadion am Bruchweg (20,000)"
Nurnberg, 1, 2, Schalke 04, "Saturday, August 8, 2009", "EasyCredit-Stadion (46,780)"
Werder Bremen, 2, 3, Eintracht Frankfurt, "Saturday, August 8, 2009", "Weserstadion (33,000)"
TSG Hoffenheim, 1, 1, Bayern Munich, "Saturday, August 8, 2009", "Rhein-Neckar-Arena (30,500)"
VfL Wolfsburg, 2, 0, VfB Stuttgart, "Friday, August 7, 2009", "Volkswagen Arena (30,000)"
