home, homescore, awayscore, away, date, group
Barcelona, 3, 1, Manchester United, "Saturday, May 28, 2011", Final
Manchester United, 4, 1, Schalke 04, "Wednesday, May 4, 2011", Semi-finals
Barcelona, 1, 1, Real Madrid, "Tuesday, May 3, 2011", Semi-finals
Real Madrid, 0, 2, Barcelona, "Wednesday, April 27, 2011", Semi-finals
Schalke 04, 0, 2, Manchester United, "Tuesday, April 26, 2011", Semi-finals
Schalke 04, 2, 1, Internazionale, "Wednesday, April 13, 2011", Quarter-finals
Tottenham Hotspur, 0, 1, Real Madrid, "Wednesday, April 13, 2011", Quarter-finals
Manchester United, 2, 1, Chelsea, "Tuesday, April 12, 2011", Quarter-finals
Shakhtar Donetsk, 0, 1, Barcelona, "Tuesday, April 12, 2011", Quarter-finals
Barcelona, 5, 1, Shakhtar Donetsk, "Wednesday, April 6, 2011", Quarter-finals
Chelsea, 0, 1, Manchester United, "Wednesday, April 6, 2011", Quarter-finals
Internazionale, 2, 5, Schalke 04, "Tuesday, April 5, 2011", Quarter-finals
Real Madrid, 4, 0, Tottenham Hotspur, "Tuesday, April 5, 2011", Quarter-finals
Chelsea, 0, 0, FC Copenhagen, "Wednesday, March 16, 2011", Round of 16
Real Madrid, 3, 0, Lyon, "Wednesday, March 16, 2011", Round of 16
Bayern Munich, 2, 3, Internazionale, "Tuesday, March 15, 2011", Round of 16
Manchester United, 2, 1, Marseille, "Tuesday, March 15, 2011", Round of 16
Schalke 04, 3, 1, Valencia, "Wednesday, March 9, 2011", Round of 16
Tottenham Hotspur, 0, 0, AC Milan, "Wednesday, March 9, 2011", Round of 16
Barcelona, 3, 1, Arsenal, "Tuesday, March 8, 2011", Round of 16
Shakhtar Donetsk, 3, 0, AS Roma, "Tuesday, March 8, 2011", Round of 16
Internazionale, 0, 1, Bayern Munich, "Wednesday, February 23, 2011", Round of 16
Marseille, 0, 0, Manchester United, "Wednesday, February 23, 2011", Round of 16
FC Copenhagen, 0, 2, Chelsea, "Tuesday, February 22, 2011", Round of 16
Lyon, 1, 1, Real Madrid, "Tuesday, February 22, 2011", Round of 16
Arsenal, 2, 1, Barcelona, "Wednesday, February 16, 2011", Round of 16
AS Roma, 2, 3, Shakhtar Donetsk, "Wednesday, February 16, 2011", Round of 16
AC Milan, 0, 1, Tottenham Hotspur, "Tuesday, February 15, 2011", Round of 16
Valencia, 1, 1, Schalke 04, "Tuesday, February 15, 2011", Round of 16
Bayern Munich, 3, 0, FC Basel, "Wednesday, December 8, 2010", Group E
CFR Cluj-Napoca, 1, 1, AS Roma, "Wednesday, December 8, 2010", Group E
Marseille, 1, 0, Chelsea, "Wednesday, December 8, 2010", Group F
MSK Zilina, 1, 2, Spartak Moscow, "Wednesday, December 8, 2010", Group F
AC Milan, 0, 2, Ajax Amsterdam, "Wednesday, December 8, 2010", Group G
Real Madrid, 4, 0, AJ Auxerre, "Wednesday, December 8, 2010", Group G
Arsenal, 3, 1, Partizan Belgrade, "Wednesday, December 8, 2010", Group H
Shakhtar Donetsk, 2, 0, Braga, "Wednesday, December 8, 2010", Group H
Twente Enschede, 3, 3, Tottenham Hotspur, "Tuesday, December 7, 2010", Group A
Werder Bremen, 3, 0, Internazionale, "Tuesday, December 7, 2010", Group A
Benfica, 1, 2, Schalke 04, "Tuesday, December 7, 2010", Group B
Lyon, 2, 2, Hapoel Tel Aviv, "Tuesday, December 7, 2010", Group B
Bursaspor, 1, 1, Rangers, "Tuesday, December 7, 2010", Group C
Manchester United, 1, 1, Valencia, "Tuesday, December 7, 2010", Group C
Barcelona, 2, 0, FK Rubin Kazan, "Tuesday, December 7, 2010", Group D
FC Copenhagen, 3, 1, Panathinaikos, "Tuesday, December 7, 2010", Group D
Internazionale, 1, 0, Twente Enschede, "Wednesday, November 24, 2010", Group A
Tottenham Hotspur, 3, 0, Werder Bremen, "Wednesday, November 24, 2010", Group A
Hapoel Tel Aviv, 3, 0, Benfica, "Wednesday, November 24, 2010", Group B
Schalke 04, 3, 0, Lyon, "Wednesday, November 24, 2010", Group B
Rangers, 0, 1, Manchester United, "Wednesday, November 24, 2010", Group C
Valencia, 6, 1, Bursaspor, "Wednesday, November 24, 2010", Group C
FK Rubin Kazan, 1, 0, FC Copenhagen, "Wednesday, November 24, 2010", Group D
Panathinaikos, 0, 3, Barcelona, "Wednesday, November 24, 2010", Group D
AS Roma, 3, 2, Bayern Munich, "Tuesday, November 23, 2010", Group E
FC Basel, 1, 0, CFR Cluj-Napoca, "Tuesday, November 23, 2010", Group E
Spartak Moscow, 0, 3, Marseille, "Tuesday, November 23, 2010", Group F
Chelsea, 2, 1, MSK Zilina, "Tuesday, November 23, 2010", Group F
AJ Auxerre, 0, 2, AC Milan, "Tuesday, November 23, 2010", Group G
Ajax Amsterdam, 0, 4, Real Madrid, "Tuesday, November 23, 2010", Group G
Braga, 2, 0, Arsenal, "Tuesday, November 23, 2010", Group H
Partizan Belgrade, 0, 3, Shakhtar Donetsk, "Tuesday, November 23, 2010", Group H
CFR Cluj-Napoca, 0, 4, Bayern Munich, "Wednesday, November 3, 2010", Group E
FC Basel, 2, 3, AS Roma, "Wednesday, November 3, 2010", Group E
Chelsea, 4, 1, Spartak Moscow, "Wednesday, November 3, 2010", Group F
MSK Zilina, 0, 7, Marseille, "Wednesday, November 3, 2010", Group F
AC Milan, 2, 2, Real Madrid, "Wednesday, November 3, 2010", Group G
AJ Auxerre, 2, 1, Ajax Amsterdam, "Wednesday, November 3, 2010", Group G
Partizan Belgrade, 0, 1, Braga, "Wednesday, November 3, 2010", Group H
Shakhtar Donetsk, 2, 1, Arsenal, "Wednesday, November 3, 2010", Group H
Tottenham Hotspur, 3, 1, Internazionale, "Tuesday, November 2, 2010", Group A
Werder Bremen, 0, 2, Twente Enschede, "Tuesday, November 2, 2010", Group A
Benfica, 4, 3, Lyon, "Tuesday, November 2, 2010", Group B
Hapoel Tel Aviv, 0, 0, Schalke 04, "Tuesday, November 2, 2010", Group B
Bursaspor, 0, 3, Manchester United, "Tuesday, November 2, 2010", Group C
Valencia, 3, 0, Rangers, "Tuesday, November 2, 2010", Group C
FK Rubin Kazan, 0, 0, Panathinaikos, "Tuesday, November 2, 2010", Group D
FC Copenhagen, 1, 1, Barcelona, "Tuesday, November 2, 2010", Group D
Internazionale, 4, 3, Tottenham Hotspur, "Wednesday, October 20, 2010", Group A
Twente Enschede, 1, 1, Werder Bremen, "Wednesday, October 20, 2010", Group A
Lyon, 2, 0, Benfica, "Wednesday, October 20, 2010", Group B
Schalke 04, 3, 1, Hapoel Tel Aviv, "Wednesday, October 20, 2010", Group B
Manchester United, 1, 0, Bursaspor, "Wednesday, October 20, 2010", Group C
Rangers, 1, 1, Valencia, "Wednesday, October 20, 2010", Group C
Barcelona, 2, 0, FC Copenhagen, "Wednesday, October 20, 2010", Group D
Panathinaikos, 0, 0, FK Rubin Kazan, "Wednesday, October 20, 2010", Group D
AS Roma, 1, 3, FC Basel, "Tuesday, October 19, 2010", Group E
Bayern Munich, 3, 2, CFR Cluj-Napoca, "Tuesday, October 19, 2010", Group E
Spartak Moscow, 0, 2, Chelsea, "Tuesday, October 19, 2010", Group F
Marseille, 1, 0, MSK Zilina, "Tuesday, October 19, 2010", Group F
Ajax Amsterdam, 2, 1, AJ Auxerre, "Tuesday, October 19, 2010", Group G
Real Madrid, 2, 0, AC Milan, "Tuesday, October 19, 2010", Group G
Arsenal, 5, 1, Shakhtar Donetsk, "Tuesday, October 19, 2010", Group H
Braga, 2, 0, Partizan Belgrade, "Tuesday, October 19, 2010", Group H
Internazionale, 4, 0, Werder Bremen, "Wednesday, September 29, 2010", Group A
Tottenham Hotspur, 4, 1, Twente Enschede, "Wednesday, September 29, 2010", Group A
Hapoel Tel Aviv, 1, 3, Lyon, "Wednesday, September 29, 2010", Group B
Schalke 04, 2, 0, Benfica, "Wednesday, September 29, 2010", Group B
Rangers, 1, 0, Bursaspor, "Wednesday, September 29, 2010", Group C
Valencia, 0, 1, Manchester United, "Wednesday, September 29, 2010", Group C
FK Rubin Kazan, 1, 1, Barcelona, "Wednesday, September 29, 2010", Group D
Panathinaikos, 0, 2, FC Copenhagen, "Wednesday, September 29, 2010", Group D
AS Roma, 2, 1, CFR Cluj-Napoca, "Tuesday, September 28, 2010", Group E
FC Basel, 1, 2, Bayern Munich, "Tuesday, September 28, 2010", Group E
Spartak Moscow, 3, 0, MSK Zilina, "Tuesday, September 28, 2010", Group F
Chelsea, 2, 0, Marseille, "Tuesday, September 28, 2010", Group F
AJ Auxerre, 0, 1, Real Madrid, "Tuesday, September 28, 2010", Group G
Ajax Amsterdam, 1, 1, AC Milan, "Tuesday, September 28, 2010", Group G
Braga, 0, 3, Shakhtar Donetsk, "Tuesday, September 28, 2010", Group H
Partizan Belgrade, 1, 3, Arsenal, "Tuesday, September 28, 2010", Group H
Bayern Munich, 2, 0, AS Roma, "Wednesday, September 15, 2010", Group E
CFR Cluj-Napoca, 2, 1, FC Basel, "Wednesday, September 15, 2010", Group E
Marseille, 0, 1, Spartak Moscow, "Wednesday, September 15, 2010", Group F
MSK Zilina, 1, 4, Chelsea, "Wednesday, September 15, 2010", Group F
AC Milan, 2, 0, AJ Auxerre, "Wednesday, September 15, 2010", Group G
Real Madrid, 2, 0, Ajax Amsterdam, "Wednesday, September 15, 2010", Group G
Arsenal, 6, 0, Braga, "Wednesday, September 15, 2010", Group H
Shakhtar Donetsk, 1, 0, Partizan Belgrade, "Wednesday, September 15, 2010", Group H
Twente Enschede, 2, 2, Internazionale, "Tuesday, September 14, 2010", Group A
Werder Bremen, 2, 2, Tottenham Hotspur, "Tuesday, September 14, 2010", Group A
Benfica, 2, 0, Hapoel Tel Aviv, "Tuesday, September 14, 2010", Group B
Lyon, 1, 0, Schalke 04, "Tuesday, September 14, 2010", Group B
Bursaspor, 0, 4, Valencia, "Tuesday, September 14, 2010", Group C
Manchester United, 0, 0, Rangers, "Tuesday, September 14, 2010", Group C
Barcelona, 5, 1, Panathinaikos, "Tuesday, September 14, 2010", Group D
FC Copenhagen, 1, 0, FK Rubin Kazan, "Tuesday, September 14, 2010", Group D
AJ Auxerre, 2, 0, Zenit St Petersburg, "Wednesday, August 25, 2010", Play-off round
Ajax Amsterdam, 2, 1, Dynamo Kiev, "Wednesday, August 25, 2010", Play-off round
FC Copenhagen, 1, 0, Rosenborg, "Wednesday, August 25, 2010", Play-off round
MSK Zilina, 1, 0, Sparta Prague, "Wednesday, August 25, 2010", Play-off round
Tottenham Hotspur, 3, 0, Young Boys, "Wednesday, August 25, 2010", Play-off round
Anderlecht, 2, 2, Partizan Belgrade, "Tuesday, August 24, 2010", Play-off round
Hapoel Tel-Aviv, 1, 1, SV Salzburg, "Tuesday, August 24, 2010", Play-off round
Sampdoria, 3, 2, Werder Bremen, "Tuesday, August 24, 2010", Play-off round
Sevilla FC, 3, 4, Braga, "Tuesday, August 24, 2010", Play-off round
Sheriff Tiraspol, 0, 3, FC Basel, "Tuesday, August 24, 2010", Play-off round
Braga, 1, 0, Sevilla FC, "Wednesday, August 18, 2010", Play-off round
FC Basel, 1, 0, Sheriff Tiraspol, "Wednesday, August 18, 2010", Play-off round
Partizan Belgrade, 2, 2, Anderlecht, "Wednesday, August 18, 2010", Play-off round
SV Salzburg, 2, 3, Hapoel Tel-Aviv, "Wednesday, August 18, 2010", Play-off round
Werder Bremen, 3, 1, Sampdoria, "Wednesday, August 18, 2010", Play-off round
Zenit St Petersburg, 1, 0, AJ Auxerre, "Tuesday, August 17, 2010", Play-off round
Dynamo Kiev, 1, 1, Ajax Amsterdam, "Tuesday, August 17, 2010", Play-off round
Rosenborg, 2, 1, FC Copenhagen, "Tuesday, August 17, 2010", Play-off round
Sparta Prague, 0, 2, MSK Zilina, "Tuesday, August 17, 2010", Play-off round
Young Boys, 3, 2, Tottenham Hotspur, "Tuesday, August 17, 2010", Play-off round
HJK Helsinki, 1, 2, Partizan Belgrade, "Wednesday, August 4, 2010", Qualifying Third Round
Zenit St Petersburg, 1, 0, Unirea Urziceni, "Wednesday, August 4, 2010", Qualifying Third Round
FC Copenhagen, 3, 2, BATE Borisov, "Wednesday, August 4, 2010", Qualifying Third Round
MSK Zilina, 3, 1, Liteks Lovetch, "Wednesday, August 4, 2010", Qualifying Third Round
FC Basel, 3, 1, Debrecen, "Wednesday, August 4, 2010", Qualifying Third Round
Dinamo Zagreb, 1, 1, Sheriff Tiraspol, "Wednesday, August 4, 2010", Qualifying Third Round
Lech Poznan, 0, 1, Sparta Prague, "Wednesday, August 4, 2010", Qualifying Third Round
Fenerbahce, 0, 1, Young Boys, "Wednesday, August 4, 2010", Qualifying Third Round
KAA Gent, 1, 3, Dynamo Kiev, "Wednesday, August 4, 2010", Qualifying Third Round
SV Salzburg, 4, 1, Omonia Nicosia, "Wednesday, August 4, 2010", Qualifying Third Round
Celtic, 2, 1, Braga, "Wednesday, August 4, 2010", Qualifying Third Round
PAOK Salonika, 3, 3, Ajax Amsterdam, "Wednesday, August 4, 2010", Qualifying Third Round
Rosenborg, 3, 0, AIK, "Wednesday, August 4, 2010", Qualifying Third Round
Hapoel Tel-Aviv, 3, 1, Aktobe Lento, "Tuesday, August 3, 2010", Qualifying Third Round
Anderlecht, 3, 0, T.N.S., "Tuesday, August 3, 2010", Qualifying Third Round
Aktobe Lento, 1, 0, Hapoel Tel-Aviv, "Wednesday, July 28, 2010", Qualifying Third Round
BATE Borisov, 0, 0, FC Copenhagen, "Wednesday, July 28, 2010", Qualifying Third Round
Sheriff Tiraspol, 1, 1, Dinamo Zagreb, "Wednesday, July 28, 2010", Qualifying Third Round
Debrecen, 0, 2, FC Basel, "Wednesday, July 28, 2010", Qualifying Third Round
Young Boys, 2, 2, Fenerbahce, "Wednesday, July 28, 2010", Qualifying Third Round
AIK, 0, 1, Rosenborg, "Wednesday, July 28, 2010", Qualifying Third Round
Ajax Amsterdam, 1, 1, PAOK Salonika, "Wednesday, July 28, 2010", Qualifying Third Round
Partizan Belgrade, 3, 0, HJK Helsinki, "Wednesday, July 28, 2010", Qualifying Third Round
Braga, 3, 0, Celtic, "Wednesday, July 28, 2010", Qualifying Third Round
Omonia Nicosia, 1, 1, SV Salzburg, "Tuesday, July 27, 2010", Qualifying Third Round
Dynamo Kiev, 3, 0, KAA Gent, "Tuesday, July 27, 2010", Qualifying Third Round
Liteks Lovetch, 1, 1, MSK Zilina, "Tuesday, July 27, 2010", Qualifying Third Round
Unirea Urziceni, 0, 0, Zenit St Petersburg, "Tuesday, July 27, 2010", Qualifying Third Round
Sparta Prague, 1, 0, Lech Poznan, "Tuesday, July 27, 2010", Qualifying Third Round
T.N.S., 1, 3, Anderlecht, "Tuesday, July 27, 2010", Qualifying Third Round
Metalurgi Rustavi, 1, 1, Aktobe Lento, "Wednesday, July 21, 2010", Qualifying Second Round
Jeunesse Esch, 0, 0, AIK, "Wednesday, July 21, 2010", Qualifying Second Round
Pyunik, 0, 1, Partizan Belgrade, "Wednesday, July 21, 2010", Qualifying Second Round
HJK Helsinki, 2, 0, FK Ekranas, "Wednesday, July 21, 2010", Qualifying Second Round
MSK Zilina, 3, 0, Birkirkara, "Wednesday, July 21, 2010", Qualifying Second Round
Debrecen, 3, 2, FC Levadia Tallinn, "Wednesday, July 21, 2010", Qualifying Second Round
Lech Poznan, 0, 1, Inter, "Wednesday, July 21, 2010", Qualifying Second Round
Sparta Prague, 2, 0, FK Metalurgs, "Wednesday, July 21, 2010", Qualifying Second Round
Zeljeznicar Sarajevo, 0, 1, Hapoel Tel-Aviv, "Wednesday, July 21, 2010", Qualifying Second Round
Rosenborg, 2, 0, Linfield, "Wednesday, July 21, 2010", Qualifying Second Round
FH Hafnarfjordur, 0, 1, BATE Borisov, "Wednesday, July 21, 2010", Qualifying Second Round
Renova, 0, 2, Omonia Nicosia, "Tuesday, July 20, 2010", Qualifying Second Round
Dinamo Tirana, 1, 0, Sheriff Tiraspol, "Tuesday, July 20, 2010", Qualifying Second Round
HB Torshavn, 1, 0, SV Salzburg, "Tuesday, July 20, 2010", Qualifying Second Round
T.N.S., 4, 0, Bohemians, "Tuesday, July 20, 2010", Qualifying Second Round
Koper, 3, 0, Dinamo Zagreb, "Tuesday, July 20, 2010", Qualifying Second Round
Rudar Pljevlja, 0, 4, Liteks Lovetch, "Tuesday, July 20, 2010", Qualifying Second Round
Aktobe Lento, 2, 0, Metalurgi Rustavi, "Wednesday, July 14, 2010", Qualifying Second Round
BATE Borisov, 5, 1, FH Hafnarfjordur, "Wednesday, July 14, 2010", Qualifying Second Round
FK Ekranas, 1, 0, HJK Helsinki, "Wednesday, July 14, 2010", Qualifying Second Round
Sheriff Tiraspol, 3, 1, Dinamo Tirana, "Wednesday, July 14, 2010", Qualifying Second Round
Linfield, 0, 0, Rosenborg, "Wednesday, July 14, 2010", Qualifying Second Round
Partizan Belgrade, 3, 1, Pyunik, "Wednesday, July 14, 2010", Qualifying Second Round
Inter, 0, 1, Lech Poznan, "Tuesday, July 13, 2010", Qualifying Second Round
Birkirkara, 1, 0, MSK Zilina, "Tuesday, July 13, 2010", Qualifying Second Round
FC Levadia Tallinn, 1, 1, Debrecen, "Tuesday, July 13, 2010", Qualifying Second Round
FK Metalurgs, 0, 3, Sparta Prague, "Tuesday, July 13, 2010", Qualifying Second Round
SV Salzburg, 5, 0, HB Torshavn, "Tuesday, July 13, 2010", Qualifying Second Round
AIK, 1, 0, Jeunesse Esch, "Tuesday, July 13, 2010", Qualifying Second Round
Liteks Lovetch, 1, 0, Rudar Pljevlja, "Tuesday, July 13, 2010", Qualifying Second Round
Omonia Nicosia, 3, 0, Renova, "Tuesday, July 13, 2010", Qualifying Second Round
Hapoel Tel-Aviv, 5, 0, Zeljeznicar Sarajevo, "Tuesday, July 13, 2010", Qualifying Second Round
Dinamo Zagreb, 5, 1, Koper, "Tuesday, July 13, 2010", Qualifying Second Round
Bohemians, 1, 0, T.N.S., "Tuesday, July 13, 2010", Qualifying Second Round
Rudar Pljevlja, 4, 1, Tre Fiori, "Wednesday, July 7, 2010", Qualifying First Round
Birkirkara, 4, 3, Santa Coloma, "Tuesday, July 6, 2010", Qualifying First Round
Tre Fiori, 0, 3, Rudar Pljevlja, "Wednesday, June 30, 2010", Qualifying First Round
Santa Coloma, P ,  P, Birkirkara, "Tuesday, June 29, 2010", Qualifying First Round
