home,homescore,awayscore,away,date,location
Ajax Amsterdam,0,0,Twente Enschede,"Sunday, May 18, 2008","Amsterdam ArenA (44,500)"
NAC Breda,0,1,NEC Nijmegen,"Sunday, May 18, 2008","Fujifilm  (6,430)"
ADO Den Haag,2,1,RKC Waalwijk,"Sunday, May 18, 2008","Het Zuiderpark "
NEC Nijmegen,6,0,NAC Breda,"Thursday, May 15, 2008","De Goffert (11,500)"
RKC Waalwijk,2,2,ADO Den Haag,"Thursday, May 15, 2008","Sportp. Olympia/Mandemakers Stadion "
De Graafschap,0,0,PEC Zwolle,"Thursday, May 15, 2008","De Vijverberg "
NAC Breda,2,2,Heerenveen,"Monday, May 12, 2008","Fujifilm  (9,150)"
FC Groningen,1,3,NEC Nijmegen,"Sunday, May 11, 2008","Euroborg (17,381)"
ADO Den Haag,1,1,RKC Waalwijk,"Sunday, May 11, 2008","Het Zuiderpark "
PEC Zwolle,1,3,De Graafschap,"Sunday, May 11, 2008","Oosterenk Stadion "
Twente Enschede,2,1,Ajax Amsterdam,"Saturday, May 10, 2008","Arke Stadion (8,000)"
Heerenveen,2,0,NAC Breda,"Thursday, May 8, 2008","Abe Lenstra Stadion (20,000)"
NEC Nijmegen,1,0,FC Groningen,"Thursday, May 8, 2008","De Goffert (8,250)"
PEC Zwolle,1,0,FC Den Bosch,"Wednesday, May 7, 2008","Oosterenk Stadion "
RKC Waalwijk,4,0,MVV Maastricht,"Wednesday, May 7, 2008","Sportp. Olympia/Mandemakers Stadion "
ADO Den Haag,2,0,VVV Venlo,"Wednesday, May 7, 2008","Het Zuiderpark "
Ajax Amsterdam,3,1,Heerenveen,"Monday, May 5, 2008","Amsterdam ArenA (49,144)"
FC Groningen,3,1,FC Utrecht,"Sunday, May 4, 2008","Euroborg (17,175)"
NEC Nijmegen,2,0,Roda JC Kerkrade,"Sunday, May 4, 2008","De Goffert (7,500)"
De Graafschap,3,1,Helmond Sport,"Sunday, May 4, 2008","De Vijverberg "
FC Den Bosch,1,2,PEC Zwolle,"Sunday, May 4, 2008","Ecco Stadion "
RKC Waalwijk,2,0,MVV Maastricht,"Sunday, May 4, 2008","Sportp. Olympia/Mandemakers Stadion "
VVV Venlo,1,0,ADO Den Haag,"Sunday, May 4, 2008","De Koel "
NAC Breda,1,5,Twente Enschede,"Saturday, May 3, 2008","Fujifilm  (12,400)"
Heerenveen,1,2,Ajax Amsterdam,"Thursday, May 1, 2008","Abe Lenstra Stadion (25,000)"
FC Utrecht,2,2,FC Groningen,"Thursday, May 1, 2008","Nieuwe Galgenwaard (50,000)"
Roda JC Kerkrade,0,1,NEC Nijmegen,"Thursday, May 1, 2008","Parkstad Limburg Stadion (11,000)"
ADO Den Haag,1,0,VVV Venlo,"Thursday, May 1, 2008","Het Zuiderpark "
Helmond Sport,2,3,De Graafschap,"Thursday, May 1, 2008","Stadion de Braak "
MVV Maastricht,1,0,RKC Waalwijk,"Thursday, May 1, 2008","De Geusselt "
PEC Zwolle,0,1,FC Den Bosch,"Thursday, May 1, 2008","Oosterenk Stadion "
Twente Enschede,3,0,NAC Breda,"Tuesday, April 29, 2008","Arke Stadion (7,000)"
Ajax Amsterdam,5,1,SC Heracles Almelo,"Sunday, April 20, 2008","Amsterdam ArenA (50,139)"
AZ Alkmaar,1,0,Sparta Rotterdam,"Sunday, April 20, 2008","DSB Stadion (16,653)"
FC Utrecht,1,0,FC Groningen,"Sunday, April 20, 2008","Nieuwe Galgenwaard (22,534)"
Feyenoord Rotterdam,3,0,Roda JC Kerkrade,"Sunday, April 20, 2008","De Kuip Stadion  (46,000)"
Heerenveen,5,0,Excelsior,"Sunday, April 20, 2008","Abe Lenstra Stadion (25,400)"
NAC Breda,1,3,NEC Nijmegen,"Sunday, April 20, 2008","Fujifilm  (16,200)"
Twente Enschede,2,0,Willem II Tilburg,"Sunday, April 20, 2008","Arke Stadion (13,250)"
Vitesse Arnhem,0,1,PSV Eindhoven,"Sunday, April 20, 2008","Gelredome (25,420)"
VVV Venlo,3,0,De Graafschap,"Sunday, April 20, 2008","De Koel (6,000)"
FC Groningen,1,2,Ajax Amsterdam,"Wednesday, April 16, 2008","Euroborg (19,011)"
De Graafschap,1,1,FC Utrecht,"Sunday, April 13, 2008","De Vijverberg (12,600)"
Excelsior,1,1,AZ Alkmaar,"Sunday, April 13, 2008","Stad Rotterdam Verzekeringen Stadion (3,638)"
NEC Nijmegen,1,0,Vitesse Arnhem,"Sunday, April 13, 2008","De Goffert (12,500)"
PSV Eindhoven,1,1,Twente Enschede,"Sunday, April 13, 2008","Philipsstadion (35,000)"
Roda JC Kerkrade,4,1,VVV Venlo,"Sunday, April 13, 2008","Parkstad Limburg Stadion (18,500)"
SC Heracles Almelo,0,1,NAC Breda,"Sunday, April 13, 2008","Polman Stadion (8,500)"
Sparta Rotterdam,4,2,Heerenveen,"Sunday, April 13, 2008","ENECO (10,463)"
Willem II Tilburg,3,1,Feyenoord Rotterdam,"Sunday, April 13, 2008","Willem II  (14,700)"
VVV Venlo,2,3,AZ Alkmaar,"Sunday, April 6, 2008","De Koel (6,000)"
Ajax Amsterdam,4,1,De Graafschap,"Sunday, April 6, 2008","Amsterdam ArenA (50,057)"
FC Groningen,1,2,NAC Breda,"Sunday, April 6, 2008","Euroborg (19,780)"
Feyenoord Rotterdam,3,1,FC Utrecht,"Sunday, April 6, 2008","De Kuip Stadion  (46,000)"
PSV Eindhoven,2,0,SC Heracles Almelo,"Sunday, April 6, 2008","Philipsstadion (45,000)"
Willem II Tilburg,2,3,Heerenveen,"Saturday, April 5, 2008","Willem II  (12,500)"
Twente Enschede,1,0,Excelsior,"Saturday, April 5, 2008","Arke Stadion (13,100)"
Vitesse Arnhem,3,0,Sparta Rotterdam,"Saturday, April 5, 2008","Gelredome (21,200)"
Roda JC Kerkrade,0,2,NEC Nijmegen,"Friday, April 4, 2008","Parkstad Limburg Stadion (15,100)"
NAC Breda,3,1,Feyenoord Rotterdam,"Sunday, March 30, 2008","Fujifilm  (16,590)"
AZ Alkmaar,2,1,Vitesse Arnhem,"Sunday, March 30, 2008","DSB Stadion (16,403)"
FC Utrecht,0,1,Twente Enschede,"Sunday, March 30, 2008","Nieuwe Galgenwaard (21,000)"
Sparta Rotterdam,2,2,Willem II Tilburg,"Sunday, March 30, 2008","ENECO (10,612)"
Heerenveen,2,4,Ajax Amsterdam,"Saturday, March 29, 2008","Abe Lenstra Stadion (25,400)"
Excelsior,2,1,VVV Venlo,"Saturday, March 29, 2008","Stad Rotterdam Verzekeringen Stadion (3,638)"
NEC Nijmegen,0,0,PSV Eindhoven,"Saturday, March 29, 2008","De Goffert (12,500)"
SC Heracles Almelo,0,0,Roda JC Kerkrade,"Saturday, March 29, 2008","Polman Stadion (8,250)"
De Graafschap,1,1,FC Groningen,"Friday, March 28, 2008","De Vijverberg (12,500)"
VVV Venlo,1,2,NEC Nijmegen,"Sunday, March 23, 2008","De Koel (6,000)"
Sparta Rotterdam,3,2,Feyenoord Rotterdam,"Sunday, March 23, 2008","ENECO (10,894)"
Twente Enschede,2,1,Ajax Amsterdam,"Sunday, March 23, 2008","Arke Stadion (13,250)"
Willem II Tilburg,2,1,SC Heracles Almelo,"Sunday, March 23, 2008","Willem II  (13,500)"
Heerenveen,4,3,Roda JC Kerkrade,"Saturday, March 22, 2008","Abe Lenstra Stadion (25,600)"
PSV Eindhoven,3,0,FC Groningen,"Saturday, March 22, 2008","Philipsstadion (34,200)"
AZ Alkmaar,0,0,De Graafschap,"Saturday, March 22, 2008","DSB Stadion (16,332)"
Excelsior,0,2,FC Utrecht,"Saturday, March 22, 2008","Stad Rotterdam Verzekeringen Stadion (3,560)"
Vitesse Arnhem,3,3,NAC Breda,"Friday, March 21, 2008","Gelredome (22,780)"
PSV Eindhoven,0,0,Ajax Amsterdam,"Wednesday, March 19, 2008","Philipsstadion (35,600)"
Ajax Amsterdam,4,1,Willem II Tilburg,"Sunday, March 16, 2008","Amsterdam ArenA (49,918)"
FC Utrecht,2,2,AZ Alkmaar,"Sunday, March 16, 2008","Nieuwe Galgenwaard (21,000)"
NEC Nijmegen,4,2,Sparta Rotterdam,"Sunday, March 16, 2008","De Goffert (12,500)"
Roda JC Kerkrade,1,1,PSV Eindhoven,"Sunday, March 16, 2008","Parkstad Limburg Stadion (18,480)"
NAC Breda,2,0,Excelsior,"Saturday, March 15, 2008","Fujifilm  (16,428)"
De Graafschap,0,0,SC Heracles Almelo,"Saturday, March 15, 2008","De Vijverberg (12,500)"
Feyenoord Rotterdam,4,1,VVV Venlo,"Saturday, March 15, 2008","De Kuip Stadion  (40,000)"
Twente Enschede,4,3,Vitesse Arnhem,"Saturday, March 15, 2008","Arke Stadion (13,200)"
FC Groningen,0,1,Heerenveen,"Friday, March 14, 2008","Euroborg (19,798)"
AZ Alkmaar,0,1,Feyenoord Rotterdam,"Wednesday, March 12, 2008","DSB Stadion (16,652)"
VVV Venlo,0,2,Twente Enschede,"Tuesday, March 11, 2008","De Koel (5,862)"
Sparta Rotterdam,4,1,Roda JC Kerkrade,"Sunday, March 9, 2008","ENECO (9,846)"
Heerenveen,3,0,NAC Breda,"Saturday, March 8, 2008","Abe Lenstra Stadion (25,200)"
Willem II Tilburg,1,2,FC Groningen,"Saturday, March 8, 2008","Willem II  (11,700)"
Excelsior,1,2,Vitesse Arnhem,"Saturday, March 8, 2008","Stad Rotterdam Verzekeringen Stadion (3,240)"
NEC Nijmegen,3,1,De Graafschap,"Saturday, March 8, 2008","De Goffert (12,500)"
SC Heracles Almelo,2,1,FC Utrecht,"Friday, March 7, 2008","Polman Stadion (8,500)"
Ajax Amsterdam,4,0,Excelsior,"Sunday, March 2, 2008","Amsterdam ArenA (49,000)"
FC Groningen,1,2,SC Heracles Almelo,"Sunday, March 2, 2008","Euroborg (19,606)"
FC Utrecht,3,1,PSV Eindhoven,"Sunday, March 2, 2008","Nieuwe Galgenwaard (21,700)"
Feyenoord Rotterdam,1,3,NEC Nijmegen,"Sunday, March 2, 2008","De Kuip Stadion  (45,000)"
NAC Breda,3,0,Sparta Rotterdam,"Saturday, March 1, 2008","Fujifilm  (16,550)"
Roda JC Kerkrade,1,1,AZ Alkmaar,"Saturday, March 1, 2008","Parkstad Limburg Stadion (14,800)"
De Graafschap,1,2,Willem II Tilburg,"Saturday, March 1, 2008","De Vijverberg (11,660)"
Twente Enschede,1,0,Heerenveen,"Saturday, March 1, 2008","Arke Stadion (13,100)"
Vitesse Arnhem,1,3,VVV Venlo,"Friday, February 29, 2008","Gelredome (18,500)"
NAC Breda,2,3,Ajax Amsterdam,"Sunday, February 24, 2008","Fujifilm  (16,380)"
VVV Venlo,2,5,FC Groningen,"Sunday, February 24, 2008","De Koel (5,860)"
Heerenveen,2,3,NEC Nijmegen,"Sunday, February 24, 2008","Abe Lenstra Stadion (25,200)"
PSV Eindhoven,4,1,De Graafschap,"Sunday, February 24, 2008","Philipsstadion (33,000)"
AZ Alkmaar,0,0,Twente Enschede,"Saturday, February 23, 2008","DSB Stadion (16,535)"
Excelsior,0,0,Willem II Tilburg,"Saturday, February 23, 2008","Stad Rotterdam Verzekeringen Stadion (3,400)"
SC Heracles Almelo,3,3,Feyenoord Rotterdam,"Saturday, February 23, 2008","Polman Stadion (8,500)"
Vitesse Arnhem,1,1,Roda JC Kerkrade,"Saturday, February 23, 2008","Gelredome (19,475)"
Sparta Rotterdam,2,1,FC Utrecht,"Friday, February 22, 2008","ENECO (10,095)"
De Graafschap,0,1,NAC Breda,"Sunday, February 17, 2008","De Vijverberg (12,000)"
FC Groningen,2,1,AZ Alkmaar,"Sunday, February 17, 2008","Euroborg (19,547)"
FC Utrecht,1,4,VVV Venlo,"Sunday, February 17, 2008","Nieuwe Galgenwaard (20,000)"
Feyenoord Rotterdam,1,0,Vitesse Arnhem,"Sunday, February 17, 2008","De Kuip Stadion  (46,000)"
Roda JC Kerkrade,3,1,Twente Enschede,"Saturday, February 16, 2008","Parkstad Limburg Stadion (14,300)"
Willem II Tilburg,0,1,PSV Eindhoven,"Saturday, February 16, 2008","Willem II  (12,500)"
NEC Nijmegen,0,1,Excelsior,"Saturday, February 16, 2008","De Goffert (12,100)"
SC Heracles Almelo,2,2,Heerenveen,"Saturday, February 16, 2008","Polman Stadion (8,500)"
Ajax Amsterdam,6,2,Sparta Rotterdam,"Friday, February 15, 2008","Amsterdam ArenA (49,200)"
Roda JC Kerkrade,2,1,Ajax Amsterdam,"Sunday, February 10, 2008","Parkstad Limburg Stadion (18,000)"
VVV Venlo,1,1,Willem II Tilburg,"Sunday, February 10, 2008","De Koel (6,000)"
NEC Nijmegen,5,2,AZ Alkmaar,"Sunday, February 10, 2008","De Goffert (12,000)"
Sparta Rotterdam,0,1,Excelsior,"Sunday, February 10, 2008","ENECO (10,528)"
NAC Breda,1,0,FC Utrecht,"Saturday, February 9, 2008","Fujifilm  (15,750)"
PSV Eindhoven,1,1,Heerenveen,"Saturday, February 9, 2008","Philipsstadion (35,500)"
De Graafschap,1,3,Feyenoord Rotterdam,"Saturday, February 9, 2008","De Vijverberg (12,500)"
Vitesse Arnhem,2,1,FC Groningen,"Saturday, February 9, 2008","Gelredome (20,000)"
Twente Enschede,2,1,SC Heracles Almelo,"Friday, February 8, 2008","Arke Stadion "
Sparta Rotterdam,0,1,NAC Breda,"Wednesday, February 6, 2008","ENECO (9,876)"
Ajax Amsterdam,3,0,Feyenoord Rotterdam,"Sunday, February 3, 2008","Amsterdam ArenA (49,893)"
FC Groningen,1,1,Roda JC Kerkrade,"Sunday, February 3, 2008","Euroborg (19,750)"
FC Utrecht,2,0,Willem II Tilburg,"Sunday, February 3, 2008","Nieuwe Galgenwaard (19,750)"
Sparta Rotterdam,2,0,VVV Venlo,"Sunday, February 3, 2008","ENECO (10,208)"
Heerenveen,7,0,Vitesse Arnhem,"Saturday, February 2, 2008","Abe Lenstra Stadion (25,300)"
AZ Alkmaar,0,2,PSV Eindhoven,"Saturday, February 2, 2008","DSB Stadion (16,457)"
Excelsior,1,1,De Graafschap,"Saturday, February 2, 2008","Stad Rotterdam Verzekeringen Stadion (3,125)"
SC Heracles Almelo,0,2,NEC Nijmegen,"Saturday, February 2, 2008","Polman Stadion (8,500)"
NAC Breda,1,0,Twente Enschede,"Friday, February 1, 2008","Fujifilm  (14,450)"
Ajax Amsterdam,0,2,PSV Eindhoven,"Wednesday, January 30, 2008","Amsterdam ArenA (49,822)"
Feyenoord Rotterdam,2,2,AZ Alkmaar,"Wednesday, January 30, 2008","De Kuip Stadion  (46,000)"
NEC Nijmegen,2,0,FC Utrecht,"Sunday, January 27, 2008","De Goffert (11,800)"
Vitesse Arnhem,2,2,Ajax Amsterdam,"Sunday, January 27, 2008","Gelredome (22,700)"
VVV Venlo,0,5,SC Heracles Almelo,"Sunday, January 27, 2008","De Koel (5,862)"
Feyenoord Rotterdam,1,1,FC Groningen,"Sunday, January 27, 2008","De Kuip Stadion  "
Twente Enschede,1,2,Sparta Rotterdam,"Sunday, January 27, 2008","Arke Stadion (13,200)"
PSV Eindhoven,2,1,Excelsior,"Saturday, January 26, 2008","Philipsstadion (34,200)"
Roda JC Kerkrade,0,2,NAC Breda,"Saturday, January 26, 2008","Parkstad Limburg Stadion (14,800)"
De Graafschap,0,3,Heerenveen,"Saturday, January 26, 2008","De Vijverberg (12,200)"
Willem II Tilburg,3,0,AZ Alkmaar,"Friday, January 25, 2008","Willem II  (12,000)"
Feyenoord Rotterdam,3,1,Twente Enschede,"Thursday, January 24, 2008","De Kuip Stadion  (43,500)"
Ajax Amsterdam,2,0,FC Utrecht,"Wednesday, January 23, 2008","Amsterdam ArenA (45,537)"
De Graafschap,2,1,Roda JC Kerkrade,"Wednesday, January 23, 2008","De Vijverberg (12,000)"
FC Groningen,5,1,NEC Nijmegen,"Wednesday, January 23, 2008","Euroborg (19,378)"
Heerenveen,5,1,VVV Venlo,"Wednesday, January 23, 2008","Abe Lenstra Stadion (25,300)"
PSV Eindhoven,3,1,Sparta Rotterdam,"Wednesday, January 23, 2008","Philipsstadion (34,200)"
AZ Alkmaar,1,2,NAC Breda,"Tuesday, January 22, 2008","DSB Stadion (16,312)"
SC Heracles Almelo,2,0,Excelsior,"Tuesday, January 22, 2008","Polman Stadion (8,200)"
Willem II Tilburg,4,0,Vitesse Arnhem,"Tuesday, January 22, 2008","Willem II  "
NEC Nijmegen,1,1,Ajax Amsterdam,"Sunday, January 20, 2008","De Goffert (12,400)"
VVV Venlo,1,1,PSV Eindhoven,"Sunday, January 20, 2008","De Koel (6,000)"
Sparta Rotterdam,6,1,De Graafschap,"Sunday, January 20, 2008","ENECO (9,814)"
Twente Enschede,3,1,FC Groningen,"Sunday, January 20, 2008","Arke Stadion (13,250)"
Heerenveen,4,0,AZ Alkmaar,"Saturday, January 19, 2008","Abe Lenstra Stadion (25,000)"
NAC Breda,1,0,Willem II Tilburg,"Saturday, January 19, 2008","Fujifilm  (16,580)"
FC Utrecht,3,1,Roda JC Kerkrade,"Saturday, January 19, 2008","Nieuwe Galgenwaard (20,160)"
Vitesse Arnhem,2,0,SC Heracles Almelo,"Saturday, January 19, 2008","Gelredome (18,500)"
Excelsior,2,1,Feyenoord Rotterdam,"Friday, January 18, 2008","Stad Rotterdam Verzekeringen Stadion (3,760)"
De Graafschap,1,2,AZ Alkmaar,"Wednesday, January 16, 2008","De Vijverberg (12,000)"
De Graafschap,0,3,Vitesse Arnhem,"Sunday, January 13, 2008","De Vijverberg (12,000)"
Ajax Amsterdam,6,1,AZ Alkmaar,"Sunday, January 13, 2008","Amsterdam ArenA (50,639)"
FC Utrecht,2,2,Heerenveen,"Sunday, January 13, 2008","Nieuwe Galgenwaard (18,000)"
SC Heracles Almelo,2,0,Sparta Rotterdam,"Sunday, January 13, 2008","Polman Stadion (8,426)"
FC Groningen,3,2,Excelsior,"Saturday, January 12, 2008","Euroborg (19,500)"
NAC Breda,0,0,VVV Venlo,"Saturday, January 12, 2008","Fujifilm  (15,250)"
Roda JC Kerkrade,1,1,Willem II Tilburg,"Saturday, January 12, 2008","Parkstad Limburg Stadion (13,700)"
Feyenoord Rotterdam,0,1,PSV Eindhoven,"Saturday, January 12, 2008","De Kuip Stadion  (48,000)"
NEC Nijmegen,2,2,Twente Enschede,"Friday, January 11, 2008","De Goffert (12,000)"
VVV Venlo,2,2,Ajax Amsterdam,"Sunday, December 30, 2007","De Koel (6,000)"
AZ Alkmaar,1,0,SC Heracles Almelo,"Sunday, December 30, 2007","DSB Stadion (16,313)"
Excelsior,1,2,Roda JC Kerkrade,"Sunday, December 30, 2007","Stad Rotterdam Verzekeringen Stadion (3,085)"
Heerenveen,1,1,Feyenoord Rotterdam,"Sunday, December 30, 2007","Abe Lenstra Stadion (25,600)"
PSV Eindhoven,2,0,NAC Breda,"Sunday, December 30, 2007","Philipsstadion (33,500)"
Twente Enschede,2,0,De Graafschap,"Sunday, December 30, 2007","Arke Stadion (13,250)"
Vitesse Arnhem,2,2,FC Utrecht,"Sunday, December 30, 2007","Gelredome (18,773)"
Willem II Tilburg,3,0,NEC Nijmegen,"Sunday, December 30, 2007","Willem II  (12,000)"
Sparta Rotterdam,1,3,FC Groningen,"Saturday, December 29, 2007","ENECO (10,612)"
FC Utrecht,4,1,Excelsior,"Thursday, December 27, 2007","Nieuwe Galgenwaard (19,500)"
NAC Breda,1,2,Vitesse Arnhem,"Thursday, December 27, 2007","Fujifilm  (15,200)"
Roda JC Kerkrade,1,0,Heerenveen,"Thursday, December 27, 2007","Parkstad Limburg Stadion (18,400)"
Ajax Amsterdam,2,2,Twente Enschede,"Thursday, December 27, 2007","Amsterdam ArenA (50,523)"
SC Heracles Almelo,1,0,Willem II Tilburg,"Thursday, December 27, 2007","Polman Stadion (8,450)"
Feyenoord Rotterdam,2,0,Sparta Rotterdam,"Wednesday, December 26, 2007","De Kuip Stadion  (47,000)"
NEC Nijmegen,2,2,VVV Venlo,"Wednesday, December 26, 2007","De Goffert (12,300)"
FC Groningen,2,1,PSV Eindhoven,"Wednesday, December 26, 2007","Euroborg (19,872)"
Excelsior,2,1,Ajax Amsterdam,"Sunday, December 23, 2007","Stad Rotterdam Verzekeringen Stadion (3,500)"
NEC Nijmegen,0,2,Feyenoord Rotterdam,"Sunday, December 23, 2007","De Goffert (12,500)"
VVV Venlo,2,0,Vitesse Arnhem,"Sunday, December 23, 2007","De Koel (5,806)"
AZ Alkmaar,1,1,Roda JC Kerkrade,"Sunday, December 23, 2007","DSB Stadion (16,413)"
Heerenveen,1,2,Twente Enschede,"Saturday, December 22, 2007","Abe Lenstra Stadion (25,600)"
PSV Eindhoven,4,1,FC Utrecht,"Saturday, December 22, 2007","Philipsstadion (34,200)"
SC Heracles Almelo,1,2,FC Groningen,"Saturday, December 22, 2007","Polman Stadion (8,011)"
Willem II Tilburg,1,2,De Graafschap,"Friday, December 21, 2007","Willem II  (11,200)"
FC Groningen,1,0,Willem II Tilburg,"Sunday, December 16, 2007","Euroborg (19,250)"
FC Utrecht,3,1,SC Heracles Almelo,"Sunday, December 16, 2007","Nieuwe Galgenwaard (19,500)"
Vitesse Arnhem,3,0,Excelsior,"Sunday, December 16, 2007","Gelredome (17,000)"
NAC Breda,1,5,Heerenveen,"Saturday, December 15, 2007","Fujifilm  (15,500)"
Twente Enschede,1,1,VVV Venlo,"Saturday, December 15, 2007","Arke Stadion (13,260)"
De Graafschap,1,1,NEC Nijmegen,"Saturday, December 15, 2007","De Vijverberg (12,300)"
Roda JC Kerkrade,2,3,Sparta Rotterdam,"Friday, December 14, 2007","Parkstad Limburg Stadion (14,425)"
VVV Venlo,0,0,Feyenoord Rotterdam,"Sunday, December 9, 2007","De Koel (6,000)"
AZ Alkmaar,2,1,FC Utrecht,"Sunday, December 9, 2007","DSB Stadion (16,441)"
Heerenveen,4,2,FC Groningen,"Sunday, December 9, 2007","Abe Lenstra Stadion (25,600)"
Sparta Rotterdam,1,0,NEC Nijmegen,"Sunday, December 9, 2007","ENECO (9,068)"
Willem II Tilburg,2,3,Ajax Amsterdam,"Saturday, December 8, 2007","Willem II  (14,000)"
Excelsior,0,3,NAC Breda,"Saturday, December 8, 2007","Stad Rotterdam Verzekeringen Stadion (3,250)"
SC Heracles Almelo,2,0,De Graafschap,"Saturday, December 8, 2007","Polman Stadion (8,500)"
Vitesse Arnhem,2,2,Twente Enschede,"Saturday, December 8, 2007","Gelredome (19,000)"
PSV Eindhoven,2,4,Roda JC Kerkrade,"Friday, December 7, 2007","Philipsstadion (33,200)"
Ajax Amsterdam,1,3,NAC Breda,"Sunday, December 2, 2007","Amsterdam ArenA (47,588)"
Feyenoord Rotterdam,6,0,SC Heracles Almelo,"Sunday, December 2, 2007","De Kuip Stadion  (40,000)"
NEC Nijmegen,0,1,Heerenveen,"Sunday, December 2, 2007","De Goffert (11,750)"
Twente Enschede,2,1,AZ Alkmaar,"Sunday, December 2, 2007","Arke Stadion (13,250)"
FC Groningen,1,0,VVV Venlo,"Saturday, December 1, 2007","Euroborg (19,683)"
Roda JC Kerkrade,3,2,Vitesse Arnhem,"Saturday, December 1, 2007","Parkstad Limburg Stadion (30,800)"
Willem II Tilburg,6,0,Excelsior,"Saturday, December 1, 2007","Willem II  (11,700)"
De Graafschap,0,1,PSV Eindhoven,"Saturday, December 1, 2007","De Vijverberg (12,000)"
FC Utrecht,7,1,Sparta Rotterdam,"Friday, November 30, 2007","Nieuwe Galgenwaard (19,300)"
Ajax Amsterdam,4,1,Vitesse Arnhem,"Sunday, November 25, 2007","Amsterdam ArenA (49,566)"
FC Groningen,3,2,Feyenoord Rotterdam,"Sunday, November 25, 2007","Euroborg (19,721)"
FC Utrecht,3,2,NEC Nijmegen,"Sunday, November 25, 2007","Nieuwe Galgenwaard (18,500)"
Sparta Rotterdam,1,1,Twente Enschede,"Sunday, November 25, 2007","ENECO (10,025)"
Heerenveen,2,3,De Graafschap,"Saturday, November 24, 2007","Abe Lenstra Stadion (25,000)"
AZ Alkmaar,2,0,Willem II Tilburg,"Saturday, November 24, 2007","DSB Stadion (16,274)"
Excelsior,1,4,PSV Eindhoven,"Saturday, November 24, 2007","Stad Rotterdam Verzekeringen Stadion (3,650)"
SC Heracles Almelo,0,0,VVV Venlo,"Saturday, November 24, 2007","Polman Stadion (8,420)"
NAC Breda,0,0,Roda JC Kerkrade,"Friday, November 23, 2007","Fujifilm  (14,940)"
Feyenoord Rotterdam,2,2,Ajax Amsterdam,"Sunday, November 11, 2007","De Kuip Stadion  (43,500)"
PSV Eindhoven,1,1,AZ Alkmaar,"Sunday, November 11, 2007","Philipsstadion (33,000)"
Roda JC Kerkrade,5,1,FC Groningen,"Sunday, November 11, 2007","Parkstad Limburg Stadion (12,600)"
Vitesse Arnhem,0,1,Heerenveen,"Sunday, November 11, 2007","Gelredome (19,200)"
VVV Venlo,2,0,Sparta Rotterdam,"Saturday, November 10, 2007","De Koel (5,842)"
Willem II Tilburg,1,4,FC Utrecht,"Saturday, November 10, 2007","Willem II  (11,700)"
De Graafschap,1,1,Excelsior,"Saturday, November 10, 2007","De Vijverberg "
Twente Enschede,1,1,NAC Breda,"Saturday, November 10, 2007","Arke Stadion (13,260)"
NEC Nijmegen,3,0,SC Heracles Almelo,"Friday, November 9, 2007","De Goffert (12,000)"
Ajax Amsterdam,4,2,Roda JC Kerkrade,"Sunday, November 4, 2007","Amsterdam ArenA (48,621)"
FC Groningen,0,0,Vitesse Arnhem,"Sunday, November 4, 2007","Euroborg (19,175)"
FC Utrecht,0,1,NAC Breda,"Sunday, November 4, 2007","Nieuwe Galgenwaard (19,500)"
Feyenoord Rotterdam,2,0,De Graafschap,"Sunday, November 4, 2007","De Kuip Stadion  (45,000)"
SC Heracles Almelo,0,3,Twente Enschede,"Sunday, November 4, 2007","Polman Stadion (8,250)"
Heerenveen,2,1,PSV Eindhoven,"Saturday, November 3, 2007","Abe Lenstra Stadion (25,500)"
AZ Alkmaar,4,0,NEC Nijmegen,"Saturday, November 3, 2007","DSB Stadion (16,333)"
Excelsior,4,3,Sparta Rotterdam,"Saturday, November 3, 2007","Stad Rotterdam Verzekeringen Stadion "
Willem II Tilburg,1,2,VVV Venlo,"Friday, November 2, 2007","Willem II  (11,500)"
FC Utrecht,0,1,Ajax Amsterdam,"Sunday, October 28, 2007","Nieuwe Galgenwaard (23,500)"
NAC Breda,2,3,AZ Alkmaar,"Sunday, October 28, 2007","Fujifilm  (14,000)"
NEC Nijmegen,5,1,FC Groningen,"Sunday, October 28, 2007","De Goffert (12,000)"
Sparta Rotterdam,1,4,PSV Eindhoven,"Sunday, October 28, 2007","ENECO (10,450)"
Roda JC Kerkrade,1,0,De Graafschap,"Saturday, October 27, 2007","Parkstad Limburg Stadion (12,000)"
VVV Venlo,0,4,Heerenveen,"Saturday, October 27, 2007","De Koel (5,930)"
Excelsior,1,1,SC Heracles Almelo,"Saturday, October 27, 2007","Stad Rotterdam Verzekeringen Stadion (2,632)"
Twente Enschede,2,0,Feyenoord Rotterdam,"Saturday, October 27, 2007","Arke Stadion (13,250)"
Vitesse Arnhem,1,0,Willem II Tilburg,"Friday, October 26, 2007","Gelredome (19,600)"
AZ Alkmaar,0,1,Heerenveen,"Sunday, October 21, 2007","DSB Stadion (16,624)"
FC Groningen,1,0,Twente Enschede,"Sunday, October 21, 2007","Euroborg (18,971)"
Roda JC Kerkrade,1,1,FC Utrecht,"Sunday, October 21, 2007","Parkstad Limburg Stadion (14,000)"
Willem II Tilburg,0,0,NAC Breda,"Sunday, October 21, 2007","Willem II  (13,500)"
Ajax Amsterdam,0,0,NEC Nijmegen,"Saturday, October 20, 2007","Amsterdam ArenA "
PSV Eindhoven,3,1,VVV Venlo,"Saturday, October 20, 2007","Philipsstadion (33,600)"
Feyenoord Rotterdam,1,0,Excelsior,"Saturday, October 20, 2007","De Kuip Stadion  (48,000)"
SC Heracles Almelo,2,2,Vitesse Arnhem,"Saturday, October 20, 2007","Polman Stadion (8,250)"
De Graafschap,4,0,Sparta Rotterdam,"Friday, October 19, 2007","De Vijverberg (11,700)"
Sparta Rotterdam,2,2,Ajax Amsterdam,"Sunday, October 7, 2007","ENECO (10,600)"
Twente Enschede,0,1,Roda JC Kerkrade,"Sunday, October 7, 2007","Arke Stadion (13,000)"
Vitesse Arnhem,0,1,Feyenoord Rotterdam,"Sunday, October 7, 2007","Gelredome (18,450)"
AZ Alkmaar,2,2,FC Groningen,"Sunday, October 7, 2007","DSB Stadion (16,378)"
Heerenveen,9,0,SC Heracles Almelo,"Sunday, October 7, 2007","Abe Lenstra Stadion (24,700)"
NAC Breda,1,0,De Graafschap,"Saturday, October 6, 2007","Fujifilm  (15,280)"
PSV Eindhoven,3,0,Willem II Tilburg,"Saturday, October 6, 2007","Philipsstadion (33,100)"
Excelsior,2,0,NEC Nijmegen,"Saturday, October 6, 2007","Stad Rotterdam Verzekeringen Stadion (2,483)"
VVV Venlo,1,2,FC Utrecht,"Friday, October 5, 2007","De Koel (6,000)"
Ajax Amsterdam,6,1,VVV Venlo,"Sunday, September 30, 2007","Amsterdam ArenA (49,126)"
De Graafschap,0,0,Twente Enschede,"Sunday, September 30, 2007","De Vijverberg (12,000)"
FC Utrecht,2,4,Vitesse Arnhem,"Sunday, September 30, 2007","Nieuwe Galgenwaard (19,000)"
NEC Nijmegen,1,0,Willem II Tilburg,"Sunday, September 30, 2007","De Goffert (12,000)"
SC Heracles Almelo,2,1,AZ Alkmaar,"Sunday, September 30, 2007","Polman Stadion (8,500)"
FC Groningen,1,0,Sparta Rotterdam,"Saturday, September 29, 2007","Euroborg (19,304)"
NAC Breda,1,1,PSV Eindhoven,"Saturday, September 29, 2007","Fujifilm  (15,480)"
Roda JC Kerkrade,3,3,Excelsior,"Saturday, September 29, 2007","Parkstad Limburg Stadion (12,200)"
Feyenoord Rotterdam,2,0,Heerenveen,"Saturday, September 29, 2007","De Kuip Stadion  (47,000)"
AZ Alkmaar,2,3,Ajax Amsterdam,"Sunday, September 23, 2007","DSB Stadion (17,000)"
Excelsior,1,3,FC Groningen,"Sunday, September 23, 2007","Stad Rotterdam Verzekeringen Stadion (2,500)"
Heerenveen,2,3,FC Utrecht,"Sunday, September 23, 2007","Abe Lenstra Stadion (25,000)"
PSV Eindhoven,4,0,Feyenoord Rotterdam,"Sunday, September 23, 2007","Philipsstadion (35,000)"
Twente Enschede,3,0,NEC Nijmegen,"Sunday, September 23, 2007","Arke Stadion (13,000)"
Willem II Tilburg,1,0,Roda JC Kerkrade,"Saturday, September 22, 2007","Willem II  (13,000)"
Sparta Rotterdam,1,1,SC Heracles Almelo,"Saturday, September 22, 2007","ENECO (10,121)"
Vitesse Arnhem,0,2,De Graafschap,"Saturday, September 22, 2007","Gelredome "
VVV Venlo,1,3,NAC Breda,"Friday, September 21, 2007","De Koel (5,800)"
Roda JC Kerkrade,1,3,Feyenoord Rotterdam,"Sunday, September 16, 2007","Parkstad Limburg Stadion (18,500)"
NEC Nijmegen,0,1,NAC Breda,"Sunday, September 16, 2007","De Goffert (11,750)"
Sparta Rotterdam,2,2,AZ Alkmaar,"Sunday, September 16, 2007","ENECO (11,000)"
Willem II Tilburg,1,3,Twente Enschede,"Sunday, September 16, 2007","Willem II  (14,200)"
PSV Eindhoven,1,0,Vitesse Arnhem,"Saturday, September 15, 2007","Philipsstadion (34,200)"
De Graafschap,3,2,VVV Venlo,"Saturday, September 15, 2007","De Vijverberg (11,000)"
Excelsior,2,5,Heerenveen,"Saturday, September 15, 2007","Stad Rotterdam Verzekeringen Stadion (2,854)"
SC Heracles Almelo,0,1,Ajax Amsterdam,"Saturday, September 15, 2007","Polman Stadion (8,250)"
FC Groningen,0,2,FC Utrecht,"Friday, September 14, 2007","Euroborg (19,455)"
Vitesse Arnhem,1,0,NEC Nijmegen,"Sunday, September 2, 2007","Gelredome (18,500)"
VVV Venlo,3,5,Roda JC Kerkrade,"Sunday, September 2, 2007","De Koel (6,000)"
Ajax Amsterdam,2,2,FC Groningen,"Sunday, September 2, 2007","Amsterdam ArenA (47,445)"
FC Utrecht,2,2,De Graafschap,"Sunday, September 2, 2007","Nieuwe Galgenwaard (18,500)"
Heerenveen,3,3,Sparta Rotterdam,"Saturday, September 1, 2007","Abe Lenstra Stadion "
NAC Breda,4,1,SC Heracles Almelo,"Saturday, September 1, 2007","Fujifilm  (14,860)"
Feyenoord Rotterdam,2,0,Willem II Tilburg,"Saturday, September 1, 2007","De Kuip Stadion  (42,000)"
Twente Enschede,0,0,PSV Eindhoven,"Saturday, September 1, 2007","Arke Stadion (13,150)"
AZ Alkmaar,3,0,Excelsior,"Friday, August 31, 2007","DSB Stadion (16,000)"
Ajax Amsterdam,4,1,Heerenveen,"Sunday, August 26, 2007","Amsterdam ArenA (48,988)"
FC Groningen,0,2,De Graafschap,"Sunday, August 26, 2007","Euroborg (20,000)"
Feyenoord Rotterdam,5,0,NAC Breda,"Sunday, August 26, 2007","De Kuip Stadion  (38,000)"
Twente Enschede,2,2,FC Utrecht,"Sunday, August 26, 2007","Arke Stadion (13,000)"
PSV Eindhoven,5,0,NEC Nijmegen,"Saturday, August 25, 2007","Philipsstadion (33,400)"
VVV Venlo,3,1,Excelsior,"Saturday, August 25, 2007","De Koel (5,600)"
Willem II Tilburg,2,2,Sparta Rotterdam,"Saturday, August 25, 2007","Willem II  (13,400)"
Vitesse Arnhem,1,0,AZ Alkmaar,"Saturday, August 25, 2007","Gelredome (18,000)"
Roda JC Kerkrade,2,1,SC Heracles Almelo,"Friday, August 24, 2007","Parkstad Limburg Stadion (13,000)"
De Graafschap,1,8,Ajax Amsterdam,"Sunday, August 19, 2007","De Vijverberg (11,200)"
FC Utrecht,0,3,Feyenoord Rotterdam,"Sunday, August 19, 2007","Nieuwe Galgenwaard (23,000)"
SC Heracles Almelo,0,2,PSV Eindhoven,"Sunday, August 19, 2007","Polman Stadion (8,500)"
Sparta Rotterdam,1,2,Vitesse Arnhem,"Sunday, August 19, 2007","ENECO (8,912)"
NAC Breda,0,3,FC Groningen,"Saturday, August 18, 2007","Fujifilm  (15,104)"
AZ Alkmaar,4,0,VVV Venlo,"Saturday, August 18, 2007","DSB Stadion (17,000)"
Excelsior,0,2,Twente Enschede,"Saturday, August 18, 2007","Stad Rotterdam Verzekeringen Stadion (2,639)"
NEC Nijmegen,1,1,Roda JC Kerkrade,"Saturday, August 18, 2007","De Goffert (11,300)"
Heerenveen,0,0,Willem II Tilburg,"Friday, August 17, 2007","Abe Lenstra Stadion (26,000)"
