home,homescore,awayscore,away,date,location
FC Groningen,5,1,ADO Den Haag,"Sunday, May 29, 2011","Euroborg Stadion "
ADO Den Haag,5,1,FC Groningen,"Thursday, May 26, 2011","Kyocera Stadion "
Roda JC Kerkrade,1,2,ADO Den Haag,"Sunday, May 22, 2011","Parkstad Limburg Stadion "
FC Groningen,2,1,SC Heracles Almelo,"Sunday, May 22, 2011","Euroborg "
ADO Den Haag,4,2,Roda JC Kerkrade,"Thursday, May 19, 2011","Kyocera Stadion "
SC Heracles Almelo,3,2,FC Groningen,"Thursday, May 19, 2011","Polman Stadion "
Ajax Amsterdam,3,1,Twente Enschede,"Sunday, May 15, 2011","Amsterdam ArenA (47,000)"
De Graafschap,1,0,VVV Venlo,"Sunday, May 15, 2011","De Vijverberg (12,030)"
FC Groningen,0,0,PSV Eindhoven,"Sunday, May 15, 2011","Euroborg (22,000)"
FC Utrecht,5,1,AZ Alkmaar,"Sunday, May 15, 2011","Nieuw Galgenwaard (19,000)"
Feyenoord Rotterdam,1,1,NEC Nijmegen,"Sunday, May 15, 2011","De Kuip Stadion  (33,000)"
Roda JC Kerkrade,0,0,Heerenveen,"Sunday, May 15, 2011","Parkstad Limburg Stadion (15,470)"
SC Heracles Almelo,3,0,ADO Den Haag,"Sunday, May 15, 2011","Polman Stadion (5,800)"
Vitesse Arnhem,1,4,Excelsior,"Sunday, May 15, 2011","Gelredome (15,854)"
Willem II Tilburg,0,1,NAC Breda,"Sunday, May 15, 2011","Koning Willem II Stadion (11,250)"
ADO Den Haag,2,4,FC Groningen,"Sunday, May 1, 2011","Kyocera Stadion (14,800)"
AZ Alkmaar,5,1,De Graafschap,"Sunday, May 1, 2011","Alkmaarderhout (16,585)"
Excelsior,3,1,FC Utrecht,"Sunday, May 1, 2011","Stadion Woudestein (3,546)"
Heerenveen,1,2,Ajax Amsterdam,"Sunday, May 1, 2011","Abe Lenstra Stadion (25,300)"
NAC Breda,1,2,SC Heracles Almelo,"Sunday, May 1, 2011","Rat Verlegh Stadion (18,750)"
NEC Nijmegen,5,0,Roda JC Kerkrade,"Sunday, May 1, 2011","De Goffert (12,500)"
PSV Eindhoven,2,1,Vitesse Arnhem,"Sunday, May 1, 2011","Philips Stadion (32,000)"
Twente Enschede,4,0,Willem II Tilburg,"Sunday, May 1, 2011","De Grolsch Veste (24,000)"
VVV Venlo,3,2,Feyenoord Rotterdam,"Sunday, May 1, 2011","Seacon Stadion -De Koel- (8,000)"
Ajax Amsterdam,4,1,Excelsior,"Sunday, April 24, 2011","Amsterdam ArenA (51,000)"
FC Utrecht,4,2,Vitesse Arnhem,"Sunday, April 24, 2011","Nieuw Galgenwaard (20,500)"
Feyenoord Rotterdam,3,1,PSV Eindhoven,"Sunday, April 24, 2011","De Kuip Stadion  (45,000)"
FC Groningen,3,1,NEC Nijmegen,"Sunday, April 24, 2011","Euroborg (21,895)"
Willem II Tilburg,2,1,AZ Alkmaar,"Saturday, April 23, 2011","Koning Willem II Stadion (11,700)"
Roda JC Kerkrade,5,1,NAC Breda,"Saturday, April 23, 2011","Parkstad Limburg Stadion (14,836)"
SC Heracles Almelo,2,0,De Graafschap,"Saturday, April 23, 2011","Polman Stadion (8,500)"
VVV Venlo,2,2,Heerenveen,"Saturday, April 23, 2011","Seacon Stadion -De Koel- (7,500)"
ADO Den Haag,1,2,Twente Enschede,"Friday, April 22, 2011","Kyocera Stadion (15,000)"
De Graafschap,1,1,Twente Enschede,"Sunday, April 17, 2011","De Vijverberg (12,580)"
NEC Nijmegen,1,2,Ajax Amsterdam,"Sunday, April 17, 2011","De Goffert (12,000)"
SC Heracles Almelo,0,2,PSV Eindhoven,"Sunday, April 17, 2011","Polman Stadion (8,500)"
Feyenoord Rotterdam,6,1,Willem II Tilburg,"Sunday, April 17, 2011","De Kuip Stadion  (40,000)"
Vitesse Arnhem,2,1,FC Groningen,"Saturday, April 16, 2011","Gelredome (17,148)"
NAC Breda,1,2,Excelsior,"Saturday, April 16, 2011","Rat Verlegh Stadion (19,000)"
Roda JC Kerkrade,5,2,VVV Venlo,"Saturday, April 16, 2011","Parkstad Limburg Stadion (16,300)"
AZ Alkmaar,3,1,ADO Den Haag,"Saturday, April 16, 2011","Alkmaarderhout (16,821)"
Heerenveen,3,0,FC Utrecht,"Friday, April 15, 2011","Abe Lenstra Stadion (23,500)"
Ajax Amsterdam,2,0,FC Groningen,"Sunday, April 10, 2011","Amsterdam ArenA (50,000)"
FC Utrecht,0,4,Feyenoord Rotterdam,"Sunday, April 10, 2011","Nieuw Galgenwaard (23,500)"
Twente Enschede,1,1,Roda JC Kerkrade,"Sunday, April 10, 2011","De Grolsch Veste (23,800)"
PSV Eindhoven,2,2,Heerenveen,"Sunday, April 10, 2011","Philips Stadion (34,000)"
VVV Venlo,1,4,NEC Nijmegen,"Saturday, April 9, 2011","Seacon Stadion -De Koel- (7,500)"
ADO Den Haag,1,0,Vitesse Arnhem,"Saturday, April 9, 2011","Kyocera Stadion (14,700)"
Excelsior,0,0,De Graafschap,"Saturday, April 9, 2011","Stadion Woudestein (3,546)"
Willem II Tilburg,2,6,SC Heracles Almelo,"Saturday, April 9, 2011","Koning Willem II Stadion (11,700)"
AZ Alkmaar,1,1,NAC Breda,"Friday, April 8, 2011","Alkmaarderhout (16,500)"
FC Utrecht,2,3,ADO Den Haag,"Sunday, April 3, 2011","Nieuw Galgenwaard (21,450)"
Vitesse Arnhem,2,1,NEC Nijmegen,"Sunday, April 3, 2011","Gelredome (16,377)"
Ajax Amsterdam,3,0,SC Heracles Almelo,"Sunday, April 3, 2011","Amsterdam ArenA (50,705)"
FC Groningen,3,2,VVV Venlo,"Sunday, April 3, 2011","Euroborg (22,000)"
Twente Enschede,2,0,PSV Eindhoven,"Saturday, April 2, 2011","De Grolsch Veste (24,200)"
De Graafschap,1,3,NAC Breda,"Saturday, April 2, 2011","De Vijverberg (12,255)"
Heerenveen,2,3,Excelsior,"Saturday, April 2, 2011","Abe Lenstra Stadion (22,800)"
Willem II Tilburg,4,5,Roda JC Kerkrade,"Saturday, April 2, 2011","Koning Willem II Stadion (12,000)"
Feyenoord Rotterdam,0,1,AZ Alkmaar,"Saturday, April 2, 2011","De Kuip Stadion  (45,000)"
ADO Den Haag,3,2,Ajax Amsterdam,"Sunday, March 20, 2011","Kyocera Stadion (15,000)"
Excelsior,0,2,Twente Enschede,"Sunday, March 20, 2011","Stadion Woudestein (3,540)"
PSV Eindhoven,1,0,FC Utrecht,"Sunday, March 20, 2011","Philips Stadion (33,000)"
Roda JC Kerkrade,3,0,Feyenoord Rotterdam,"Sunday, March 20, 2011","Parkstad Limburg Stadion (17,155)"
NAC Breda,0,1,FC Groningen,"Saturday, March 19, 2011","Rat Verlegh Stadion (18,500)"
SC Heracles Almelo,4,2,Heerenveen,"Saturday, March 19, 2011","Polman Stadion (8,500)"
VVV Venlo,0,0,Willem II Tilburg,"Saturday, March 19, 2011","Seacon Stadion -De Koel- (8,000)"
NEC Nijmegen,1,0,De Graafschap,"Saturday, March 19, 2011","De Goffert (12,300)"
AZ Alkmaar,3,1,Vitesse Arnhem,"Friday, March 18, 2011","Alkmaarderhout (16,492)"
De Graafschap,1,0,ADO Den Haag,"Sunday, March 13, 2011","De Vijverberg (12,300)"
Feyenoord Rotterdam,2,1,NAC Breda,"Sunday, March 13, 2011","De Kuip Stadion  (46,000)"
Twente Enschede,2,1,VVV Venlo,"Sunday, March 13, 2011","De Grolsch Veste (23,800)"
Willem II Tilburg,1,3,Ajax Amsterdam,"Sunday, March 13, 2011","Koning Willem II Stadion (13,500)"
NEC Nijmegen,2,2,PSV Eindhoven,"Sunday, March 13, 2011","De Goffert (12,300)"
SC Heracles Almelo,4,1,Excelsior,"Saturday, March 12, 2011","Polman Stadion (8,471)"
Roda JC Kerkrade,1,2,AZ Alkmaar,"Saturday, March 12, 2011","Parkstad Limburg Stadion (14,290)"
Vitesse Arnhem,1,1,Heerenveen,"Saturday, March 12, 2011","Gelredome (18,000)"
FC Utrecht,1,0,FC Groningen,"Friday, March 11, 2011","Nieuw Galgenwaard (20,090)"
FC Groningen,1,4,SC Heracles Almelo,"Sunday, March 6, 2011","Euroborg (21,915)"
FC Utrecht,1,1,Roda JC Kerkrade,"Sunday, March 6, 2011","Nieuw Galgenwaard (20,750)"
Heerenveen,0,1,Feyenoord Rotterdam,"Sunday, March 6, 2011","Abe Lenstra Stadion (26,100)"
Ajax Amsterdam,4,0,AZ Alkmaar,"Sunday, March 6, 2011","Amsterdam ArenA (48,328)"
Twente Enschede,2,0,NAC Breda,"Saturday, March 5, 2011","De Grolsch Veste (23,800)"
ADO Den Haag,5,1,NEC Nijmegen,"Saturday, March 5, 2011","Kyocera Stadion (14,200)"
Vitesse Arnhem,2,0,VVV Venlo,"Saturday, March 5, 2011","Gelredome (13,574)"
Excelsior,2,3,PSV Eindhoven,"Saturday, March 5, 2011","Stadion Woudestein (3,624)"
De Graafschap,2,1,Willem II Tilburg,"Friday, March 4, 2011","De Vijverberg (12,250)"
AZ Alkmaar,2,1,Twente Enschede,"Sunday, February 27, 2011","Alkmaarderhout (16,782)"
Feyenoord Rotterdam,5,1,FC Groningen,"Sunday, February 27, 2011","De Kuip Stadion  (41,000)"
PSV Eindhoven,0,0,Ajax Amsterdam,"Sunday, February 27, 2011","Philips Stadion (35,000)"
NEC Nijmegen,1,1,FC Utrecht,"Sunday, February 27, 2011","De Goffert (12,150)"
Willem II Tilburg,4,3,Heerenveen,"Saturday, February 26, 2011","Koning Willem II Stadion (11,500)"
Roda JC Kerkrade,1,1,De Graafschap,"Saturday, February 26, 2011","Parkstad Limburg Stadion (13,100)"
SC Heracles Almelo,6,1,Vitesse Arnhem,"Saturday, February 26, 2011","Polman Stadion (8,400)"
NAC Breda,3,2,ADO Den Haag,"Saturday, February 26, 2011","Rat Verlegh Stadion (18,700)"
VVV Venlo,1,0,Excelsior,"Friday, February 25, 2011","Seacon Stadion -De Koel- (7,500)"
ADO Den Haag,2,2,Feyenoord Rotterdam,"Sunday, February 20, 2011","Het Zuiderpark (15,000)"
Ajax Amsterdam,1,0,VVV Venlo,"Sunday, February 20, 2011","Amsterdam ArenA (49,000)"
Twente Enschede,1,1,NEC Nijmegen,"Sunday, February 20, 2011","De Grolsch Veste (33,800)"
Vitesse Arnhem,2,0,De Graafschap,"Sunday, February 20, 2011","Gelredome (16,543)"
PSV Eindhoven,4,1,NAC Breda,"Sunday, February 20, 2011","Philips Stadion (33,000)"
Excelsior,4,0,Willem II Tilburg,"Saturday, February 19, 2011","Stadion Woudestein (3,600)"
Heerenveen,0,2,AZ Alkmaar,"Saturday, February 19, 2011","Abe Lenstra Stadion (26,200)"
FC Groningen,1,4,Roda JC Kerkrade,"Saturday, February 19, 2011","Euroborg (21,195)"
FC Utrecht,1,1,SC Heracles Almelo,"Friday, February 18, 2011","Nieuw Galgenwaard (19,000)"
NAC Breda,0,2,Heerenveen,"Sunday, February 13, 2011","Rat Verlegh Stadion (17,750)"
NEC Nijmegen,2,0,Excelsior,"Sunday, February 13, 2011","De Goffert (12,000)"
Roda JC Kerkrade,2,2,Ajax Amsterdam,"Sunday, February 13, 2011","Parkstad Limburg Stadion (18,936)"
De Graafschap,1,1,FC Groningen,"Sunday, February 13, 2011","De Vijverberg (12,189)"
ADO Den Haag,3,0,VVV Venlo,"Saturday, February 12, 2011","Het Zuiderpark (15,000)"
Feyenoord Rotterdam,2,1,SC Heracles Almelo,"Saturday, February 12, 2011","De Kuip Stadion  (47,000)"
Twente Enschede,1,0,Vitesse Arnhem,"Saturday, February 12, 2011","De Grolsch Veste (23,075)"
Willem II Tilburg,3,3,FC Utrecht,"Saturday, February 12, 2011","Koning Willem II Stadion (11,600)"
AZ Alkmaar,0,4,PSV Eindhoven,"Saturday, February 12, 2011","Alkmaarderhout (16,851)"
Vitesse Arnhem,1,1,Feyenoord Rotterdam,"Sunday, February 6, 2011","Gelredome (15,450)"
FC Groningen,7,1,Willem II Tilburg,"Sunday, February 6, 2011","Euroborg (21,765)"
FC Utrecht,1,1,Twente Enschede,"Sunday, February 6, 2011","Nieuw Galgenwaard (21,767)"
SC Heracles Almelo,1,0,Roda JC Kerkrade,"Sunday, February 6, 2011","Polman Stadion (8,400)"
Heerenveen,0,0,NEC Nijmegen,"Saturday, February 5, 2011","Abe Lenstra Stadion (26,000)"
Excelsior,2,1,AZ Alkmaar,"Saturday, February 5, 2011","Stadion Woudestein (3,540)"
PSV Eindhoven,0,1,ADO Den Haag,"Saturday, February 5, 2011","Philips Stadion (33,000)"
VVV Venlo,3,0,NAC Breda,"Saturday, February 5, 2011","Seacon Stadion -De Koel- (7,500)"
Ajax Amsterdam,2,0,De Graafschap,"Friday, February 4, 2011","Amsterdam ArenA (48,000)"
De Graafschap,0,0,FC Utrecht,"Tuesday, February 1, 2011","De Vijverberg (11,980)"
Excelsior,1,5,ADO Den Haag,"Sunday, January 30, 2011","Stadion Woudestein (2,458)"
Heerenveen,1,4,FC Groningen,"Sunday, January 30, 2011","Abe Lenstra Stadion (26,500)"
NAC Breda,0,3,Ajax Amsterdam,"Sunday, January 30, 2011","Rat Verlegh Stadion (19,000)"
Twente Enschede,2,1,Feyenoord Rotterdam,"Sunday, January 30, 2011","De Grolsch Veste (23,800)"
Vitesse Arnhem,5,2,Roda JC Kerkrade,"Saturday, January 29, 2011","Gelredome (13,272)"
AZ Alkmaar,6,1,VVV Venlo,"Saturday, January 29, 2011","Alkmaarderhout (16,128)"
PSV Eindhoven,2,1,Willem II Tilburg,"Saturday, January 29, 2011","Philips Stadion (32,000)"
NEC Nijmegen,1,1,SC Heracles Almelo,"Friday, January 28, 2011","De Goffert (12,150)"
FC Utrecht,3,0,Ajax Amsterdam,"Sunday, January 23, 2011","Nieuw Galgenwaard (23,873)"
FC Groningen,1,2,Twente Enschede,"Sunday, January 23, 2011","Euroborg (22,645)"
Roda JC Kerkrade,3,0,Excelsior,"Sunday, January 23, 2011","Parkstad Limburg Stadion (12,500)"
VVV Venlo,0,3,PSV Eindhoven,"Sunday, January 23, 2011","Seacon Stadion -De Koel- (8,000)"
SC Heracles Almelo,0,0,AZ Alkmaar,"Saturday, January 22, 2011","Polman Stadion (8,400)"
NEC Nijmegen,2,2,NAC Breda,"Saturday, January 22, 2011","De Goffert (12,150)"
Willem II Tilburg,1,0,Vitesse Arnhem,"Saturday, January 22, 2011","Koning Willem II Stadion (11,600)"
Feyenoord Rotterdam,0,1,De Graafschap,"Saturday, January 22, 2011","De Kuip Stadion  (33,000)"
ADO Den Haag,3,1,Heerenveen,"Friday, January 21, 2011","Het Zuiderpark (12,468)"
Twente Enschede,5,0,SC Heracles Almelo,"Wednesday, January 19, 2011","De Grolsch Veste (23,800)"
VVV Venlo,1,2,FC Utrecht,"Wednesday, January 19, 2011","Seacon Stadion -De Koel- (7,500)"
Ajax Amsterdam,2,0,Feyenoord Rotterdam,"Wednesday, January 19, 2011","Amsterdam ArenA (51,000)"
AZ Alkmaar,2,2,NEC Nijmegen,"Wednesday, January 19, 2011","Alkmaarderhout (16,009)"
PSV Eindhoven,3,1,Roda JC Kerkrade,"Sunday, December 19, 2010","Philips Stadion (33,000)"
Heerenveen,4,0,De Graafschap,"Saturday, December 18, 2010","Abe Lenstra Stadion (26,400)"
Excelsior,2,2,FC Groningen,"Saturday, December 18, 2010","Stadion Woudestein (3,045)"
NAC Breda,1,1,Vitesse Arnhem,"Saturday, December 18, 2010","Rat Verlegh Stadion (18,000)"
ADO Den Haag,2,1,Willem II Tilburg,"Saturday, December 18, 2010","Het Zuiderpark (8,931)"
Excelsior,1,3,NAC Breda,"Wednesday, December 15, 2010","Stadion Woudestein (3,150)"
VVV Venlo,0,4,Roda JC Kerkrade,"Tuesday, December 14, 2010","Seacon Stadion -De Koel- (8,000)"
Vitesse Arnhem,0,1,Ajax Amsterdam,"Sunday, December 12, 2010","Gelredome (20,860)"
FC Groningen,2,0,AZ Alkmaar,"Sunday, December 12, 2010","Euroborg (22,000)"
Feyenoord Rotterdam,1,0,Excelsior,"Sunday, December 12, 2010","De Kuip Stadion  (34,500)"
Heerenveen,6,2,Twente Enschede,"Sunday, December 12, 2010","Abe Lenstra Stadion (26,100)"
NAC Breda,3,1,FC Utrecht,"Saturday, December 11, 2010","Rat Verlegh Stadion (18,750)"
NEC Nijmegen,3,1,Willem II Tilburg,"Saturday, December 11, 2010","De Goffert (12,200)"
Roda JC Kerkrade,1,1,ADO Den Haag,"Saturday, December 11, 2010","Parkstad Limburg Stadion (12,900)"
De Graafschap,0,0,PSV Eindhoven,"Saturday, December 11, 2010","De Vijverberg (12,550)"
SC Heracles Almelo,2,2,VVV Venlo,"Friday, December 10, 2010","Polman Stadion (8,400)"
Willem II Tilburg,1,1,Feyenoord Rotterdam,"Sunday, December 5, 2010","Koning Willem II Stadion (10,500)"
ADO Den Haag,0,2,AZ Alkmaar,"Sunday, December 5, 2010","Het Zuiderpark (11,732)"
FC Utrecht,2,1,Heerenveen,"Sunday, December 5, 2010","Nieuw Galgenwaard (18,531)"
Ajax Amsterdam,1,1,NEC Nijmegen,"Saturday, December 4, 2010","Amsterdam ArenA (30,000)"
PSV Eindhoven,5,2,SC Heracles Almelo,"Saturday, December 4, 2010","Philips Stadion (29,500)"
Twente Enschede,2,0,De Graafschap,"Saturday, December 4, 2010","De Grolsch Veste (22,500)"
FC Groningen,4,1,Vitesse Arnhem,"Friday, December 3, 2010","Euroborg (21,965)"
De Graafschap,1,1,Vitesse Arnhem,"Sunday, November 28, 2010","De Vijverberg (12,350)"
Feyenoord Rotterdam,2,1,ADO Den Haag,"Sunday, November 28, 2010","De Kuip Stadion  (39,000)"
SC Heracles Almelo,2,1,FC Utrecht,"Sunday, November 28, 2010","Polman Stadion (8,400)"
VVV Venlo,0,2,Ajax Amsterdam,"Sunday, November 28, 2010","Seacon Stadion -De Koel- (8,000)"
AZ Alkmaar,2,2,Heerenveen,"Saturday, November 27, 2010","Alkmaarderhout (16,523)"
Roda JC Kerkrade,1,0,FC Groningen,"Saturday, November 27, 2010","Parkstad Limburg Stadion (13,850)"
Willem II Tilburg,1,1,Excelsior,"Saturday, November 27, 2010","Koning Willem II Stadion (11,000)"
NEC Nijmegen,2,4,Twente Enschede,"Saturday, November 27, 2010","De Goffert (12,500)"
NAC Breda,4,2,PSV Eindhoven,"Friday, November 26, 2010","Rat Verlegh Stadion (19,000)"
Roda JC Kerkrade,1,1,FC Utrecht,"Wednesday, November 24, 2010","Parkstad Limburg Stadion (13,280)"
Willem II Tilburg,0,1,De Graafschap,"Wednesday, November 24, 2010","Koning Willem II Stadion (7,000)"
ADO Den Haag,3,0,NAC Breda,"Sunday, November 21, 2010","Het Zuiderpark (14,500)"
FC Groningen,2,0,Feyenoord Rotterdam,"Sunday, November 21, 2010","Euroborg (21,905)"
Heerenveen,5,0,Willem II Tilburg,"Sunday, November 21, 2010","Abe Lenstra Stadion (25,200)"
FC Utrecht,4,0,NEC Nijmegen,"Sunday, November 21, 2010","Nieuw Galgenwaard (20,300)"
Excelsior,1,0,VVV Venlo,"Saturday, November 20, 2010","Stadion Woudestein (2,541)"
De Graafschap,3,1,Roda JC Kerkrade,"Saturday, November 20, 2010","De Vijverberg (11,004)"
Twente Enschede,1,2,AZ Alkmaar,"Saturday, November 20, 2010","De Grolsch Veste (23,800)"
Vitesse Arnhem,2,0,SC Heracles Almelo,"Saturday, November 20, 2010","Gelredome (14,382)"
Ajax Amsterdam,0,0,PSV Eindhoven,"Saturday, November 20, 2010","Amsterdam ArenA (50,000)"
AZ Alkmaar,2,0,Ajax Amsterdam,"Sunday, November 14, 2010","Alkmaarderhout (16,779)"
NEC Nijmegen,1,1,ADO Den Haag,"Sunday, November 14, 2010","De Goffert (12,400)"
VVV Venlo,1,5,Vitesse Arnhem,"Sunday, November 14, 2010","Seacon Stadion -De Koel- (8,000)"
Feyenoord Rotterdam,2,2,Heerenveen,"Sunday, November 14, 2010","De Kuip Stadion  (39,000)"
SC Heracles Almelo,3,0,FC Groningen,"Sunday, November 14, 2010","Polman Stadion (8,400)"
PSV Eindhoven,4,2,Excelsior,"Saturday, November 13, 2010","Philips Stadion (33,200)"
NAC Breda,2,1,Twente Enschede,"Saturday, November 13, 2010","Rat Verlegh Stadion (18,450)"
Ajax Amsterdam,0,1,ADO Den Haag,"Sunday, November 7, 2010","Amsterdam ArenA (47,000)"
FC Utrecht,1,2,PSV Eindhoven,"Sunday, November 7, 2010","Nieuw Galgenwaard (19,531)"
Feyenoord Rotterdam,1,1,Roda JC Kerkrade,"Sunday, November 7, 2010","De Kuip Stadion  (38,000)"
Vitesse Arnhem,1,1,AZ Alkmaar,"Sunday, November 7, 2010","Gelredome (18,183)"
Twente Enschede,2,1,Excelsior,"Saturday, November 6, 2010","De Grolsch Veste (23,700)"
FC Groningen,2,1,NAC Breda,"Saturday, November 6, 2010","Euroborg (21,856)"
Heerenveen,3,2,SC Heracles Almelo,"Saturday, November 6, 2010","Abe Lenstra Stadion (24,400)"
De Graafschap,1,4,NEC Nijmegen,"Saturday, November 6, 2010","De Vijverberg (11,749)"
Willem II Tilburg,1,4,VVV Venlo,"Friday, November 5, 2010","Koning Willem II Stadion (11,000)"
ADO Den Haag,1,0,FC Utrecht,"Sunday, October 31, 2010","Het Zuiderpark (10,788)"
NEC Nijmegen,0,0,Vitesse Arnhem,"Sunday, October 31, 2010","De Goffert (12,500)"
AZ Alkmaar,2,1,Feyenoord Rotterdam,"Sunday, October 31, 2010","Alkmaarderhout (16,576)"
Roda JC Kerkrade,2,2,Willem II Tilburg,"Sunday, October 31, 2010","Parkstad Limburg Stadion (13,063)"
VVV Venlo,3,5,FC Groningen,"Saturday, October 30, 2010","Seacon Stadion -De Koel- (7,500)"
Excelsior,0,2,Heerenveen,"Saturday, October 30, 2010","Stadion Woudestein (3,514)"
NAC Breda,2,0,De Graafschap,"Saturday, October 30, 2010","Rat Verlegh Stadion (8,125)"
SC Heracles Almelo,1,4,Ajax Amsterdam,"Saturday, October 30, 2010","Polman Stadion (8,500)"
PSV Eindhoven,0,1,Twente Enschede,"Saturday, October 30, 2010","Philips Stadion (34,300)"
Ajax Amsterdam,3,1,Heerenveen,"Wednesday, October 27, 2010","Amsterdam ArenA (47,612)"
De Graafschap,2,1,AZ Alkmaar,"Wednesday, October 27, 2010","De Vijverberg (11,127)"
FC Groningen,3,1,ADO Den Haag,"Wednesday, October 27, 2010","Euroborg (21,851)"
Willem II Tilburg,1,3,Twente Enschede,"Wednesday, October 27, 2010","Koning Willem II Stadion (11,500)"
FC Utrecht,2,0,Excelsior,"Wednesday, October 27, 2010","Nieuw Galgenwaard (17,800)"
Feyenoord Rotterdam,3,0,VVV Venlo,"Wednesday, October 27, 2010","De Kuip Stadion  (41,500)"
Vitesse Arnhem,0,2,PSV Eindhoven,"Wednesday, October 27, 2010","Gelredome (14,148)"
Roda JC Kerkrade,1,1,NEC Nijmegen,"Tuesday, October 26, 2010","Parkstad Limburg Stadion (12,775)"
SC Heracles Almelo,4,1,NAC Breda,"Tuesday, October 26, 2010","Polman Stadion (8,400)"
Excelsior,2,2,Ajax Amsterdam,"Sunday, October 24, 2010","Stadion Woudestein (3,540)"
AZ Alkmaar,3,0,Willem II Tilburg,"Sunday, October 24, 2010","Alkmaarderhout (16,248)"
PSV Eindhoven,10,0,Feyenoord Rotterdam,"Sunday, October 24, 2010","Philips Stadion (33,900)"
Twente Enschede,3,2,ADO Den Haag,"Sunday, October 24, 2010","De Grolsch Veste (23,800)"
Vitesse Arnhem,1,4,FC Utrecht,"Sunday, October 24, 2010","Gelredome (13,864)"
De Graafschap,1,1,SC Heracles Almelo,"Saturday, October 23, 2010","De Vijverberg (11,379)"
NEC Nijmegen,3,2,FC Groningen,"Saturday, October 23, 2010","De Goffert (12,150)"
Heerenveen,2,0,VVV Venlo,"Saturday, October 23, 2010","Abe Lenstra Stadion (25,800)"
NAC Breda,1,2,Roda JC Kerkrade,"Friday, October 22, 2010","Rat Verlegh Stadion (18,150)"
FC Groningen,1,0,Heerenveen,"Sunday, October 17, 2010","Euroborg (22,435)"
Roda JC Kerkrade,4,1,Vitesse Arnhem,"Sunday, October 17, 2010","Parkstad Limburg Stadion (13,958)"
Willem II Tilburg,2,4,PSV Eindhoven,"Sunday, October 17, 2010","Koning Willem II Stadion (11,500)"
SC Heracles Almelo,3,2,NEC Nijmegen,"Sunday, October 17, 2010","Polman Stadion (8,400)"
Ajax Amsterdam,3,0,NAC Breda,"Saturday, October 16, 2010","Amsterdam ArenA (48,370)"
ADO Den Haag,2,1,Excelsior,"Saturday, October 16, 2010","Het Zuiderpark (14,993)"
FC Utrecht,2,2,De Graafschap,"Saturday, October 16, 2010","Nieuw Galgenwaard (19,813)"
VVV Venlo,0,1,AZ Alkmaar,"Saturday, October 16, 2010","Seacon Stadion -De Koel- (7,500)"
Feyenoord Rotterdam,0,1,Twente Enschede,"Saturday, October 16, 2010","De Kuip Stadion  (39,500)"
Ajax Amsterdam,1,2,FC Utrecht,"Sunday, October 3, 2010","Amsterdam ArenA (49,000)"
AZ Alkmaar,2,1,SC Heracles Almelo,"Sunday, October 3, 2010","Alkmaarderhout (15,869)"
De Graafschap,1,1,Feyenoord Rotterdam,"Sunday, October 3, 2010","De Vijverberg (12,600)"
Heerenveen,0,0,ADO Den Haag,"Sunday, October 3, 2010","Abe Lenstra Stadion (25,200)"
Twente Enschede,4,2,FC Groningen,"Sunday, October 3, 2010","De Grolsch Veste (23,800)"
PSV Eindhoven,3,0,VVV Venlo,"Sunday, October 3, 2010","Philips Stadion (33,700)"
NAC Breda,2,0,NEC Nijmegen,"Saturday, October 2, 2010","Rat Verlegh Stadion (18,059)"
Excelsior,1,2,Roda JC Kerkrade,"Saturday, October 2, 2010","Stadion Woudestein (3,214)"
Vitesse Arnhem,0,0,Willem II Tilburg,"Friday, October 1, 2010","Gelredome (13,150)"
Excelsior,0,2,Vitesse Arnhem,"Sunday, September 26, 2010","Stadion Woudestein (3,156)"
NAC Breda,2,1,Willem II Tilburg,"Sunday, September 26, 2010","Rat Verlegh Stadion (17,800)"
NEC Nijmegen,3,0,Feyenoord Rotterdam,"Sunday, September 26, 2010","De Goffert (12,400)"
VVV Venlo,1,0,De Graafschap,"Sunday, September 26, 2010","Seacon Stadion -De Koel- (8,000)"
Heerenveen,2,2,Roda JC Kerkrade,"Saturday, September 25, 2010","Abe Lenstra Stadion (25,200)"
ADO Den Haag,3,2,SC Heracles Almelo,"Saturday, September 25, 2010","Het Zuiderpark (14,120)"
AZ Alkmaar,1,0,FC Utrecht,"Saturday, September 25, 2010","Alkmaarderhout (16,090)"
PSV Eindhoven,1,1,FC Groningen,"Saturday, September 25, 2010","Philips Stadion (35,200)"
Twente Enschede,2,2,Ajax Amsterdam,"Saturday, September 25, 2010","De Grolsch Veste (24,200)"
Feyenoord Rotterdam,1,2,Ajax Amsterdam,"Sunday, September 19, 2010","De Kuip Stadion  (40,000)"
FC Utrecht,3,2,VVV Venlo,"Sunday, September 19, 2010","Nieuw Galgenwaard (18,100)"
NEC Nijmegen,0,1,AZ Alkmaar,"Sunday, September 19, 2010","De Goffert (12,150)"
Roda JC Kerkrade,0,0,PSV Eindhoven,"Sunday, September 19, 2010","Parkstad Limburg Stadion (15,690)"
SC Heracles Almelo,0,0,Twente Enschede,"Sunday, September 19, 2010","Polman Stadion (8,400)"
FC Groningen,2,0,Excelsior,"Saturday, September 18, 2010","Euroborg (21,350)"
Vitesse Arnhem,0,0,NAC Breda,"Saturday, September 18, 2010","Gelredome (13,450)"
Willem II Tilburg,2,4,ADO Den Haag,"Saturday, September 18, 2010","Koning Willem II Stadion (11,500)"
De Graafschap,3,2,Heerenveen,"Friday, September 17, 2010","De Vijverberg (11,039)"
NAC Breda,2,0,Feyenoord Rotterdam,"Sunday, September 12, 2010","Rat Verlegh Stadion "
ADO Den Haag,2,2,De Graafschap,"Sunday, September 12, 2010","Het Zuiderpark "
FC Groningen,1,0,FC Utrecht,"Sunday, September 12, 2010","Euroborg "
Ajax Amsterdam,2,0,Willem II Tilburg,"Saturday, September 11, 2010","Amsterdam ArenA "
VVV Venlo,1,2,Twente Enschede,"Saturday, September 11, 2010","Seacon Stadion -De Koel- "
Heerenveen,2,1,Vitesse Arnhem,"Saturday, September 11, 2010","Abe Lenstra Stadion "
PSV Eindhoven,3,1,NEC Nijmegen,"Saturday, September 11, 2010","Philips Stadion "
AZ Alkmaar,1,2,Roda JC Kerkrade,"Saturday, September 11, 2010","Alkmaarderhout "
Excelsior,2,1,SC Heracles Almelo,"Saturday, September 11, 2010","Stadion Woudestein "
De Graafschap,0,5,Ajax Amsterdam,"Sunday, August 29, 2010","De Vijverberg (12,550)"
ADO Den Haag,2,2,PSV Eindhoven,"Sunday, August 29, 2010","Het Zuiderpark (11,334)"
Feyenoord Rotterdam,4,0,Vitesse Arnhem,"Sunday, August 29, 2010","De Kuip Stadion  (43,000)"
Twente Enschede,4,0,FC Utrecht,"Sunday, August 29, 2010","De Grolsch Veste (23,500)"
AZ Alkmaar,1,1,Excelsior,"Sunday, August 29, 2010","Alkmaarderhout (15,994)"
NAC Breda,2,0,VVV Venlo,"Saturday, August 28, 2010","Rat Verlegh Stadion (18,000)"
Roda JC Kerkrade,4,2,SC Heracles Almelo,"Saturday, August 28, 2010","Parkstad Limburg Stadion (12,240)"
NEC Nijmegen,2,2,Heerenveen,"Saturday, August 28, 2010","De Goffert (12,150)"
Willem II Tilburg,0,3,FC Groningen,"Friday, August 27, 2010","Koning Willem II Stadion (12,000)"
FC Utrecht,3,0,Willem II Tilburg,"Sunday, August 22, 2010","Nieuw Galgenwaard (18,000)"
SC Heracles Almelo,1,1,Feyenoord Rotterdam,"Sunday, August 22, 2010","Polman Stadion (8,400)"
VVV Venlo,2,3,ADO Den Haag,"Sunday, August 22, 2010","Seacon Stadion -De Koel- (7,000)"
PSV Eindhoven,3,1,AZ Alkmaar,"Sunday, August 22, 2010","Philips Stadion (36,000)"
Vitesse Arnhem,0,3,Twente Enschede,"Saturday, August 21, 2010","Gelredome (12,422)"
FC Groningen,2,1,De Graafschap,"Saturday, August 21, 2010","Euroborg (21,552)"
Heerenveen,3,1,NAC Breda,"Saturday, August 21, 2010","Abe Lenstra Stadion (25,000)"
Ajax Amsterdam,3,0,Roda JC Kerkrade,"Saturday, August 21, 2010","Amsterdam ArenA (49,000)"
Excelsior,4,2,NEC Nijmegen,"Friday, August 20, 2010","Stadion Woudestein (3,158)"
Excelsior,3,2,Feyenoord Rotterdam,"Sunday, August 15, 2010","Stadion Woudestein (3,600)"
ADO Den Haag,1,3,Roda JC Kerkrade,"Sunday, August 15, 2010","Het Zuiderpark (9,859)"
FC Utrecht,3,1,NAC Breda,"Sunday, August 15, 2010","Nieuw Galgenwaard (18,000)"
Willem II Tilburg,3,5,NEC Nijmegen,"Sunday, August 15, 2010","Koning Willem II Stadion (11,300)"
Ajax Amsterdam,4,2,Vitesse Arnhem,"Saturday, August 14, 2010","Amsterdam ArenA (48,000)"
AZ Alkmaar,1,1,FC Groningen,"Saturday, August 14, 2010","Alkmaarderhout (16,004)"
PSV Eindhoven,6,0,De Graafschap,"Saturday, August 14, 2010","Philips Stadion (34,200)"
VVV Venlo,1,0,SC Heracles Almelo,"Saturday, August 14, 2010","Seacon Stadion -De Koel- (7,452)"
Twente Enschede,0,0,Heerenveen,"Saturday, August 14, 2010","De Grolsch Veste (23,800)"
FC Groningen,2,2,Ajax Amsterdam,"Sunday, August 8, 2010","Euroborg (22,050)"
Feyenoord Rotterdam,3,1,FC Utrecht,"Sunday, August 8, 2010","De Kuip Stadion  (30,000)"
Vitesse Arnhem,3,1,ADO Den Haag,"Sunday, August 8, 2010","Gelredome (13,700)"
NAC Breda,1,1,AZ Alkmaar,"Sunday, August 8, 2010","Rat Verlegh Stadion (18,000)"
NEC Nijmegen,1,0,VVV Venlo,"Saturday, August 7, 2010","De Goffert "
De Graafschap,3,0,Excelsior,"Saturday, August 7, 2010","De Vijverberg (10,979)"
SC Heracles Almelo,3,0,Willem II Tilburg,"Saturday, August 7, 2010","Polman Stadion (8,400)"
Heerenveen,1,3,PSV Eindhoven,"Saturday, August 7, 2010","Abe Lenstra Stadion (25,800)"
Roda JC Kerkrade,0,0,Twente Enschede,"Friday, August 6, 2010","Parkstad Limburg Stadion "
