home, homescore, awayscore, away, date, stage
Benfica, 1, 2, Chelsea, "Wednesday, May 15, 2013", "Final"
Benfica, 3, 1, Fenerbahce, "Thursday, May 2, 2013", "Semi-finals"
Chelsea, 3, 1, FC Basel, "Thursday, May 2, 2013", "Semi-finals"
FC Basel, 1, 2, Chelsea, "Thursday, April 25, 2013", "Semi-finals"
Fenerbahce, 1, 0, Benfica, "Thursday, April 25, 2013", "Semi-finals"
FK Rubin Kazan, 3, 2, Chelsea, "Thursday, April 11, 2013", "Quarter-finals"
FC Basel, 2, 2, Tottenham Hotspur, "Thursday, April 11, 2013", "Quarter-finals"
Lazio, 1, 1, Fenerbahce, "Thursday, April 11, 2013", "Quarter-finals"
Newcastle United, 1, 1, Benfica, "Thursday, April 11, 2013", "Quarter-finals"
Benfica, 3, 1, Newcastle United, "Thursday, April 4, 2013", "Quarter-finals"
Chelsea, 3, 1, FK Rubin Kazan, "Thursday, April 4, 2013", "Quarter-finals"
Fenerbahce, 2, 0, Lazio, "Thursday, April 4, 2013", "Quarter-finals"
Tottenham Hotspur, 2, 2, FC Basel, "Thursday, April 4, 2013", "Quarter-finals"
FK Rubin Kazan, 2, 0, Levante, "Thursday, March 14, 2013", "Third Round"
Zenit St Petersburg, 1, 0, FC Basel, "Thursday, March 14, 2013", "Third Round"
Internazionale, 4, 1, Tottenham Hotspur, "Thursday, March 14, 2013", "Third Round"
Bordeaux, 2, 3, Benfica, "Thursday, March 14, 2013", "Third Round"
Chelsea, 3, 1, Steaua Bucuresti, "Thursday, March 14, 2013", "Third Round"
Fenerbahce, 1, 1, Viktoria Plzen, "Thursday, March 14, 2013", "Third Round"
Lazio, 3, 1, VfB Stuttgart, "Thursday, March 14, 2013", "Third Round"
Newcastle United, 1, 0, Anzhi Makhachkala, "Thursday, March 14, 2013", "Third Round"
Anzhi Makhachkala, 0, 0, Newcastle United, "Thursday, March 7, 2013", "Third Round"
Steaua Bucuresti, 1, 0, Chelsea, "Thursday, March 7, 2013", "Third Round"
VfB Stuttgart, 0, 2, Lazio, "Thursday, March 7, 2013", "Third Round"
Viktoria Plzen, 0, 1, Fenerbahce, "Thursday, March 7, 2013", "Third Round"
Benfica, 1, 0, Bordeaux, "Thursday, March 7, 2013", "Third Round"
FC Basel, 2, 0, Zenit St Petersburg, "Thursday, March 7, 2013", "Third Round"
Levante, 0, 0, FK Rubin Kazan, "Thursday, March 7, 2013", "Third Round"
Tottenham Hotspur, 3, 0, Internazionale, "Thursday, March 7, 2013", "Third Round"
FK Rubin Kazan, 0, 1, Atletico Madrid, "Thursday, February 21, 2013", "Second Round"
CFR Cluj-Napoca, 0, 3, Internazionale, "Thursday, February 21, 2013", "Second Round"
Dnipro Dnipropetrovsk, 1, 1, FC Basel, "Thursday, February 21, 2013", "Second Round"
FC Metalist Kharkiv, 0, 1, Newcastle United, "Thursday, February 21, 2013", "Second Round"
Lazio, 2, 0, Borussia Monchengladbach, "Thursday, February 21, 2013", "Second Round"
Lyon, 1, 1, Tottenham Hotspur, "Thursday, February 21, 2013", "Second Round"
Racing Genk, 0, 2, VfB Stuttgart, "Thursday, February 21, 2013", "Second Round"
Benfica, 2, 1, Bayer Leverkusen, "Thursday, February 21, 2013", "Second Round"
Bordeaux, 1, 0, Dynamo Kiev, "Thursday, February 21, 2013", "Second Round"
Chelsea, 1, 1, Sparta Prague, "Thursday, February 21, 2013", "Second Round"
Fenerbahce, 1, 0, BATE Borisov, "Thursday, February 21, 2013", "Second Round"
Hannover 96, 1, 1, Anzhi Makhachkala, "Thursday, February 21, 2013", "Second Round"
Liverpool, 3, 1, Zenit St Petersburg, "Thursday, February 21, 2013", "Second Round"
Olympiakos, 0, 1, Levante, "Thursday, February 21, 2013", "Second Round"
Steaua Bucuresti, 2, 0, Ajax Amsterdam, "Thursday, February 21, 2013", "Second Round"
Viktoria Plzen, 2, 0, Napoli, "Thursday, February 21, 2013", "Second Round"
Anzhi Makhachkala, 3, 1, Hannover 96, "Thursday, February 14, 2013", "Second Round"
Zenit St Petersburg, 2, 0, Liverpool, "Thursday, February 14, 2013", "Second Round"
Ajax Amsterdam, 2, 0, Steaua Bucuresti, "Thursday, February 14, 2013", "Second Round"
BATE Borisov, 0, 0, Fenerbahce, "Thursday, February 14, 2013", "Second Round"
Bayer Leverkusen, 0, 1, Benfica, "Thursday, February 14, 2013", "Second Round"
Dynamo Kiev, 1, 1, Bordeaux, "Thursday, February 14, 2013", "Second Round"
Levante, 3, 0, Olympiakos, "Thursday, February 14, 2013", "Second Round"
Napoli, 0, 3, Viktoria Plzen, "Thursday, February 14, 2013", "Second Round"
Sparta Prague, 0, 1, Chelsea, "Thursday, February 14, 2013", "Second Round"
Atletico Madrid, 0, 2, FK Rubin Kazan, "Thursday, February 14, 2013", "Second Round"
Borussia Monchengladbach, 3, 3, Lazio, "Thursday, February 14, 2013", "Second Round"
FC Basel, 2, 0, Dnipro Dnipropetrovsk, "Thursday, February 14, 2013", "Second Round"
Internazionale, 2, 0, CFR Cluj-Napoca, "Thursday, February 14, 2013", "Second Round"
Newcastle United, 0, 0, FC Metalist Kharkiv, "Thursday, February 14, 2013", "Second Round"
Tottenham Hotspur, 2, 1, Lyon, "Thursday, February 14, 2013", "Second Round"
VfB Stuttgart, 1, 1, Racing Genk, "Thursday, February 14, 2013", "Second Round"
Sporting Lisbon, 2, 1, Videoton FC Fehervar, "Friday, December 7, 2012", " Group G"
Udinese, 0, 1, Liverpool, "Thursday, December 6, 2012", " Group A"
Young Boys, 3, 1, Anzhi Makhachkala, "Thursday, December 6, 2012", " Group A"
Hapoel Tel-Aviv, 2, 0, Academica de Coimbra, "Thursday, December 6, 2012", " Group B"
Viktoria Plzen, 1, 0, Atletico Madrid, "Thursday, December 6, 2012", " Group B"
AEL, 3, 0, Marseille, "Thursday, December 6, 2012", " Group C"
Fenerbahce, 0, 3, Borussia Monchengladbach, "Thursday, December 6, 2012", " Group C"
Bordeaux, 2, 0, Newcastle United, "Thursday, December 6, 2012", " Group D"
Maritimo, 2, 1, Club Brugge, "Thursday, December 6, 2012", " Group D"
FC Copenhagen, 1, 1, Steaua Bucuresti, "Thursday, December 6, 2012", " Group E"
VfB Stuttgart, 0, 1, Molde, "Thursday, December 6, 2012", " Group E"
Dnipro Dnipropetrovsk, 4, 0, AIK, "Thursday, December 6, 2012", " Group F"
Napoli, 1, 3, PSV Eindhoven, "Thursday, December 6, 2012", " Group F"
Racing Genk, 0, 0, FC Basel, "Thursday, December 6, 2012", " Group G"
Internazionale, 2, 2, Neftchi, "Thursday, December 6, 2012", " Group H"
Partizan Belgrade, 1, 1, FK Rubin Kazan, "Thursday, December 6, 2012", " Group H"
Athletic Bilbao, 0, 0, Sparta Prague, "Thursday, December 6, 2012", " Group I"
Lyon, 2, 0, Hapoel Kiryat Shmona, "Thursday, December 6, 2012", " Group I"
NK Maribor, 1, 4, Lazio, "Thursday, December 6, 2012", " Group J"
Tottenham Hotspur, 3, 1, Panathinaikos, "Thursday, December 6, 2012", " Group J"
Bayer Leverkusen, 1, 0, Rosenborg, "Thursday, December 6, 2012", " Group K"
Rapid Vienna, 1, 0, FC Metalist Kharkiv, "Thursday, December 6, 2012", " Group K"
Levante, 2, 2, Hannover 96, "Thursday, December 6, 2012", " Group L"
Twente Enschede, 1, 3, Helsingborg, "Thursday, December 6, 2012", " Group L"
Hapoel Kiryat Shmona, 0, 2, Athletic Bilbao, "Wednesday, November 28, 2012", " Group I"
Anzhi Makhachkala, 2, 0, Udinese, "Thursday, November 22, 2012", " Group A"
Liverpool, 2, 2, Young Boys, "Thursday, November 22, 2012", " Group A"
Academica de Coimbra, 1, 1, Viktoria Plzen, "Thursday, November 22, 2012", " Group B"
Atletico Madrid, 1, 0, Hapoel Tel-Aviv, "Thursday, November 22, 2012", " Group B"
Borussia Monchengladbach, 2, 0, AEL, "Thursday, November 22, 2012", " Group C"
Marseille, 0, 1, Fenerbahce, "Thursday, November 22, 2012", " Group C"
Club Brugge, 1, 2, Bordeaux, "Thursday, November 22, 2012", " Group D"
Newcastle United, 1, 1, Maritimo, "Thursday, November 22, 2012", " Group D"
Molde, 1, 2, FC Copenhagen, "Thursday, November 22, 2012", " Group E"
Steaua Bucuresti, 1, 5, VfB Stuttgart, "Thursday, November 22, 2012", " Group E"
AIK, 1, 2, Napoli, "Thursday, November 22, 2012", " Group F"
PSV Eindhoven, 1, 2, Dnipro Dnipropetrovsk, "Thursday, November 22, 2012", " Group F"
FC Basel, 3, 0, Sporting Lisbon, "Thursday, November 22, 2012", " Group G"
Videoton FC Fehervar, 0, 1, Racing Genk, "Thursday, November 22, 2012", " Group G"
FK Rubin Kazan, 3, 0, Internazionale, "Thursday, November 22, 2012", " Group H"
Neftchi, 1, 1, Partizan Belgrade, "Thursday, November 22, 2012", " Group H"
Sparta Prague, 1, 1, Lyon, "Thursday, November 22, 2012", " Group I"
Lazio, 0, 0, Tottenham Hotspur, "Thursday, November 22, 2012", " Group J"
Panathinaikos, 1, 0, NK Maribor, "Thursday, November 22, 2012", " Group J"
FC Metalist Kharkiv, 2, 0, Bayer Leverkusen, "Thursday, November 22, 2012", " Group K"
Rosenborg, 3, 2, Rapid Vienna, "Thursday, November 22, 2012", " Group K"
Hannover 96, 0, 0, Twente Enschede, "Thursday, November 22, 2012", " Group L"
Helsingborg, 1, 3, Levante, "Thursday, November 22, 2012", " Group L"
Anzhi Makhachkala, 1, 0, Liverpool, "Thursday, November 8, 2012", " Group A"
Udinese, 2, 3, Young Boys, "Thursday, November 8, 2012", " Group A"
Academica de Coimbra, 2, 0, Atletico Madrid, "Thursday, November 8, 2012", " Group B"
Viktoria Plzen, 4, 0, Hapoel Tel-Aviv, "Thursday, November 8, 2012", " Group B"
Fenerbahce, 2, 0, AEL, "Thursday, November 8, 2012", " Group C"
Marseille, 2, 2, Borussia Monchengladbach, "Thursday, November 8, 2012", " Group C"
Bordeaux, 1, 0, Maritimo, "Thursday, November 8, 2012", " Group D"
Club Brugge, 2, 2, Newcastle United, "Thursday, November 8, 2012", " Group D"
FC Copenhagen, 0, 2, VfB Stuttgart, "Thursday, November 8, 2012", " Group E"
Molde, 1, 2, Steaua Bucuresti, "Thursday, November 8, 2012", " Group E"
AIK, 1, 0, PSV Eindhoven, "Thursday, November 8, 2012", " Group F"
Napoli, 4, 2, Dnipro Dnipropetrovsk, "Thursday, November 8, 2012", " Group F"
FC Basel, 1, 0, Videoton FC Fehervar, "Thursday, November 8, 2012", " Group G"
Sporting Lisbon, 1, 1, Racing Genk, "Thursday, November 8, 2012", " Group G"
Neftchi, 0, 1, FK Rubin Kazan, "Thursday, November 8, 2012", " Group H"
Partizan Belgrade, 1, 3, Internazionale, "Thursday, November 8, 2012", " Group H"
Athletic Bilbao, 2, 3, Lyon, "Thursday, November 8, 2012", " Group I"
Hapoel Kiryat Shmona, 1, 1, Sparta Prague, "Thursday, November 8, 2012", " Group I"
Lazio, 3, 0, Panathinaikos, "Thursday, November 8, 2012", " Group J"
Tottenham Hotspur, 3, 1, NK Maribor, "Thursday, November 8, 2012", " Group J"
Bayer Leverkusen, 3, 0, Rapid Vienna, "Thursday, November 8, 2012", " Group K"
FC Metalist Kharkiv, 3, 1, Rosenborg, "Thursday, November 8, 2012", " Group K"
Hannover 96, 3, 2, Helsingborg, "Thursday, November 8, 2012", " Group L"
Twente Enschede, 0, 0, Levante, "Thursday, November 8, 2012", " Group L"
Liverpool, 1, 0, Anzhi Makhachkala, "Thursday, October 25, 2012", " Group A"
Young Boys, 3, 1, Udinese, "Thursday, October 25, 2012", " Group A"
Atletico Madrid, 2, 1, Academica de Coimbra, "Thursday, October 25, 2012", " Group B"
Hapoel Tel-Aviv, 1, 2, Viktoria Plzen, "Thursday, October 25, 2012", " Group B"
AEL, 0, 1, Fenerbahce, "Thursday, October 25, 2012", " Group C"
Borussia Monchengladbach, 2, 0, Marseille, "Thursday, October 25, 2012", " Group C"
Maritimo, 1, 1, Bordeaux, "Thursday, October 25, 2012", " Group D"
Newcastle United, 1, 0, Club Brugge, "Thursday, October 25, 2012", " Group D"
Steaua Bucuresti, 2, 0, Molde, "Thursday, October 25, 2012", " Group E"
VfB Stuttgart, 0, 0, FC Copenhagen, "Thursday, October 25, 2012", " Group E"
Dnipro Dnipropetrovsk, 3, 1, Napoli, "Thursday, October 25, 2012", " Group F"
PSV Eindhoven, 1, 1, AIK, "Thursday, October 25, 2012", " Group F"
Racing Genk, 2, 1, Sporting Lisbon, "Thursday, October 25, 2012", " Group G"
Videoton FC Fehervar, 2, 1, FC Basel, "Thursday, October 25, 2012", " Group G"
FK Rubin Kazan, 1, 0, Neftchi, "Thursday, October 25, 2012", " Group H"
Internazionale, 1, 0, Partizan Belgrade, "Thursday, October 25, 2012", " Group H"
Lyon, 2, 1, Athletic Bilbao, "Thursday, October 25, 2012", " Group I"
Sparta Prague, 3, 1, Hapoel Kiryat Shmona, "Thursday, October 25, 2012", " Group I"
NK Maribor, 1, 1, Tottenham Hotspur, "Thursday, October 25, 2012", " Group J"
Panathinaikos, 1, 1, Lazio, "Thursday, October 25, 2012", " Group J"
Rapid Vienna, 0, 4, Bayer Leverkusen, "Thursday, October 25, 2012", " Group K"
Rosenborg, 1, 2, FC Metalist Kharkiv, "Thursday, October 25, 2012", " Group K"
Helsingborg, 1, 2, Hannover 96, "Thursday, October 25, 2012", " Group L"
Levante, 3, 0, Twente Enschede, "Thursday, October 25, 2012", " Group L"
Anzhi Makhachkala, 2, 0, Young Boys, "Thursday, October 4, 2012", " Group A"
Liverpool, 2, 3, Udinese, "Thursday, October 4, 2012", " Group A"
Academica de Coimbra, 1, 1, Hapoel Tel-Aviv, "Thursday, October 4, 2012", " Group B"
Atletico Madrid, 1, 0, Viktoria Plzen, "Thursday, October 4, 2012", " Group B"
Borussia Monchengladbach, 2, 4, Fenerbahce, "Thursday, October 4, 2012", " Group C"
Marseille, 5, 1, AEL, "Thursday, October 4, 2012", " Group C"
Club Brugge, 2, 0, Maritimo, "Thursday, October 4, 2012", " Group D"
Newcastle United, 3, 0, Bordeaux, "Thursday, October 4, 2012", " Group D"
Molde, 2, 0, VfB Stuttgart, "Thursday, October 4, 2012", " Group E"
Steaua Bucuresti, 1, 0, FC Copenhagen, "Thursday, October 4, 2012", " Group E"
AIK, 2, 3, Dnipro Dnipropetrovsk, "Thursday, October 4, 2012", " Group F"
PSV Eindhoven, 3, 0, Napoli, "Thursday, October 4, 2012", " Group F"
FC Basel, 2, 2, Racing Genk, "Thursday, October 4, 2012", " Group G"
Videoton FC Fehervar, 3, 0, Sporting Lisbon, "Thursday, October 4, 2012", " Group G"
FK Rubin Kazan, 2, 0, Partizan Belgrade, "Thursday, October 4, 2012", " Group H"
Neftchi, 1, 3, Internazionale, "Thursday, October 4, 2012", " Group H"
Hapoel Kiryat Shmona, 3, 4, Lyon, "Thursday, October 4, 2012", " Group I"
Sparta Prague, 3, 1, Athletic Bilbao, "Thursday, October 4, 2012", " Group I"
Lazio, 1, 0, NK Maribor, "Thursday, October 4, 2012", " Group J"
Panathinaikos, 1, 1, Tottenham Hotspur, "Thursday, October 4, 2012", " Group J"
FC Metalist Kharkiv, 2, 0, Rapid Vienna, "Thursday, October 4, 2012", " Group K"
Rosenborg, 0, 1, Bayer Leverkusen, "Thursday, October 4, 2012", " Group K"
Hannover 96, 2, 1, Levante, "Thursday, October 4, 2012", " Group L"
Helsingborg, 2, 2, Twente Enschede, "Thursday, October 4, 2012", " Group L"
Udinese, 1, 1, Anzhi Makhachkala, "Thursday, September 20, 2012", " Group A"
Young Boys, 3, 5, Liverpool, "Thursday, September 20, 2012", " Group A"
Hapoel Tel-Aviv, 0, 3, Atletico Madrid, "Thursday, September 20, 2012", " Group B"
Viktoria Plzen, 3, 1, Academica de Coimbra, "Thursday, September 20, 2012", " Group B"
AEL, 0, 0, Borussia Monchengladbach, "Thursday, September 20, 2012", " Group C"
Fenerbahce, 2, 2, Marseille, "Thursday, September 20, 2012", " Group C"
Bordeaux, 4, 0, Club Brugge, "Thursday, September 20, 2012", " Group D"
Maritimo, 0, 0, Newcastle United, "Thursday, September 20, 2012", " Group D"
FC Copenhagen, 2, 1, Molde, "Thursday, September 20, 2012", " Group E"
VfB Stuttgart, 2, 2, Steaua Bucuresti, "Thursday, September 20, 2012", " Group E"
Dnipro Dnipropetrovsk, 2, 0, PSV Eindhoven, "Thursday, September 20, 2012", " Group F"
Napoli, 4, 0, AIK, "Thursday, September 20, 2012", " Group F"
Racing Genk, 3, 0, Videoton FC Fehervar, "Thursday, September 20, 2012", " Group G"
Sporting Lisbon, 0, 0, FC Basel, "Thursday, September 20, 2012", " Group G"
Internazionale, 2, 2, FK Rubin Kazan, "Thursday, September 20, 2012", " Group H"
Partizan Belgrade, 0, 0, Neftchi, "Thursday, September 20, 2012", " Group H"
Athletic Bilbao, 1, 1, Hapoel Kiryat Shmona, "Thursday, September 20, 2012", " Group I"
Lyon, 2, 1, Sparta Prague, "Thursday, September 20, 2012", " Group I"
NK Maribor, 3, 0, Panathinaikos, "Thursday, September 20, 2012", " Group J"
Tottenham Hotspur, 0, 0, Lazio, "Thursday, September 20, 2012", " Group J"
Bayer Leverkusen, 0, 0, FC Metalist Kharkiv, "Thursday, September 20, 2012", " Group K"
Rapid Vienna, 1, 2, Rosenborg, "Thursday, September 20, 2012", " Group K"
Levante, 1, 0, Helsingborg, "Thursday, September 20, 2012", " Group L"
Twente Enschede, 2, 2, Hannover 96, "Thursday, September 20, 2012", " Group L"
Dila Gori, 0, 2, Maritimo, "Thursday, August 30, 2012", "Play-off Round"
Dnipro Dnipropetrovsk, 4, 2, Liberec, "Thursday, August 30, 2012", "Play-off Round"
Apoel Nicosia, 1, 3, Neftchi, "Thursday, August 30, 2012", "Play-off Round"
CSKA Moscow, 0, 2, AIK, "Thursday, August 30, 2012", "Play-off Round"
Hapoel Tel-Aviv, 4, 0, F91 Dudelange, "Thursday, August 30, 2012", "Play-off Round"
Heerenveen, 1, 2, Molde, "Thursday, August 30, 2012", "Play-off Round"
HJK Helsinki, 3, 3, Athletic Bilbao, "Thursday, August 30, 2012", "Play-off Round"
PSV Eindhoven, 9, 0, Zeta, "Thursday, August 30, 2012", "Play-off Round"
Rosenborg, 2, 1, Legia Warsaw, "Thursday, August 30, 2012", "Play-off Round"
Sparta Prague, 2, 0, Feyenoord Rotterdam, "Thursday, August 30, 2012", "Play-off Round"
Steaua Bucuresti, 3, 0, FK Ekranas, "Thursday, August 30, 2012", "Play-off Round"
Young Boys, 0, 2, FC Midtjylland, "Thursday, August 30, 2012", "Play-off Round"
FC Metalist Kharkiv, 2, 1, Dinamo Bucuresti, "Thursday, August 30, 2012", "Play-off Round"
Racing Genk, 2, 0, Lucerne, "Thursday, August 30, 2012", "Play-off Round"
Viktoria Plzen, 1, 0, KSC Lokeren, "Thursday, August 30, 2012", "Play-off Round"
Bordeaux, 3, 2, Crvena Zvezda, "Thursday, August 30, 2012", "Play-off Round"
Club Brugge, 4, 1, Debrecen, "Thursday, August 30, 2012", "Play-off Round"
Marseille, 0, 0, Sheriff Tiraspol, "Thursday, August 30, 2012", "Play-off Round"
Videoton FC Fehervar, 0, 0, Trabzonspor, "Thursday, August 30, 2012", "Play-off Round"
Hannover 96, 5, 1, Slask Wroclaw, "Thursday, August 30, 2012", "Play-off Round"
Internazionale, 2, 2, FC Vaslui, "Thursday, August 30, 2012", "Play-off Round"
Levante, 1, 0, Motherwell, "Thursday, August 30, 2012", "Play-off Round"
Partizan Belgrade, 1, 0, Tromso, "Thursday, August 30, 2012", "Play-off Round"
Rapid Vienna, 3, 0, PAOK Salonika, "Thursday, August 30, 2012", "Play-off Round"
AZ Alkmaar, 0, 5, Anzhi Makhachkala, "Thursday, August 30, 2012", "Play-off Round"
Lazio, 3, 1, Mura, "Thursday, August 30, 2012", "Play-off Round"
Newcastle United, 1, 0, Atromitos, "Thursday, August 30, 2012", "Play-off Round"
Twente Enschede, 4, 1, Bursaspor, "Thursday, August 30, 2012", "Play-off Round"
Liverpool, 1, 1, Heart of Midlothian, "Thursday, August 30, 2012", "Play-off Round"
Sporting Lisbon, 5, 0, AC Horsens, "Thursday, August 30, 2012", "Play-off Round"
Dinamo Moscow, 0, 0, VfB Stuttgart, "Tuesday, August 28, 2012", "Play-off Round"
Anzhi Makhachkala, 1, 0, AZ Alkmaar, "Thursday, August 23, 2012", "Play-off Round"
Neftchi, 1, 1, Apoel Nicosia, "Thursday, August 23, 2012", "Play-off Round"
Tromso, 3, 2, Partizan Belgrade, "Thursday, August 23, 2012", "Play-off Round"
FK Ekranas, 0, 2, Steaua Bucuresti, "Thursday, August 23, 2012", "Play-off Round"
AIK, 0, 1, CSKA Moscow, "Thursday, August 23, 2012", "Play-off Round"
Atromitos, 1, 1, Newcastle United, "Thursday, August 23, 2012", "Play-off Round"
Legia Warsaw, 1, 1, Rosenborg, "Thursday, August 23, 2012", "Play-off Round"
Liberec, 2, 2, Dnipro Dnipropetrovsk, "Thursday, August 23, 2012", "Play-off Round"
Molde, 2, 0, Heerenveen, "Thursday, August 23, 2012", "Play-off Round"
Sheriff Tiraspol, 1, 2, Marseille, "Thursday, August 23, 2012", "Play-off Round"
Bursaspor, 3, 1, Twente Enschede, "Thursday, August 23, 2012", "Play-off Round"
Dinamo Bucuresti, 0, 2, FC Metalist Kharkiv, "Thursday, August 23, 2012", "Play-off Round"
Lucerne, 2, 1, Racing Genk, "Thursday, August 23, 2012", "Play-off Round"
F91 Dudelange, 1, 3, Hapoel Tel-Aviv, "Thursday, August 23, 2012", "Play-off Round"
Feyenoord Rotterdam, 2, 2, Sparta Prague, "Thursday, August 23, 2012", "Play-off Round"
Trabzonspor, 0, 0, Videoton FC Fehervar, "Thursday, August 23, 2012", "Play-off Round"
FC Midtjylland, 0, 3, Young Boys, "Thursday, August 23, 2012", "Play-off Round"
Debrecen, 0, 3, Club Brugge, "Thursday, August 23, 2012", "Play-off Round"
KSC Lokeren, 2, 1, Viktoria Plzen, "Thursday, August 23, 2012", "Play-off Round"
PAOK Salonika, 2, 1, Rapid Vienna, "Thursday, August 23, 2012", "Play-off Round"
FC Vaslui, 0, 2, Internazionale, "Thursday, August 23, 2012", "Play-off Round"
Heart of Midlothian, 0, 1, Liverpool, "Thursday, August 23, 2012", "Play-off Round"
Motherwell, 0, 2, Levante, "Thursday, August 23, 2012", "Play-off Round"
Slask Wroclaw, 3, 5, Hannover 96, "Thursday, August 23, 2012", "Play-off Round"
AC Horsens, 1, 1, Sporting Lisbon, "Thursday, August 23, 2012", "Play-off Round"
Athletic Bilbao, 6, 0, HJK Helsinki, "Thursday, August 23, 2012", "Play-off Round"
Crvena Zvezda, 0, 0, Bordeaux, "Thursday, August 23, 2012", "Play-off Round"
Maritimo, 1, 0, Dila Gori, "Thursday, August 23, 2012", "Play-off Round"
Mura, 0, 2, Lazio, "Thursday, August 23, 2012", "Play-off Round"
Zeta, 0, 5, PSV Eindhoven, "Thursday, August 23, 2012", "Play-off Round"
VfB Stuttgart, 2, 0, Dinamo Moscow, "Wednesday, August 22, 2012", "Play-off Round"
Aktobe Lento, 1, 2, Racing Genk, "Thursday, August 9, 2012", "Third Qualifying Round"
Dinamo Moscow, 5, 0, Dundee United, "Thursday, August 9, 2012", "Third Qualifying Round"
Elfsborg, 2, 3, AC Horsens, "Thursday, August 9, 2012", "Third Qualifying Round"
Omonia Nicosia, 0, 0, Crvena Zvezda, "Thursday, August 9, 2012", "Third Qualifying Round"
Slaven Belupo Koprivnica, 2, 1, Athletic Bilbao, "Thursday, August 9, 2012", "Third Qualifying Round"
Aalesund, 0, 1, Apoel Nicosia, "Thursday, August 9, 2012", "Third Qualifying Round"
Legia Warsaw, 3, 1, SV Josko Ried, "Thursday, August 9, 2012", "Third Qualifying Round"
Metalurg Donetsk, 0, 1, Tromso, "Thursday, August 9, 2012", "Third Qualifying Round"
Mlada Boleslav, 0, 2, Twente Enschede, "Thursday, August 9, 2012", "Third Qualifying Round"
Rosenborg, 0, 0, Servette, "Thursday, August 9, 2012", "Third Qualifying Round"
FC Spartak Trnava, 0, 3, Steaua Bucuresti, "Thursday, August 9, 2012", "Third Qualifying Round"
KAA Gent, 0, 3, Videoton FC Fehervar, "Thursday, August 9, 2012", "Third Qualifying Round"
Young Boys, 3, 0, Kalmar FF, "Thursday, August 9, 2012", "Third Qualifying Round"
Lech Poznan, 1, 0, AIK, "Thursday, August 9, 2012", "Third Qualifying Round"
Mura, 0, 2, CSKA Kiev, "Thursday, August 9, 2012", "Third Qualifying Round"
PAOK Salonika, 4, 1, Bnei Yehuda, "Thursday, August 9, 2012", "Third Qualifying Round"
Sparta Prague, 2, 2, FC Trenkwalder Admira, "Thursday, August 9, 2012", "Third Qualifying Round"
Viktoria Plzen, 5, 0, Ruch Chorzow, "Thursday, August 9, 2012", "Third Qualifying Round"
Vitesse Arnhem, 0, 2, Anzhi Makhachkala, "Thursday, August 9, 2012", "Third Qualifying Round"
Zeta, 1, 0, FK Sarajevo, "Thursday, August 9, 2012", "Third Qualifying Round"
Bursaspor, 6, 0, KuPS Kuopio, "Thursday, August 9, 2012", "Third Qualifying Round"
Hannover 96, 2, 0, St Patricks, "Thursday, August 9, 2012", "Third Qualifying Round"
Rapid Bucuresti, 1, 0, Heerenveen, "Thursday, August 9, 2012", "Third Qualifying Round"
Internazionale, 0, 2, Hajduk Split, "Thursday, August 9, 2012", "Third Qualifying Round"
Marseille, 3, 0, Eskisehirspor K, "Thursday, August 9, 2012", "Third Qualifying Round"
Maritimo, 0, 0, Asteras Tripoli, "Thursday, August 9, 2012", "Third Qualifying Round"
Liverpool, 3, 0, Gomel, "Thursday, August 9, 2012", "Third Qualifying Round"
Rapid Vienna, 2, 0, Vojvodina, "Thursday, August 9, 2012", "Third Qualifying Round"
Anzhi Makhachkala, 2, 0, Vitesse Arnhem, "Thursday, August 2, 2012", "Third Qualifying Round"
KuPS Kuopio, 1, 0, Bursaspor, "Thursday, August 2, 2012", "Third Qualifying Round"
CSKA Kiev, 3, 0, Mura, "Thursday, August 2, 2012", "Third Qualifying Round"
Dila Gori, 0, 1, Anorthosis Famagusta, "Thursday, August 2, 2012", "Third Qualifying Round"
AIK, 3, 0, Lech Poznan, "Thursday, August 2, 2012", "Third Qualifying Round"
Apoel Nicosia, 2, 1, Aalesund, "Thursday, August 2, 2012", "Third Qualifying Round"
Bnei Yehuda, 0, 2, PAOK Salonika, "Thursday, August 2, 2012", "Third Qualifying Round"
Kalmar FF, 1, 0, Young Boys, "Thursday, August 2, 2012", "Third Qualifying Round"
Ruch Chorzow, 0, 2, Viktoria Plzen, "Thursday, August 2, 2012", "Third Qualifying Round"
SV Josko Ried, 2, 1, Legia Warsaw, "Thursday, August 2, 2012", "Third Qualifying Round"
Tromso, 1, 1, Metalurg Donetsk, "Thursday, August 2, 2012", "Third Qualifying Round"
Heerenveen, 4, 0, Rapid Bucuresti, "Thursday, August 2, 2012", "Third Qualifying Round"
Servette, 1, 1, Rosenborg, "Thursday, August 2, 2012", "Third Qualifying Round"
Steaua Bucuresti, 0, 1, FC Spartak Trnava, "Thursday, August 2, 2012", "Third Qualifying Round"
Twente Enschede, 2, 0, Mlada Boleslav, "Thursday, August 2, 2012", "Third Qualifying Round"
Asteras Tripoli, 1, 1, Maritimo, "Thursday, August 2, 2012", "Third Qualifying Round"
Gomel, 0, 1, Liverpool, "Thursday, August 2, 2012", "Third Qualifying Round"
Racing Genk, 2, 1, Aktobe Lento, "Thursday, August 2, 2012", "Third Qualifying Round"
AC Horsens, 1, 1, Elfsborg, "Thursday, August 2, 2012", "Third Qualifying Round"
Crvena Zvezda, 0, 0, Omonia Nicosia, "Thursday, August 2, 2012", "Third Qualifying Round"
Videoton FC Fehervar, 1, 0, KAA Gent, "Thursday, August 2, 2012", "Third Qualifying Round"
Dundee United, 2, 2, Dinamo Moscow, "Thursday, August 2, 2012", "Third Qualifying Round"
Eskisehirspor K, 1, 1, Marseille, "Thursday, August 2, 2012", "Third Qualifying Round"
Hajduk Split, 0, 3, Internazionale, "Thursday, August 2, 2012", "Third Qualifying Round"
St Patricks, 0, 3, Hannover 96, "Thursday, August 2, 2012", "Third Qualifying Round"
Athletic Bilbao, 3, 1, Slaven Belupo Koprivnica, "Thursday, August 2, 2012", "Third Qualifying Round"
FK Sarajevo, 2, 1, Zeta, "Thursday, August 2, 2012", "Third Qualifying Round"
Vojvodina, 2, 1, Rapid Vienna, "Thursday, August 2, 2012", "Third Qualifying Round"
FC Trenkwalder Admira, 0, 2, Sparta Prague, "Thursday, August 2, 2012", "Third Qualifying Round"
Shirak, 0, 1, Bnei Yehuda, "Thursday, July 26, 2012", "Second Qualifying Round"
Dila Gori, 3, 1, AGF Aarhus, "Thursday, July 26, 2012", "Second Qualifying Round"
Ordabasy Shymkent, 1, 2, Rosenborg, "Thursday, July 26, 2012", "Second Qualifying Round"
Gandzasar Kapan, 1, 3, Servette, "Thursday, July 26, 2012", "Second Qualifying Round"
Metalurg, 0, 3, Ruch Chorzow, "Thursday, July 26, 2012", "Second Qualifying Round"
Celik, 2, 4, Metalurg Donetsk, "Thursday, July 26, 2012", "Second Qualifying Round"
KuPS Kuopio, 0, 1, Maccabi Netanya, "Thursday, July 26, 2012", "Second Qualifying Round"
Aktobe Lento, 3, 0, FC Milsami, "Thursday, July 26, 2012", "Second Qualifying Round"
Elfsborg, 2, 0, FC Dacia, "Thursday, July 26, 2012", "Second Qualifying Round"
FC Inter, 0, 5, Twente Enschede, "Thursday, July 26, 2012", "Second Qualifying Round"
Gomel, 0, 1, Renova, "Thursday, July 26, 2012", "Second Qualifying Round"
FK Suduva, 0, 3, Vojvodina, "Thursday, July 26, 2012", "Second Qualifying Round"
Kispest Honved, 0, 2, Anzhi Makhachkala, "Thursday, July 26, 2012", "Second Qualifying Round"
MyPa, 0, 2, Rapid Bucuresti, "Thursday, July 26, 2012", "Second Qualifying Round"
Aalesund, 5, 0, SK Tirana, "Thursday, July 26, 2012", "Second Qualifying Round"
Anorthosis Famagusta, 3, 0, FC Levadia Tallinn, "Thursday, July 26, 2012", "Second Qualifying Round"
Asteras Tripoli, 1, 1, Inter, "Thursday, July 26, 2012", "Second Qualifying Round"
CSKA Sofia, 1, 1, Mura, "Thursday, July 26, 2012", "Second Qualifying Round"
Kalmar FF, 2, 0, Osijek, "Thursday, July 26, 2012", "Second Qualifying Round"
SV Josko Ried, 0, 0, Shakhter Soligorsk, "Thursday, July 26, 2012", "Second Qualifying Round"
Tromso, 1, 0, Olimpija Ljubljana, "Thursday, July 26, 2012", "Second Qualifying Round"
Zimbru Chisinau, 1, 0, Young Boys, "Thursday, July 26, 2012", "Second Qualifying Round"
FK Senica, 0, 1, Apoel Nicosia, "Thursday, July 26, 2012", "Second Qualifying Round"
KAA Gent, 3, 2, FC 03 Differdange, "Thursday, July 26, 2012", "Second Qualifying Round"
Lech Poznan, 1, 0, Khazar Lenkoran, "Thursday, July 26, 2012", "Second Qualifying Round"
Sligo, 1, 1, FC Spartak Trnava, "Thursday, July 26, 2012", "Second Qualifying Round"
Viktoria Plzen, 2, 0, Metalurgi Rustavi, "Thursday, July 26, 2012", "Second Qualifying Round"
Vitesse Arnhem, 3, 1, Lokomotiv Plovdiv, "Thursday, July 26, 2012", "Second Qualifying Round"
Zeta, 1, 0, JJK, "Thursday, July 26, 2012", "Second Qualifying Round"
Crvena Zvezda, 3, 3, Naftan Novopolotsk, "Thursday, July 26, 2012", "Second Qualifying Round"
Legia Warsaw, 5, 1, FK Metalurgs, "Thursday, July 26, 2012", "Second Qualifying Round"
Skonto Riga, 1, 0, Hajduk Split, "Thursday, July 26, 2012", "Second Qualifying Round"
Videoton FC Fehervar, 0, 0, Slovan Bratislava, "Thursday, July 26, 2012", "Second Qualifying Round"
Portadown, 2, 4, Slaven Belupo Koprivnica, "Thursday, July 26, 2012", "Second Qualifying Round"
St Johnstone, 1, 1, Eskisehirspor K, "Thursday, July 26, 2012", "Second Qualifying Round"
St Patricks, 2, 1, Siroki Brijeg, "Thursday, July 26, 2012", "Second Qualifying Round"
FK Sarajevo, 3, 1, Levski Sofia, "Thursday, July 26, 2012", "Second Qualifying Round"
FC Trenkwalder Admira, 5, 1, VMFD Zalgiris, "Thursday, July 26, 2012", "Second Qualifying Round"
FH Hafnarfjordur, 0, 1, AIK, "Thursday, July 26, 2012", "Second Qualifying Round"
Thor, 0, 1, Mlada Boleslav, "Thursday, July 26, 2012", "Second Qualifying Round"
Anzhi Makhachkala, 0, 0, Kispest Honved, "Thursday, July 19, 2012", "Second Qualifying Round"
FC Milsami, 2, 1, Aktobe Lento, "Thursday, July 19, 2012", "Second Qualifying Round"
FK Metalurgs, 1, 1, Legia Warsaw, "Thursday, July 19, 2012", "Second Qualifying Round"
Khazar Lenkoran, 1, 1, Lech Poznan, "Thursday, July 19, 2012", "Second Qualifying Round"
Naftan Novopolotsk, 0, 2, Crvena Zvezda, "Thursday, July 19, 2012", "Second Qualifying Round"
Lokomotiv Plovdiv, 2, 2, Vitesse Arnhem, "Thursday, July 19, 2012", "Second Qualifying Round"
Renova, 0, 2, Gomel, "Thursday, July 19, 2012", "Second Qualifying Round"
FC Levadia Tallinn, 1, 3, Anorthosis Famagusta, "Thursday, July 19, 2012", "Second Qualifying Round"
Inter, 1, 1, Asteras Tripoli, "Thursday, July 19, 2012", "Second Qualifying Round"
JJK, 3, 2, Zeta, "Thursday, July 19, 2012", "Second Qualifying Round"
Metalurgi Rustavi, 1, 1, Viktoria Plzen, "Thursday, July 19, 2012", "Second Qualifying Round"
Olimpija Ljubljana, 0, 0, Tromso, "Thursday, July 19, 2012", "Second Qualifying Round"
FC 03 Differdange, 0, 1, KAA Gent, "Thursday, July 19, 2012", "Second Qualifying Round"
Shakhter Soligorsk, 1, 1, SV Josko Ried, "Thursday, July 19, 2012", "Second Qualifying Round"
AGF Aarhus, 1, 2, Dila Gori, "Thursday, July 19, 2012", "Second Qualifying Round"
AIK, 1, 1, FH Hafnarfjordur, "Thursday, July 19, 2012", "Second Qualifying Round"
Apoel Nicosia, 2, 0, FK Senica, "Thursday, July 19, 2012", "Second Qualifying Round"
Bnei Yehuda, 0, 0, Shirak, "Thursday, July 19, 2012", "Second Qualifying Round"
Eskisehirspor K, 2, 0, St Johnstone, "Thursday, July 19, 2012", "Second Qualifying Round"
FC Spartak Trnava, 3, 1, Sligo, "Thursday, July 19, 2012", "Second Qualifying Round"
Levski Sofia, 1, 0, FK Sarajevo, "Thursday, July 19, 2012", "Second Qualifying Round"
Metalurg Donetsk, 7, 0, Celik, "Thursday, July 19, 2012", "Second Qualifying Round"
Mlada Boleslav, 3, 0, Thor, "Thursday, July 19, 2012", "Second Qualifying Round"
Rosenborg, 2, 2, Ordabasy Shymkent, "Thursday, July 19, 2012", "Second Qualifying Round"
Ruch Chorzow, 3, 1, Metalurg, "Thursday, July 19, 2012", "Second Qualifying Round"
SK Tirana, 1, 0, Aalesund, "Thursday, July 19, 2012", "Second Qualifying Round"
Slaven Belupo Koprivnica, 6, 0, Portadown, "Thursday, July 19, 2012", "Second Qualifying Round"
FC Dacia, 1, 0, Elfsborg, "Thursday, July 19, 2012", "Second Qualifying Round"
Rapid Bucuresti, 3, 1, MyPa, "Thursday, July 19, 2012", "Second Qualifying Round"
VMFD Zalgiris, 0, 1, FC Trenkwalder Admira, "Thursday, July 19, 2012", "Second Qualifying Round"
Young Boys, 1, 0, Zimbru Chisinau, "Thursday, July 19, 2012", "Second Qualifying Round"
Servette, 2, 0, Gandzasar Kapan, "Thursday, July 19, 2012", "Second Qualifying Round"
Twente Enschede, 1, 1, FC Inter, "Thursday, July 19, 2012", "Second Qualifying Round"
Maccabi Netanya, 1, 2, KuPS Kuopio, "Thursday, July 19, 2012", "Second Qualifying Round"
Mura, 0, 0, CSKA Sofia, "Thursday, July 19, 2012", "Second Qualifying Round"
Osijek, 1, 3, Kalmar FF, "Thursday, July 19, 2012", "Second Qualifying Round"
Slovan Bratislava, 1, 1, Videoton FC Fehervar, "Thursday, July 19, 2012", "Second Qualifying Round"
Hajduk Split, 2, 0, Skonto Riga, "Thursday, July 19, 2012", "Second Qualifying Round"
Vojvodina, 1, 1, FK Suduva, "Thursday, July 19, 2012", "Second Qualifying Round"
Siroki Brijeg, 1, 1, St Patricks, "Thursday, July 19, 2012", "Second Qualifying Round"
Jetysu Taldykorgan, 1, 1, Lech Poznan, "Thursday, July 12, 2012", "First Qualifying Round"
Metalurgi Rustavi, 6, 1, KS Teuta, "Thursday, July 12, 2012", "First Qualifying Round"
Ordabasy Shymkent, 0, 0, FK Jagodina, "Thursday, July 12, 2012", "First Qualifying Round"
Shirak, 1, 1, Rudar Pljevlja, "Thursday, July 12, 2012", "First Qualifying Round"
Aktobe Lento, 1, 0, Torpedo Kutaisi, "Thursday, July 12, 2012", "First Qualifying Round"
Gandzasar Kapan, 0, 0, EB Streymur, "Thursday, July 12, 2012", "First Qualifying Round"
Metalurg, 0, 0, Birkirkara, "Thursday, July 12, 2012", "First Qualifying Round"
Celik, 0, 0, Borac Cacak, "Thursday, July 12, 2012", "First Qualifying Round"
FC Daugava, 2, 3, FK Suduva, "Thursday, July 12, 2012", "First Qualifying Round"
FK Metalurgs, 4, 0, Fiorita, "Thursday, July 12, 2012", "First Qualifying Round"
FK Siauliai, 2, 1, FC Levadia Tallinn, "Thursday, July 12, 2012", "First Qualifying Round"
Gomel, 4, 0, Vikingur, "Thursday, July 12, 2012", "First Qualifying Round"
Inter, 2, 0, Trans Narva, "Thursday, July 12, 2012", "First Qualifying Round"
Jeunesse Esch, 0, 3, Olimpija Ljubljana, "Thursday, July 12, 2012", "First Qualifying Round"
MyPa, 5, 0, Newi Cefn Druids, "Thursday, July 12, 2012", "First Qualifying Round"
Zimbru Chisinau, 2, 1, Bangor City, "Thursday, July 12, 2012", "First Qualifying Round"
Kalmar FF, 3, 0, Cliftonville, "Thursday, July 12, 2012", "First Qualifying Round"
Rosenborg, 1, 0, Crusaders, "Thursday, July 12, 2012", "First Qualifying Round"
Stabaek, 2, 1, JJK, "Thursday, July 12, 2012", "First Qualifying Round"
FK Senica, 2, 1, MTK Hungaria, "Thursday, July 12, 2012", "First Qualifying Round"
Hibernians, 4, 4, FK Sarajevo, "Thursday, July 12, 2012", "First Qualifying Round"
Llanelli, 1, 1, KuPS Kuopio, "Thursday, July 12, 2012", "First Qualifying Round"
NSI Runavik, 0, 2, FC 03 Differdange, "Thursday, July 12, 2012", "First Qualifying Round"
UE Santa Coloma, 0, 3, Twente Enschede, "Thursday, July 12, 2012", "First Qualifying Round"
USV Eschen/Mauren, 0, 1, FH Hafnarfjordur, "Thursday, July 12, 2012", "First Qualifying Round"
CMC Publikum, 0, 1, FC Dacia, "Thursday, July 12, 2012", "First Qualifying Round"
Mura, 2, 0, FK Baku, "Thursday, July 12, 2012", "First Qualifying Round"
Osijek, 3, 1, Santa Coloma, "Thursday, July 12, 2012", "First Qualifying Round"
Zeta, 1, 2, Pyunik, "Thursday, July 12, 2012", "First Qualifying Round"
Kispest Honved, 2, 0, KS Flamurtari Vlorë, "Thursday, July 12, 2012", "First Qualifying Round"
Libertas, 0, 3, Renova, "Thursday, July 12, 2012", "First Qualifying Round"
Thor, 2, 1, Bohemians, "Thursday, July 12, 2012", "First Qualifying Round"
IBV, 2, 1, St Patricks, "Thursday, July 12, 2012", "First Qualifying Round"
Floriana FC, 0, 4, Elfsborg, "Tuesday, July 10, 2012", "First Qualifying Round"
CS Grevenmacher, 0, 0, SK Tirana, "Tuesday, July 10, 2012", "First Qualifying Round"
Nomme Kalju, 0, 2, Khazar Lenkoran, "Tuesday, July 10, 2012", "First Qualifying Round"
Portadown, 2, 1, Shkendija 79, "Tuesday, July 10, 2012", "First Qualifying Round"
Khazar Lenkoran, 2, 2, Nomme Kalju, "Thursday, July 5, 2012", "First Qualifying Round"
FK Jagodina, 0, 1, Ordabasy Shymkent, "Thursday, July 5, 2012", "First Qualifying Round"
KuPS Kuopio, 2, 1, Llanelli, "Thursday, July 5, 2012", "First Qualifying Round"
Renova, 4, 0, Libertas, "Thursday, July 5, 2012", "First Qualifying Round"
Trans Narva, 0, 5, Inter, "Thursday, July 5, 2012", "First Qualifying Round"
FC Levadia Tallinn, 1, 0, FK Siauliai, "Thursday, July 5, 2012", "First Qualifying Round"
Elfsborg, 4, 0, Floriana FC, "Thursday, July 5, 2012", "First Qualifying Round"
FK Baku, 0, 0, Mura, "Thursday, July 5, 2012", "First Qualifying Round"
JJK, 2, 0, Stabaek, "Thursday, July 5, 2012", "First Qualifying Round"
Pyunik, 0, 3, Zeta, "Thursday, July 5, 2012", "First Qualifying Round"
Rudar Pljevlja, 0, 1, Shirak, "Thursday, July 5, 2012", "First Qualifying Round"
FC 03 Differdange, 3, 0, NSI Runavik, "Thursday, July 5, 2012", "First Qualifying Round"
FC Dacia, 1, 0, CMC Publikum, "Thursday, July 5, 2012", "First Qualifying Round"
FK Suduva, 0, 0, FC Daugava, "Thursday, July 5, 2012", "First Qualifying Round"
Birkirkara, 2, 2, Metalurg, "Thursday, July 5, 2012", "First Qualifying Round"
SK Tirana, 2, 0, CS Grevenmacher, "Thursday, July 5, 2012", "First Qualifying Round"
Torpedo Kutaisi, 1, 1, Aktobe Lento, "Thursday, July 5, 2012", "First Qualifying Round"
FK Sarajevo, 1, 2, Hibernians, "Thursday, July 5, 2012", "First Qualifying Round"
Santa Coloma, 0, 1, Osijek, "Thursday, July 5, 2012", "First Qualifying Round"
Twente Enschede, 6, 0, UE Santa Coloma, "Thursday, July 5, 2012", "First Qualifying Round"
EB Streymur, 3, 1, Gandzasar Kapan, "Thursday, July 5, 2012", "First Qualifying Round"
Lech Poznan, 2, 0, Jetysu Taldykorgan, "Thursday, July 5, 2012", "First Qualifying Round"
Olimpija Ljubljana, 3, 0, Jeunesse Esch, "Thursday, July 5, 2012", "First Qualifying Round"
MTK Hungaria, 1, 1, FK Senica, "Thursday, July 5, 2012", "First Qualifying Round"
Fiorita, 0, 2, FK Metalurgs, "Thursday, July 5, 2012", "First Qualifying Round"
KS Flamurtari Vlorë, 0, 1, Kispest Honved, "Thursday, July 5, 2012", "First Qualifying Round"
KS Teuta, 0, 1, Metalurgi Rustavi, "Thursday, July 5, 2012", "First Qualifying Round"
Newi Cefn Druids, 0, 0, MyPa, "Thursday, July 5, 2012", "First Qualifying Round"
Bangor City, 0, 0, Zimbru Chisinau, "Thursday, July 5, 2012", "First Qualifying Round"
Bohemians, 0, 0, Thor, "Thursday, July 5, 2012", "First Qualifying Round"
Cliftonville, 0, 0, Kalmar FF, "Thursday, July 5, 2012", "First Qualifying Round"
St Patricks, 1, 0, IBV, "Thursday, July 5, 2012", "First Qualifying Round"
Crusaders, 0, 3, Rosenborg, "Thursday, July 5, 2012", "First Qualifying Round"
Borac Cacak, 2, 2, Celik, "Thursday, July 5, 2012", "First Qualifying Round"
FH Hafnarfjordur, 2, 1, USV Eschen/Mauren, "Thursday, July 5, 2012", "First Qualifying Round"
Shkendija 79, 0, 0, Portadown, "Tuesday, July 3, 2012", "First Qualifying Round"
Vikingur, 0, 6, Gomel, "Tuesday, July 3, 2012", "First Qualifying Round"
