home, homescore, awayscore, away, date, stage
FC Porto, 1, 0, Braga, "Wednesday, May 18, 2011", "Final"
Braga, 1, 0, Benfica, "Thursday, May 5, 2011", "Semi-finals"
Villarreal, 3, 2, FC Porto, "Thursday, May 5, 2011", "Semi-finals"
Benfica, 2, 1, Braga, "Thursday, April 28, 2011", "Semi-finals"
FC Porto, 5, 1, Villarreal, "Thursday, April 28, 2011", "Semi-finals"
Spartak Moscow, 2, 5, FC Porto, "Thursday, April 14, 2011", "Quarter-finals"
Braga, 0, 0, Dynamo Kiev, "Thursday, April 14, 2011", "Quarter-finals"
PSV Eindhoven, 2, 2, Benfica, "Thursday, April 14, 2011", "Quarter-finals"
Twente Enschede, 1, 3, Villarreal, "Thursday, April 14, 2011", "Quarter-finals"
Benfica, 4, 1, PSV Eindhoven, "Thursday, April 7, 2011", "Quarter-finals"
Dynamo Kiev, 1, 1, Braga, "Thursday, April 7, 2011", "Quarter-finals"
FC Porto, 5, 1, Spartak Moscow, "Thursday, April 7, 2011", "Quarter-finals"
Villarreal, 5, 1, Twente Enschede, "Thursday, April 7, 2011", "Quarter-finals"
Manchester City, 1, 0, Dynamo Kiev, "Thursday, March 17, 2011", "Third Round"
Paris Saint-Germain , 1, 1, Benfica, "Thursday, March 17, 2011", "Third Round"
Spartak Moscow, 3, 0, Ajax Amsterdam, "Thursday, March 17, 2011", "Third Round"
Zenit St Petersburg, 2, 0, Twente Enschede, "Thursday, March 17, 2011", "Third Round"
FC Porto, 2, 1, CSKA Moscow, "Thursday, March 17, 2011", "Third Round"
Liverpool, 0, 0, Braga, "Thursday, March 17, 2011", "Third Round"
Rangers, 0, 1, PSV Eindhoven, "Thursday, March 17, 2011", "Third Round"
Villarreal, 2, 1, Bayer Leverkusen, "Thursday, March 17, 2011", "Third Round"
Bayer Leverkusen, 2, 3, Villarreal, "Thursday, March 10, 2011", "Third Round"
Braga, 1, 0, Liverpool, "Thursday, March 10, 2011", "Third Round"
CSKA Moscow, 0, 1, FC Porto, "Thursday, March 10, 2011", "Third Round"
PSV Eindhoven, 0, 0, Rangers, "Thursday, March 10, 2011", "Third Round"
Ajax Amsterdam, 0, 1, Spartak Moscow, "Thursday, March 10, 2011", "Third Round"
Benfica, 2, 1, Paris Saint-Germain , "Thursday, March 10, 2011", "Third Round"
Dynamo Kiev, 2, 0, Manchester City, "Thursday, March 10, 2011", "Third Round"
Twente Enschede, 3, 0, Zenit St Petersburg, "Thursday, March 10, 2011", "Third Round"
Zenit St Petersburg, 3, 1, Young Boys, "Thursday, February 24, 2011", "Second Round"
Bayer Leverkusen, 2, 0, FC Metalist Kharkiv, "Thursday, February 24, 2011", "Second Round"
Liverpool, 1, 0, Sparta Prague, "Thursday, February 24, 2011", "Second Round"
PSV Eindhoven, 3, 1, Lille, "Thursday, February 24, 2011", "Second Round"
Spartak Moscow, 1, 1, FC Basel, "Thursday, February 24, 2011", "Second Round"
Sporting Lisbon, 2, 2, Rangers, "Thursday, February 24, 2011", "Second Round"
Ajax Amsterdam, 2, 0, Anderlecht, "Thursday, February 24, 2011", "Second Round"
Braga, 2, 0, Lech Poznan, "Thursday, February 24, 2011", "Second Round"
Dynamo Kiev, 4, 0, Besiktas, "Thursday, February 24, 2011", "Second Round"
Manchester City, 3, 0, Aris Salonika, "Thursday, February 24, 2011", "Second Round"
Paris Saint-Germain , 0, 0, BATE Borisov, "Thursday, February 24, 2011", "Second Round"
Twente Enschede, 2, 2, FK Rubin Kazan, "Thursday, February 24, 2011", "Second Round"
VfB Stuttgart, 0, 2, Benfica, "Thursday, February 24, 2011", "Second Round"
Villarreal, 2, 1, Napoli, "Thursday, February 24, 2011", "Second Round"
FC Porto, 0, 1, Sevilla FC, "Wednesday, February 23, 2011", "Second Round"
CSKA Moscow, 1, 1, PAOK Salonika, "Tuesday, February 22, 2011", "Second Round"
FK Rubin Kazan, 0, 2, Twente Enschede, "Thursday, February 17, 2011", "Second Round"
FC Metalist Kharkiv, 0, 4, Bayer Leverkusen, "Thursday, February 17, 2011", "Second Round"
Anderlecht, 0, 3, Ajax Amsterdam, "Thursday, February 17, 2011", "Second Round"
BATE Borisov, 2, 2, Paris Saint-Germain , "Thursday, February 17, 2011", "Second Round"
Benfica, 2, 1, VfB Stuttgart, "Thursday, February 17, 2011", "Second Round"
Besiktas, 1, 4, Dynamo Kiev, "Thursday, February 17, 2011", "Second Round"
Lech Poznan, 1, 0, Braga, "Thursday, February 17, 2011", "Second Round"
Napoli, 0, 0, Villarreal, "Thursday, February 17, 2011", "Second Round"
FC Basel, 2, 3, Spartak Moscow, "Thursday, February 17, 2011", "Second Round"
Lille, 2, 2, PSV Eindhoven, "Thursday, February 17, 2011", "Second Round"
PAOK Salonika, 0, 1, CSKA Moscow, "Thursday, February 17, 2011", "Second Round"
Rangers, 1, 1, Sporting Lisbon, "Thursday, February 17, 2011", "Second Round"
Sevilla FC, 1, 2, FC Porto, "Thursday, February 17, 2011", "Second Round"
Sparta Prague, 0, 0, Liverpool, "Thursday, February 17, 2011", "Second Round"
Young Boys, 2, 1, Zenit St Petersburg, "Thursday, February 17, 2011", "Second Round"
Aris Salonika, 0, 0, Manchester City, "Tuesday, February 15, 2011", "Second Round"
Juventus, 1, 1, Manchester City, "Thursday, December 16, 2010", " Group A"
SV Salzburg, 0, 1, Lech Poznan, "Thursday, December 16, 2010", " Group A"
Aris Salonika, 2, 0, Rosenborg, "Thursday, December 16, 2010", " Group B"
Bayer Leverkusen, 1, 1, Atletico Madrid, "Thursday, December 16, 2010", " Group B"
Levski Sofia, 1, 0, Sporting Lisbon, "Thursday, December 16, 2010", " Group C"
Lille, 3, 0, KAA Gent, "Thursday, December 16, 2010", " Group C"
AEK Athens, 0, 3, Zenit St Petersburg, "Thursday, December 16, 2010", " Group G"
Anderlecht, 2, 0, Hajduk Split, "Thursday, December 16, 2010", " Group G"
Getafe, 1, 0, Young Boys, "Thursday, December 16, 2010", " Group H"
VfB Stuttgart, 5, 1, Odense BK, "Thursday, December 16, 2010", " Group H"
Debrecen, 2, 0, Sampdoria, "Thursday, December 16, 2010", " Group I"
PSV Eindhoven, 0, 0, FC Metalist Kharkiv, "Thursday, December 16, 2010", " Group I"
Club Brugge, 1, 2, Villarreal, "Wednesday, December 15, 2010", " Group D"
Dinamo Zagreb, 0, 1, PAOK Salonika, "Wednesday, December 15, 2010", " Group D"
AZ Alkmaar, 3, 0, BATE Borisov, "Wednesday, December 15, 2010", " Group E"
Dynamo Kiev, 0, 0, Sheriff Tiraspol, "Wednesday, December 15, 2010", " Group E"
Lausanne Sports, 0, 1, Palermo, "Wednesday, December 15, 2010", " Group F"
Sparta Prague, 1, 1, CSKA Moscow, "Wednesday, December 15, 2010", " Group F"
Karpaty Lviv, 1, 1, Paris Saint-Germain , "Wednesday, December 15, 2010", " Group J"
Sevilla FC, 2, 2, Borussia Dortmund, "Wednesday, December 15, 2010", " Group J"
Liverpool, 0, 0, FC Utrecht, "Wednesday, December 15, 2010", " Group K"
Napoli, 1, 0, Steaua Bucuresti, "Wednesday, December 15, 2010", " Group K"
Besiktas, 2, 0, Rapid Vienna, "Wednesday, December 15, 2010", " Group L"
FC Porto, 3, 1, CSKA Sofia, "Wednesday, December 15, 2010", " Group L"
PAOK Salonika, 1, 1, Club Brugge, "Thursday, December 2, 2010", " Group D"
Villarreal, 3, 0, Dinamo Zagreb, "Thursday, December 2, 2010", " Group D"
BATE Borisov, 1, 4, Dynamo Kiev, "Thursday, December 2, 2010", " Group E"
Sheriff Tiraspol, 1, 1, AZ Alkmaar, "Thursday, December 2, 2010", " Group E"
CSKA Moscow, 5, 1, Lausanne Sports, "Thursday, December 2, 2010", " Group F"
Palermo, 2, 2, Sparta Prague, "Thursday, December 2, 2010", " Group F"
Borussia Dortmund, 3, 0, Karpaty Lviv, "Thursday, December 2, 2010", " Group J"
Paris Saint-Germain , 4, 2, Sevilla FC, "Thursday, December 2, 2010", " Group J"
FC Utrecht, 3, 3, Napoli, "Thursday, December 2, 2010", " Group K"
Steaua Bucuresti, 1, 1, Liverpool, "Thursday, December 2, 2010", " Group K"
CSKA Sofia, 1, 2, Besiktas, "Thursday, December 2, 2010", " Group L"
Rapid Vienna, 1, 3, FC Porto, "Thursday, December 2, 2010", " Group L"
Lech Poznan, 1, 1, Juventus, "Wednesday, December 1, 2010", " Group A"
Manchester City, 3, 0, SV Salzburg, "Wednesday, December 1, 2010", " Group A"
Atletico Madrid, 2, 3, Aris Salonika, "Wednesday, December 1, 2010", " Group B"
Rosenborg, 0, 1, Bayer Leverkusen, "Wednesday, December 1, 2010", " Group B"
KAA Gent, 1, 0, Levski Sofia, "Wednesday, December 1, 2010", " Group C"
Sporting Lisbon, 1, 0, Lille, "Wednesday, December 1, 2010", " Group C"
Hajduk Split, 1, 3, AEK Athens, "Wednesday, December 1, 2010", " Group G"
Zenit St Petersburg, 3, 1, Anderlecht, "Wednesday, December 1, 2010", " Group G"
Odense BK, 1, 1, Getafe, "Wednesday, December 1, 2010", " Group H"
Young Boys, 4, 2, VfB Stuttgart, "Wednesday, December 1, 2010", " Group H"
FC Metalist Kharkiv, 2, 1, Debrecen, "Wednesday, December 1, 2010", " Group I"
Sampdoria, 1, 2, PSV Eindhoven, "Wednesday, December 1, 2010", " Group I"
Juventus, 0, 0, SV Salzburg, "Thursday, November 4, 2010", " Group A"
Lech Poznan, 3, 1, Manchester City, "Thursday, November 4, 2010", " Group A"
Bayer Leverkusen, 1, 0, Aris Salonika, "Thursday, November 4, 2010", " Group B"
Rosenborg, 1, 2, Atletico Madrid, "Thursday, November 4, 2010", " Group B"
KAA Gent, 3, 1, Sporting Lisbon, "Thursday, November 4, 2010", " Group C"
Levski Sofia, 2, 2, Lille, "Thursday, November 4, 2010", " Group C"
Club Brugge, 0, 2, Dinamo Zagreb, "Thursday, November 4, 2010", " Group D"
PAOK Salonika, 1, 0, Villarreal, "Thursday, November 4, 2010", " Group D"
BATE Borisov, 3, 1, Sheriff Tiraspol, "Thursday, November 4, 2010", " Group E"
Dynamo Kiev, 2, 0, AZ Alkmaar, "Thursday, November 4, 2010", " Group E"
CSKA Moscow, 3, 1, Palermo, "Thursday, November 4, 2010", " Group F"
Lausanne Sports, 1, 3, Sparta Prague, "Thursday, November 4, 2010", " Group F"
AEK Athens, 1, 1, Anderlecht, "Thursday, November 4, 2010", " Group G"
Hajduk Split, 2, 3, Zenit St Petersburg, "Thursday, November 4, 2010", " Group G"
Getafe, 0, 3, VfB Stuttgart, "Thursday, November 4, 2010", " Group H"
Odense BK, 2, 0, Young Boys, "Thursday, November 4, 2010", " Group H"
PSV Eindhoven, 3, 0, Debrecen, "Thursday, November 4, 2010", " Group I"
Sampdoria, 0, 0, FC Metalist Kharkiv, "Thursday, November 4, 2010", " Group I"
Paris Saint-Germain , 0, 0, Borussia Dortmund, "Thursday, November 4, 2010", " Group J"
Sevilla FC, 4, 0, Karpaty Lviv, "Thursday, November 4, 2010", " Group J"
Liverpool, 3, 1, Napoli, "Thursday, November 4, 2010", " Group K"
Steaua Bucuresti, 3, 1, FC Utrecht, "Thursday, November 4, 2010", " Group K"
FC Porto, 1, 1, Besiktas, "Thursday, November 4, 2010", " Group L"
Rapid Vienna, 1, 2, CSKA Sofia, "Thursday, November 4, 2010", " Group L"
Manchester City, 3, 1, Lech Poznan, "Thursday, October 21, 2010", " Group A"
SV Salzburg, 1, 1, Juventus, "Thursday, October 21, 2010", " Group A"
Aris Salonika, 0, 0, Bayer Leverkusen, "Thursday, October 21, 2010", " Group B"
Atletico Madrid, 3, 0, Rosenborg, "Thursday, October 21, 2010", " Group B"
Lille, 1, 0, Levski Sofia, "Thursday, October 21, 2010", " Group C"
Sporting Lisbon, 5, 1, KAA Gent, "Thursday, October 21, 2010", " Group C"
Dinamo Zagreb, 0, 0, Club Brugge, "Thursday, October 21, 2010", " Group D"
Villarreal, 1, 0, PAOK Salonika, "Thursday, October 21, 2010", " Group D"
AZ Alkmaar, 1, 2, Dynamo Kiev, "Thursday, October 21, 2010", " Group E"
Sheriff Tiraspol, 0, 1, BATE Borisov, "Thursday, October 21, 2010", " Group E"
Palermo, 0, 3, CSKA Moscow, "Thursday, October 21, 2010", " Group F"
Sparta Prague, 3, 3, Lausanne Sports, "Thursday, October 21, 2010", " Group F"
Anderlecht, 3, 0, AEK Athens, "Thursday, October 21, 2010", " Group G"
Zenit St Petersburg, 2, 0, Hajduk Split, "Thursday, October 21, 2010", " Group G"
VfB Stuttgart, 1, 0, Getafe, "Thursday, October 21, 2010", " Group H"
Young Boys, 4, 2, Odense BK, "Thursday, October 21, 2010", " Group H"
Debrecen, 1, 2, PSV Eindhoven, "Thursday, October 21, 2010", " Group I"
FC Metalist Kharkiv, 2, 1, Sampdoria, "Thursday, October 21, 2010", " Group I"
Borussia Dortmund, 1, 1, Paris Saint-Germain , "Thursday, October 21, 2010", " Group J"
Karpaty Lviv, 0, 1, Sevilla FC, "Thursday, October 21, 2010", " Group J"
FC Utrecht, 1, 1, Steaua Bucuresti, "Thursday, October 21, 2010", " Group K"
Napoli, 0, 0, Liverpool, "Thursday, October 21, 2010", " Group K"
Besiktas, 1, 3, FC Porto, "Thursday, October 21, 2010", " Group L"
CSKA Sofia, 0, 2, Rapid Vienna, "Thursday, October 21, 2010", " Group L"
Lech Poznan, 2, 0, SV Salzburg, "Thursday, September 30, 2010", " Group A"
Manchester City, 1, 1, Juventus, "Thursday, September 30, 2010", " Group A"
Atletico Madrid, 1, 1, Bayer Leverkusen, "Thursday, September 30, 2010", " Group B"
Rosenborg, 2, 1, Aris Salonika, "Thursday, September 30, 2010", " Group B"
KAA Gent, 1, 1, Lille, "Thursday, September 30, 2010", " Group C"
Sporting Lisbon, 5, 0, Levski Sofia, "Thursday, September 30, 2010", " Group C"
PAOK Salonika, 1, 0, Dinamo Zagreb, "Thursday, September 30, 2010", " Group D"
Villarreal, 2, 1, Club Brugge, "Thursday, September 30, 2010", " Group D"
BATE Borisov, 4, 1, AZ Alkmaar, "Thursday, September 30, 2010", " Group E"
Sheriff Tiraspol, 2, 0, Dynamo Kiev, "Thursday, September 30, 2010", " Group E"
CSKA Moscow, 3, 0, Sparta Prague, "Thursday, September 30, 2010", " Group F"
Palermo, 1, 0, Lausanne Sports, "Thursday, September 30, 2010", " Group F"
Hajduk Split, 1, 0, Anderlecht, "Thursday, September 30, 2010", " Group G"
Zenit St Petersburg, 4, 2, AEK Athens, "Thursday, September 30, 2010", " Group G"
Odense BK, 1, 2, VfB Stuttgart, "Thursday, September 30, 2010", " Group H"
Young Boys, 2, 0, Getafe, "Thursday, September 30, 2010", " Group H"
FC Metalist Kharkiv, 0, 2, PSV Eindhoven, "Thursday, September 30, 2010", " Group I"
Sampdoria, 1, 0, Debrecen, "Thursday, September 30, 2010", " Group I"
Borussia Dortmund, 0, 1, Sevilla FC, "Thursday, September 30, 2010", " Group J"
Paris Saint-Germain , 2, 0, Karpaty Lviv, "Thursday, September 30, 2010", " Group J"
FC Utrecht, 0, 0, Liverpool, "Thursday, September 30, 2010", " Group K"
Steaua Bucuresti, 3, 3, Napoli, "Thursday, September 30, 2010", " Group K"
CSKA Sofia, 0, 1, FC Porto, "Thursday, September 30, 2010", " Group L"
Rapid Vienna, 1, 2, Besiktas, "Thursday, September 30, 2010", " Group L"
Juventus, 3, 3, Lech Poznan, "Thursday, September 16, 2010", " Group A"
SV Salzburg, 0, 2, Manchester City, "Thursday, September 16, 2010", " Group A"
Aris Salonika, 1, 0, Atletico Madrid, "Thursday, September 16, 2010", " Group B"
Bayer Leverkusen, 4, 0, Rosenborg, "Thursday, September 16, 2010", " Group B"
Levski Sofia, 3, 2, KAA Gent, "Thursday, September 16, 2010", " Group C"
Lille, 1, 2, Sporting Lisbon, "Thursday, September 16, 2010", " Group C"
Club Brugge, 1, 1, PAOK Salonika, "Thursday, September 16, 2010", " Group D"
Dinamo Zagreb, 2, 0, Villarreal, "Thursday, September 16, 2010", " Group D"
AZ Alkmaar, 2, 1, Sheriff Tiraspol, "Thursday, September 16, 2010", " Group E"
Dynamo Kiev, 2, 2, BATE Borisov, "Thursday, September 16, 2010", " Group E"
Lausanne Sports, 0, 3, CSKA Moscow, "Thursday, September 16, 2010", " Group F"
Sparta Prague, 3, 2, Palermo, "Thursday, September 16, 2010", " Group F"
AEK Athens, 3, 1, Hajduk Split, "Thursday, September 16, 2010", " Group G"
Anderlecht, 1, 3, Zenit St Petersburg, "Thursday, September 16, 2010", " Group G"
Getafe, 2, 1, Odense BK, "Thursday, September 16, 2010", " Group H"
VfB Stuttgart, 3, 0, Young Boys, "Thursday, September 16, 2010", " Group H"
Debrecen, 0, 5, FC Metalist Kharkiv, "Thursday, September 16, 2010", " Group I"
PSV Eindhoven, 1, 1, Sampdoria, "Thursday, September 16, 2010", " Group I"
Karpaty Lviv, 3, 4, Borussia Dortmund, "Thursday, September 16, 2010", " Group J"
Sevilla FC, 0, 1, Paris Saint-Germain , "Thursday, September 16, 2010", " Group J"
Liverpool, 4, 1, Steaua Bucuresti, "Thursday, September 16, 2010", " Group K"
Napoli, 0, 0, FC Utrecht, "Thursday, September 16, 2010", " Group K"
Besiktas, 1, 0, CSKA Sofia, "Thursday, September 16, 2010", " Group L"
FC Porto, 3, 0, Rapid Vienna, "Thursday, September 16, 2010", " Group L"
Aktobe Lento, 2, 1, AZ Alkmaar, "Thursday, August 26, 2010", "Qualifying Round"
Dinamo Minsk, 2, 3, Club Brugge, "Thursday, August 26, 2010", "Qualifying Round"
Dnepr-Transmash, 1, 2, Villarreal, "Thursday, August 26, 2010", "Qualifying Round"
FK Qarabag, 0, 1, Borussia Dortmund, "Thursday, August 26, 2010", "Qualifying Round"
Lokomotiv Moscow, 1, 1, Lausanne Sports, "Thursday, August 26, 2010", "Qualifying Round"
Maritimo, 1, 2, BATE Borisov, "Thursday, August 26, 2010", "Qualifying Round"
HJK Helsinki, 0, 4, Besiktas, "Thursday, August 26, 2010", "Qualifying Round"
Apoel Nicosia, 1, 1, Getafe, "Thursday, August 26, 2010", "Qualifying Round"
Austria Vienna, 1, 1, Aris Salonika, "Thursday, August 26, 2010", "Qualifying Round"
Brøndby, 0, 3, Sporting Lisbon, "Thursday, August 26, 2010", "Qualifying Round"
FC Metalist Kharkiv, 2, 2, Omonia Nicosia, "Thursday, August 26, 2010", "Qualifying Round"
Grasshoppers, 1, 0, Steaua Bucuresti, "Thursday, August 26, 2010", "Qualifying Round"
Levski Sofia, 2, 1, AIK, "Thursday, August 26, 2010", "Qualifying Round"
Liteks Lovetch, 1, 2, Debrecen, "Thursday, August 26, 2010", "Qualifying Round"
PSV Eindhoven, 5, 0, Sibir Novosibirsk, "Thursday, August 26, 2010", "Qualifying Round"
Trabzonspor, 1, 2, Liverpool, "Thursday, August 26, 2010", "Qualifying Round"
Unirea Urziceni, 1, 1, Hajduk Split, "Thursday, August 26, 2010", "Qualifying Round"
AEK Athens, 1, 1, Dundee United, "Thursday, August 26, 2010", "Qualifying Round"
KAA Gent, 2, 0, Feyenoord Rotterdam, "Thursday, August 26, 2010", "Qualifying Round"
Maccabi Tel-Aviv, 4, 3, Paris Saint-Germain , "Thursday, August 26, 2010", "Qualifying Round"
Tavriya Symferopol, 1, 3, Bayer Leverkusen, "Thursday, August 26, 2010", "Qualifying Round"
VfB Stuttgart, 2, 2, Slovan Bratislava, "Thursday, August 26, 2010", "Qualifying Round"
Lech Poznan, 0, 0, Dnipro Dnipropetrovsk, "Thursday, August 26, 2010", "Qualifying Round"
FC Utrecht, 4, 0, Celtic, "Thursday, August 26, 2010", "Qualifying Round"
T.N.S., 2, 2, CSKA Sofia, "Thursday, August 26, 2010", "Qualifying Round"
Aston Villa, 2, 3, Rapid Vienna, "Thursday, August 26, 2010", "Qualifying Round"
Elfsborg, 0, 2, Napoli, "Thursday, August 26, 2010", "Qualifying Round"
Fenerbahce, 1, 1, PAOK Salonika, "Thursday, August 26, 2010", "Qualifying Round"
Juventus, 1, 0, SK Sturm Graz, "Thursday, August 26, 2010", "Qualifying Round"
Karpaty Lviv, 1, 1, Galatasaray, "Thursday, August 26, 2010", "Qualifying Round"
Lille, 2, 0, FC Vaslui, "Thursday, August 26, 2010", "Qualifying Round"
Manchester City, 2, 0, FC Timisoara, "Thursday, August 26, 2010", "Qualifying Round"
Motherwell, 0, 1, Odense BK, "Thursday, August 26, 2010", "Qualifying Round"
NK Maribor, 3, 2, Palermo, "Thursday, August 26, 2010", "Qualifying Round"
Dinamo Zagreb, 2, 1, Gyor, "Thursday, August 26, 2010", "Qualifying Round"
FC Porto, 4, 2, Racing Genk, "Thursday, August 26, 2010", "Qualifying Round"
Anorthosis Famagusta, 1, 2, CSKA Moscow, "Tuesday, August 24, 2010", "Qualifying Round"
Sibir Novosibirsk, 1, 0, PSV Eindhoven, "Thursday, August 19, 2010", "Qualifying Round"
BATE Borisov, 3, 0, Maritimo, "Thursday, August 19, 2010", "Qualifying Round"
Bayer Leverkusen, 3, 0, Tavriya Symferopol, "Thursday, August 19, 2010", "Qualifying Round"
CSKA Moscow, 4, 0, Anorthosis Famagusta, "Thursday, August 19, 2010", "Qualifying Round"
Paris Saint-Germain , 2, 0, Maccabi Tel-Aviv, "Thursday, August 19, 2010", "Qualifying Round"
Rapid Vienna, 1, 1, Aston Villa, "Thursday, August 19, 2010", "Qualifying Round"
Slovan Bratislava, 0, 1, VfB Stuttgart, "Thursday, August 19, 2010", "Qualifying Round"
AIK, 0, 0, Levski Sofia, "Thursday, August 19, 2010", "Qualifying Round"
Debrecen, 2, 0, Liteks Lovetch, "Thursday, August 19, 2010", "Qualifying Round"
Dnipro Dnipropetrovsk, 0, 1, Lech Poznan, "Thursday, August 19, 2010", "Qualifying Round"
FC Vaslui, 0, 0, Lille, "Thursday, August 19, 2010", "Qualifying Round"
Omonia Nicosia, 0, 1, FC Metalist Kharkiv, "Thursday, August 19, 2010", "Qualifying Round"
Odense BK, 2, 1, Motherwell, "Thursday, August 19, 2010", "Qualifying Round"
Feyenoord Rotterdam, 1, 0, KAA Gent, "Thursday, August 19, 2010", "Qualifying Round"
Steaua Bucuresti, 1, 0, Grasshoppers, "Thursday, August 19, 2010", "Qualifying Round"
Galatasaray, 2, 2, Karpaty Lviv, "Thursday, August 19, 2010", "Qualifying Round"
Club Brugge, 2, 1, Dinamo Minsk, "Thursday, August 19, 2010", "Qualifying Round"
CSKA Sofia, 3, 0, T.N.S., "Thursday, August 19, 2010", "Qualifying Round"
Hajduk Split, 4, 1, Unirea Urziceni, "Thursday, August 19, 2010", "Qualifying Round"
Lausanne Sports, 1, 1, Lokomotiv Moscow, "Thursday, August 19, 2010", "Qualifying Round"
Palermo, 3, 0, NK Maribor, "Thursday, August 19, 2010", "Qualifying Round"
PAOK Salonika, 1, 0, Fenerbahce, "Thursday, August 19, 2010", "Qualifying Round"
Racing Genk, 0, 3, FC Porto, "Thursday, August 19, 2010", "Qualifying Round"
Celtic, 2, 0, FC Utrecht, "Thursday, August 19, 2010", "Qualifying Round"
Liverpool, 1, 0, Trabzonspor, "Thursday, August 19, 2010", "Qualifying Round"
AZ Alkmaar, 2, 0, Aktobe Lento, "Thursday, August 19, 2010", "Qualifying Round"
Dundee United, 0, 1, AEK Athens, "Thursday, August 19, 2010", "Qualifying Round"
FC Timisoara, 0, 1, Manchester City, "Thursday, August 19, 2010", "Qualifying Round"
Getafe, 1, 0, Apoel Nicosia, "Thursday, August 19, 2010", "Qualifying Round"
Gyor, 0, 2, Dinamo Zagreb, "Thursday, August 19, 2010", "Qualifying Round"
Napoli, 1, 0, Elfsborg, "Thursday, August 19, 2010", "Qualifying Round"
Borussia Dortmund, 4, 0, FK Qarabag, "Thursday, August 19, 2010", "Qualifying Round"
SK Sturm Graz, 1, 2, Juventus, "Thursday, August 19, 2010", "Qualifying Round"
Sporting Lisbon, 0, 2, Brøndby, "Thursday, August 19, 2010", "Qualifying Round"
Villarreal, 5, 0, Dnepr-Transmash, "Thursday, August 19, 2010", "Qualifying Round"
Aris Salonika, 1, 0, Austria Vienna, "Tuesday, August 17, 2010", "Qualifying Round"
Besiktas, 2, 0, HJK Helsinki, "Tuesday, August 17, 2010", "Qualifying Round"
OFK Belgrade, 1, 5, Galatasaray, "Thursday, August 5, 2010", "Qualifying Round"
Teteks, 1, 2, Elfsborg, "Thursday, August 5, 2010", "Qualifying Round"
Banik Ostrava, 1, 2, Dnepr-Transmash, "Thursday, August 5, 2010", "Qualifying Round"
Dinamo Minsk, 3, 1, Maccabi Haifa, "Thursday, August 5, 2010", "Qualifying Round"
FC Zestafoni, 0, 1, Karpaty Lviv, "Thursday, August 5, 2010", "Qualifying Round"
FK Qarabag, 3, 2, Wisla Krakow, "Thursday, August 5, 2010", "Qualifying Round"
Dinamo Tbilisi, 1, 1, SK Sturm Graz, "Thursday, August 5, 2010", "Qualifying Round"
Anorthosis Famagusta, 3, 1, Cercle Brugge KSV, "Thursday, August 5, 2010", "Qualifying Round"
Apollon Limassol, 2, 1, Sibir Novosibirsk, "Thursday, August 5, 2010", "Qualifying Round"
Dnipro Dnipropetrovsk, 2, 0, Spartak, "Thursday, August 5, 2010", "Qualifying Round"
IFK, 1, 0, AZ Alkmaar, "Thursday, August 5, 2010", "Qualifying Round"
Brøndby, 1, 0, Buducnost Podgorica, "Thursday, August 5, 2010", "Qualifying Round"
FC Timisoara, 3, 3, MyPa, "Thursday, August 5, 2010", "Qualifying Round"
Lausanne Sports, 1, 1, Randers FC, "Thursday, August 5, 2010", "Qualifying Round"
Aris Salonika, 2, 2, Jagiellonia Bialystock, "Thursday, August 5, 2010", "Qualifying Round"
Levski Sofia, 5, 2, Kalmar FF, "Thursday, August 5, 2010", "Qualifying Round"
Lucerne, 1, 3, FC Utrecht, "Thursday, August 5, 2010", "Qualifying Round"
Besiktas, 3, 0, Viktoria Plzen, "Thursday, August 5, 2010", "Qualifying Round"
Jablonec, 1, 3, Apoel Nicosia, "Thursday, August 5, 2010", "Qualifying Round"
Maccabi Tel-Aviv, 1, 0, Olympiakos, "Thursday, August 5, 2010", "Qualifying Round"
Racing Genk, 3, 2, FC Inter, "Thursday, August 5, 2010", "Qualifying Round"
Austria Vienna, 3, 0, Ruch Chorzow, "Thursday, August 5, 2010", "Qualifying Round"
Bangor City, 1, 2, Maritimo, "Thursday, August 5, 2010", "Qualifying Round"
Hajduk Split, 3, 0, Dinamo Bucuresti, "Thursday, August 5, 2010", "Qualifying Round"
Slovan Bratislava, 1, 1, Crvena Zvezda, "Thursday, August 5, 2010", "Qualifying Round"
VfB Stuttgart, 2, 2, Molde, "Thursday, August 5, 2010", "Qualifying Round"
Cliftonville, 1, 2, CSKA Sofia, "Thursday, August 5, 2010", "Qualifying Round"
Hibernian, 2, 3, NK Maribor, "Thursday, August 5, 2010", "Qualifying Round"
Juventus, 1, 0, Shamrock, "Thursday, August 5, 2010", "Qualifying Round"
Liverpool, 2, 0, Rabotnicki Kometal, "Thursday, August 5, 2010", "Qualifying Round"
Montpellier, 0, 1, Gyor, "Thursday, August 5, 2010", "Qualifying Round"
Motherwell, 3, 0, Aalesund, "Thursday, August 5, 2010", "Qualifying Round"
Zrinjski Mostar, 0, 0, Odense BK, "Thursday, August 5, 2010", "Qualifying Round"
Sporting Lisbon, 2, 1, FC Nordsjaelland, "Thursday, August 5, 2010", "Qualifying Round"
Rapid Vienna, 3, 0, Beroe, "Tuesday, August 3, 2010", "Qualifying Round"
Sibir Novosibirsk, 1, 0, Apollon Limassol, "Thursday, July 29, 2010", "Qualifying Round"
Spartak, 2, 1, Dnipro Dnipropetrovsk, "Thursday, July 29, 2010", "Qualifying Round"
Beroe, 1, 1, Rapid Vienna, "Thursday, July 29, 2010", "Qualifying Round"
Dnepr-Transmash, 1, 0, Banik Ostrava, "Thursday, July 29, 2010", "Qualifying Round"
FC Inter, 1, 5, Racing Genk, "Thursday, July 29, 2010", "Qualifying Round"
MyPa, 1, 2, FC Timisoara, "Thursday, July 29, 2010", "Qualifying Round"
Ruch Chorzow, 1, 3, Austria Vienna, "Thursday, July 29, 2010", "Qualifying Round"
Karpaty Lviv, 1, 0, FC Zestafoni, "Thursday, July 29, 2010", "Qualifying Round"
Elfsborg, 5, 0, Teteks, "Thursday, July 29, 2010", "Qualifying Round"
Molde, 2, 3, VfB Stuttgart, "Thursday, July 29, 2010", "Qualifying Round"
FC Utrecht, 1, 0, Lucerne, "Thursday, July 29, 2010", "Qualifying Round"
Aalesund, 1, 1, Motherwell, "Thursday, July 29, 2010", "Qualifying Round"
Apoel Nicosia, 1, 0, Jablonec, "Thursday, July 29, 2010", "Qualifying Round"
Randers FC, 2, 3, Lausanne Sports, "Thursday, July 29, 2010", "Qualifying Round"
Odense BK, 5, 3, Zrinjski Mostar, "Thursday, July 29, 2010", "Qualifying Round"
Kalmar FF, 1, 1, Levski Sofia, "Thursday, July 29, 2010", "Qualifying Round"
Maccabi Haifa, 1, 0, Dinamo Minsk, "Thursday, July 29, 2010", "Qualifying Round"
Cercle Brugge KSV, 1, 0, Anorthosis Famagusta, "Thursday, July 29, 2010", "Qualifying Round"
Dinamo Bucuresti, 3, 1, Hajduk Split, "Thursday, July 29, 2010", "Qualifying Round"
Galatasaray, 2, 2, OFK Belgrade, "Thursday, July 29, 2010", "Qualifying Round"
Wisla Krakow, 0, 1, FK Qarabag, "Thursday, July 29, 2010", "Qualifying Round"
Crvena Zvezda, 1, 2, Slovan Bratislava, "Thursday, July 29, 2010", "Qualifying Round"
FC Nordsjaelland, 0, 1, Sporting Lisbon, "Thursday, July 29, 2010", "Qualifying Round"
Gyor, 0, 1, Montpellier, "Thursday, July 29, 2010", "Qualifying Round"
NK Maribor, 3, 0, Hibernian, "Thursday, July 29, 2010", "Qualifying Round"
Olympiakos, 2, 1, Maccabi Tel-Aviv, "Thursday, July 29, 2010", "Qualifying Round"
SK Sturm Graz, 2, 0, Dinamo Tbilisi, "Thursday, July 29, 2010", "Qualifying Round"
Viktoria Plzen, 1, 1, Besiktas, "Thursday, July 29, 2010", "Qualifying Round"
AZ Alkmaar, 2, 0, IFK, "Thursday, July 29, 2010", "Qualifying Round"
Jagiellonia Bialystock, 1, 2, Aris Salonika, "Thursday, July 29, 2010", "Qualifying Round"
Maritimo, 8, 2, Bangor City, "Thursday, July 29, 2010", "Qualifying Round"
Rabotnicki Kometal, 0, 2, Liverpool, "Thursday, July 29, 2010", "Qualifying Round"
Shamrock, 0, 2, Juventus, "Thursday, July 29, 2010", "Qualifying Round"
Buducnost Podgorica, 1, 2, Brøndby, "Thursday, July 29, 2010", "Qualifying Round"
CSKA Sofia, 3, 0, Cliftonville, "Tuesday, July 27, 2010", "Qualifying Round"
Mika Ashtarak, 0, 0, Rabotnicki Kometal, "Thursday, July 22, 2010", "Qualifying Round"
Teteks, 3, 1, FK Ventspils, "Thursday, July 22, 2010", "Qualifying Round"
Dukla Banska Bistryka, 1, 0, FC Zestafoni, "Thursday, July 22, 2010", "Qualifying Round"
Torpedo Zhodino, 0, 1, OFK Belgrade, "Thursday, July 22, 2010", "Qualifying Round"
Mogren, 2, 1, Maccabi Tel-Aviv, "Thursday, July 22, 2010", "Qualifying Round"
Spartak, 2, 0, FC 03 Differdange, "Thursday, July 22, 2010", "Qualifying Round"
Banik Ostrava, 0, 0, Wit Georgia Tbilisi, "Thursday, July 22, 2010", "Qualifying Round"
Dinamo Tbilisi, 2, 1, Gefle IF, "Thursday, July 22, 2010", "Qualifying Round"
Dnepr-Transmash, 1, 1, Stabaek, "Thursday, July 22, 2010", "Qualifying Round"
FK Jelgava, 2, 1, Molde, "Thursday, July 22, 2010", "Qualifying Round"
FK Qarabag, 1, 1, Portadown, "Thursday, July 22, 2010", "Qualifying Round"
HNK Sibenik, 0, 3, Anorthosis Famagusta, "Thursday, July 22, 2010", "Qualifying Round"
Kalev Sillamae, 0, 5, Dinamo Minsk, "Thursday, July 22, 2010", "Qualifying Round"
Siroki Brijeg, 0, 1, Austria Vienna, "Thursday, July 22, 2010", "Qualifying Round"
TPS, 1, 2, Cercle Brugge KSV, "Thursday, July 22, 2010", "Qualifying Round"
Karpaty Lviv, 3, 2, KR Reykjavik, "Thursday, July 22, 2010", "Qualifying Round"
FC Dacia, 0, 2, Kalmar FF, "Thursday, July 22, 2010", "Qualifying Round"
UE Sant Julia, 0, 5, MyPa, "Thursday, July 22, 2010", "Qualifying Round"
Apoel Nicosia, 3, 1, FC Tauras, "Thursday, July 22, 2010", "Qualifying Round"
FC Iskra-Stal, 0, 1, Elfsborg, "Thursday, July 22, 2010", "Qualifying Round"
Randers FC, 1, 1, HIT Gorica, "Thursday, July 22, 2010", "Qualifying Round"
Bnei Yehuda, 0, 1, Shamrock, "Thursday, July 22, 2010", "Qualifying Round"
SK Tirana, 1, 1, FC Utrecht, "Thursday, July 22, 2010", "Qualifying Round"
Dinamo Bucuresti, 5, 1, FC Olimpia, "Thursday, July 22, 2010", "Qualifying Round"
Dundalk, 0, 2, Levski Sofia, "Thursday, July 22, 2010", "Qualifying Round"
FC Vaduz, 0, 0, Brøndby, "Thursday, July 22, 2010", "Qualifying Round"
Ruch Chorzow, 0, 0, Valletta, "Thursday, July 22, 2010", "Qualifying Round"
Vikingur, 0, 4, Besiktas, "Thursday, July 22, 2010", "Qualifying Round"
Wisla Krakow, 5, 0, FK Siauliai, "Thursday, July 22, 2010", "Qualifying Round"
Bangor City, 2, 1, FC Honka, "Thursday, July 22, 2010", "Qualifying Round"
Gyor, 2, 0, FK Atyrau, "Thursday, July 22, 2010", "Qualifying Round"
NK Maribor, 2, 0, Videoton FC Fehervar, "Thursday, July 22, 2010", "Qualifying Round"
Olympiakos, 6, 1, Besa, "Thursday, July 22, 2010", "Qualifying Round"
Rapid Vienna, 4, 2, FK Suduva, "Thursday, July 22, 2010", "Qualifying Round"
Tre Penne, 2, 9, Zrinjski Mostar, "Thursday, July 22, 2010", "Qualifying Round"
Borac Cacak, 1, 1, Lausanne Sports, "Thursday, July 22, 2010", "Qualifying Round"
HNK Cibalia, 0, 0, Cliftonville, "Thursday, July 22, 2010", "Qualifying Round"
Sporting Fingal, 2, 3, Maritimo, "Thursday, July 22, 2010", "Qualifying Round"
Buducnost Podgorica, 1, 2, FK Baku, "Thursday, July 22, 2010", "Qualifying Round"
Breidablik, 0, 1, Motherwell, "Thursday, July 22, 2010", "Qualifying Round"
FK Atyrau, 0, 2, Gyor, "Thursday, July 15, 2010", "Qualifying Round"
Wit Georgia Tbilisi, 0, 6, Banik Ostrava, "Thursday, July 15, 2010", "Qualifying Round"
FC Tauras, 0, 3, Apoel Nicosia, "Thursday, July 15, 2010", "Qualifying Round"
Rabotnicki Kometal, 1, 0, Mika Ashtarak, "Thursday, July 15, 2010", "Qualifying Round"
Valletta, 1, 1, Ruch Chorzow, "Thursday, July 15, 2010", "Qualifying Round"
OFK Belgrade, 2, 2, Torpedo Zhodino, "Thursday, July 15, 2010", "Qualifying Round"
Austria Vienna, 2, 2, Siroki Brijeg, "Thursday, July 15, 2010", "Qualifying Round"
Dinamo Minsk, 5, 1, Kalev Sillamae, "Thursday, July 15, 2010", "Qualifying Round"
Elfsborg, 2, 1, FC Iskra-Stal, "Thursday, July 15, 2010", "Qualifying Round"
FC Honka, 1, 1, Bangor City, "Thursday, July 15, 2010", "Qualifying Round"
FC Olimpia, 0, 2, Dinamo Bucuresti, "Thursday, July 15, 2010", "Qualifying Round"
FC Zestafoni, 3, 0, Dukla Banska Bistryka, "Thursday, July 15, 2010", "Qualifying Round"
FK Baku, 2, 1, Buducnost Podgorica, "Thursday, July 15, 2010", "Qualifying Round"
FK Ventspils, 0, 0, Teteks, "Thursday, July 15, 2010", "Qualifying Round"
HIT Gorica, 0, 3, Randers FC, "Thursday, July 15, 2010", "Qualifying Round"
MyPa, 3, 0, UE Sant Julia, "Thursday, July 15, 2010", "Qualifying Round"
Anorthosis Famagusta, 0, 2, HNK Sibenik, "Thursday, July 15, 2010", "Qualifying Round"
Gefle IF, 1, 2, Dinamo Tbilisi, "Thursday, July 15, 2010", "Qualifying Round"
Molde, 1, 0, FK Jelgava, "Thursday, July 15, 2010", "Qualifying Round"
Stabaek, 2, 2, Dnepr-Transmash, "Thursday, July 15, 2010", "Qualifying Round"
FC 03 Differdange, 3, 3, Spartak, "Thursday, July 15, 2010", "Qualifying Round"
Kalmar FF, 0, 0, FC Dacia, "Thursday, July 15, 2010", "Qualifying Round"
Lausanne Sports, 1, 0, Borac Cacak, "Thursday, July 15, 2010", "Qualifying Round"
Cercle Brugge KSV, 0, 1, TPS, "Thursday, July 15, 2010", "Qualifying Round"
Levski Sofia, 6, 0, Dundalk, "Thursday, July 15, 2010", "Qualifying Round"
Besiktas, 3, 0, Vikingur, "Thursday, July 15, 2010", "Qualifying Round"
Brøndby, 3, 0, FC Vaduz, "Thursday, July 15, 2010", "Qualifying Round"
FC Utrecht, 4, 0, SK Tirana, "Thursday, July 15, 2010", "Qualifying Round"
FK Siauliai, 0, 2, Wisla Krakow, "Thursday, July 15, 2010", "Qualifying Round"
Maccabi Tel-Aviv, 2, 0, Mogren, "Thursday, July 15, 2010", "Qualifying Round"
Zrinjski Mostar, 4, 1, Tre Penne, "Thursday, July 15, 2010", "Qualifying Round"
FK Suduva, 0, 2, Rapid Vienna, "Thursday, July 15, 2010", "Qualifying Round"
Besa, 0, 5, Olympiakos, "Thursday, July 15, 2010", "Qualifying Round"
Videoton FC Fehervar, 1, 1, NK Maribor, "Thursday, July 15, 2010", "Qualifying Round"
Cliftonville, 1, 0, HNK Cibalia, "Thursday, July 15, 2010", "Qualifying Round"
Maritimo, 3, 2, Sporting Fingal, "Thursday, July 15, 2010", "Qualifying Round"
Motherwell, 1, 0, Breidablik, "Thursday, July 15, 2010", "Qualifying Round"
Portadown, 1, 2, FK Qarabag, "Thursday, July 15, 2010", "Qualifying Round"
Shamrock, 1, 1, Bnei Yehuda, "Thursday, July 15, 2010", "Qualifying Round"
KR Reykjavik, 0, 3, Karpaty Lviv, "Thursday, July 15, 2010", "Qualifying Round"
Banants, 0, 1, Anorthosis Famagusta, "Thursday, July 8, 2010", "Qualifying Round"
FC Tauras, 3, 2, Llanelli, "Thursday, July 8, 2010", "Qualifying Round"
Metalurg, 1, 1, FK Qarabag, "Thursday, July 8, 2010", "Qualifying Round"
Sliema Wanderers, 0, 3, HNK Sibenik, "Thursday, July 8, 2010", "Qualifying Round"
FC Flora Tallin, 0, 0, Dinamo Tbilisi, "Thursday, July 8, 2010", "Qualifying Round"
Bnei Yehuda, 1, 0, Uliss Yerevan, "Thursday, July 8, 2010", "Qualifying Round"
Dnepr-Transmash, 7, 1, Laci, "Thursday, July 8, 2010", "Qualifying Round"
Khazar Lenkoran, 1, 1, FC Olimpia, "Thursday, July 8, 2010", "Qualifying Round"
MyPa, 5, 0, Trans Narva, "Thursday, July 8, 2010", "Qualifying Round"
Skonto Riga, 0, 1, Portadown, "Thursday, July 8, 2010", "Qualifying Round"
F91 Dudelange, 2, 1, Randers FC, "Thursday, July 8, 2010", "Qualifying Round"
FC Dacia, 0, 0, Zeta, "Thursday, July 8, 2010", "Qualifying Round"
Gyor, 3, 1, Nitra, "Thursday, July 8, 2010", "Qualifying Round"
Gefle IF, 2, 1, NSI Runavik, "Thursday, July 8, 2010", "Qualifying Round"
Zalaegerszeg, 0, 1, SK Tirana, "Thursday, July 8, 2010", "Qualifying Round"
Lusitanos, 0, 6, Rabotnicki Kometal, "Thursday, July 8, 2010", "Qualifying Round"
Port Talbot, 0, 4, TPS, "Thursday, July 8, 2010", "Qualifying Round"
Mogren, 2, 0, Santa Coloma, "Thursday, July 8, 2010", "Qualifying Round"
Zrinjski Mostar, 2, 1, Tobol Kostanay, "Thursday, July 8, 2010", "Qualifying Round"
Dundalk, 2, 1, CS Grevenmacher, "Thursday, July 8, 2010", "Qualifying Round"
EB Streymur, 0, 3, Kalmar FF, "Thursday, July 8, 2010", "Qualifying Round"
Faetano, 0, 0, FC Zestafoni, "Thursday, July 8, 2010", "Qualifying Round"
Glentoran, 2, 2, KR Reykjavik, "Thursday, July 8, 2010", "Qualifying Round"
Ruch Chorzow, 1, 0, Shakhter Karagandy, "Thursday, July 8, 2010", "Qualifying Round"
Siroki Brijeg, 3, 0, Olimpija Ljubljana, "Thursday, July 8, 2010", "Qualifying Round"
Fylkir, 1, 3, Torpedo Zhodino, "Thursday, July 8, 2010", "Qualifying Round"
Dinamo Tbilisi, 2, 1, FC Flora Tallin, "Thursday, July 1, 2010", "Qualifying Round"
Uliss Yerevan, 0, 0, Bnei Yehuda, "Thursday, July 1, 2010", "Qualifying Round"
Laci, 1, 1, Dnepr-Transmash, "Thursday, July 1, 2010", "Qualifying Round"
Rabotnicki Kometal, 5, 0, Lusitanos, "Thursday, July 1, 2010", "Qualifying Round"
Shakhter Karagandy, 1, 2, Ruch Chorzow, "Thursday, July 1, 2010", "Qualifying Round"
Tobol Kostanay, 1, 2, Zrinjski Mostar, "Thursday, July 1, 2010", "Qualifying Round"
Trans Narva, 0, 2, MyPa, "Thursday, July 1, 2010", "Qualifying Round"
SK Tirana, 0, 0, Zalaegerszeg, "Thursday, July 1, 2010", "Qualifying Round"
Torpedo Zhodino, 3, 0, Fylkir, "Thursday, July 1, 2010", "Qualifying Round"
Zeta, 1, 1, FC Dacia, "Thursday, July 1, 2010", "Qualifying Round"
FC Olimpia, 0, 0, Khazar Lenkoran, "Thursday, July 1, 2010", "Qualifying Round"
FC Zestafoni, 5, 0, Faetano, "Thursday, July 1, 2010", "Qualifying Round"
FK Qarabag, 4, 1, Metalurg, "Thursday, July 1, 2010", "Qualifying Round"
Nitra, 2, 2, Gyor, "Thursday, July 1, 2010", "Qualifying Round"
TPS, 3, 1, Port Talbot, "Thursday, July 1, 2010", "Qualifying Round"
Anorthosis Famagusta, 3, 0, Banants, "Thursday, July 1, 2010", "Qualifying Round"
Randers FC, 6, 1, F91 Dudelange, "Thursday, July 1, 2010", "Qualifying Round"
Santa Coloma, 0, 3, Mogren, "Thursday, July 1, 2010", "Qualifying Round"
KR Reykjavik, 3, 0, Glentoran, "Thursday, July 1, 2010", "Qualifying Round"
CS Grevenmacher, 3, 3, Dundalk, "Thursday, July 1, 2010", "Qualifying Round"
Portadown, 1, 1, Skonto Riga, "Thursday, July 1, 2010", "Qualifying Round"
NSI Runavik, 0, 2, Gefle IF, "Thursday, July 1, 2010", "Qualifying Round"
Llanelli, 2, 2, FC Tauras, "Thursday, July 1, 2010", "Qualifying Round"
Olimpija Ljubljana, 0, 2, Siroki Brijeg, "Thursday, July 1, 2010", "Qualifying Round"
Kalmar FF, 1, 0, EB Streymur, "Thursday, July 1, 2010", "Qualifying Round"
HNK Sibenik, 0, 0, Sliema Wanderers, "Thursday, July 1, 2010", "Qualifying Round"
