home,homescore,awayscore,away,date,group
Anzhi Makhachkala,0,0,AZ Alkmaar,"Thursday, March 20, 2014","Third Round"
Benfica,2,2,Tottenham Hotspur,"Thursday, March 20, 2014","Third Round"
Fiorentina,0,1,Juventus,"Thursday, March 20, 2014","Third Round"
Valencia,1,0,Ludogorets Razgrad,"Thursday, March 20, 2014","Third Round"
Viktoria Plzen,2,1,Lyon,"Thursday, March 20, 2014","Third Round"
Napoli,2,2,FC Porto,"Thursday, March 20, 2014","Third Round"
Real Betis,0,2,Sevilla FC,"Thursday, March 20, 2014","Third Round"
SV Salzburg,1,2,FC Basel,"Thursday, March 20, 2014","Third Round"
FC Basel,0,0,SV Salzburg,"Thursday, March 13, 2014","Third Round"
FC Porto,1,0,Napoli,"Thursday, March 13, 2014","Third Round"
Ludogorets Razgrad,0,3,Valencia,"Thursday, March 13, 2014","Third Round"
AZ Alkmaar,1,0,Anzhi Makhachkala,"Thursday, March 13, 2014","Third Round"
Juventus,1,1,Fiorentina,"Thursday, March 13, 2014","Third Round"
Lyon,4,1,Viktoria Plzen,"Thursday, March 13, 2014","Third Round"
Sevilla FC,0,2,Real Betis,"Thursday, March 13, 2014","Third Round"
Tottenham Hotspur,1,3,Benfica,"Thursday, March 13, 2014","Third Round"
FK Rubin Kazan,0,2,Real Betis,"Thursday, February 27, 2014","Second Round"
Eintracht Frankfurt,3,3,FC Porto,"Thursday, February 27, 2014","Second Round"
FC Basel,3,0,Maccabi Tel-Aviv,"Thursday, February 27, 2014","Second Round"
Ludogorets Razgrad,3,3,Lazio,"Thursday, February 27, 2014","Second Round"
Napoli,3,1,Swansea City,"Thursday, February 27, 2014","Second Round"
Sevilla FC,2,1,NK Maribor,"Thursday, February 27, 2014","Second Round"
Shakhtar Donetsk,1,2,Viktoria Plzen,"Thursday, February 27, 2014","Second Round"
SV Salzburg,3,1,Ajax Amsterdam,"Thursday, February 27, 2014","Second Round"
AZ Alkmaar,1,1,Liberec,"Thursday, February 27, 2014","Second Round"
Benfica,3,0,PAOK Salonika,"Thursday, February 27, 2014","Second Round"
Fiorentina,1,1,Esbjerg,"Thursday, February 27, 2014","Second Round"
Lyon,1,0,Chornomorets,"Thursday, February 27, 2014","Second Round"
Racing Genk,0,2,Anzhi Makhachkala,"Thursday, February 27, 2014","Second Round"
Tottenham Hotspur,3,1,Dnipro Dnipropetrovsk,"Thursday, February 27, 2014","Second Round"
Trabzonspor,0,2,Juventus,"Thursday, February 27, 2014","Second Round"
Valencia,0,0,Dynamo Kiev,"Thursday, February 27, 2014","Second Round"
Anzhi Makhachkala,0,0,Racing Genk,"Thursday, February 20, 2014","Second Round"
Chornomorets,0,0,Lyon,"Thursday, February 20, 2014","Second Round"
Dnipro Dnipropetrovsk,1,0,Tottenham Hotspur,"Thursday, February 20, 2014","Second Round"
Dynamo Kiev,0,2,Valencia,"Thursday, February 20, 2014","Second Round"
Esbjerg,1,3,Fiorentina,"Thursday, February 20, 2014","Second Round"
Juventus,2,0,Trabzonspor,"Thursday, February 20, 2014","Second Round"
Liberec,0,1,AZ Alkmaar,"Thursday, February 20, 2014","Second Round"
PAOK Salonika,0,1,Benfica,"Thursday, February 20, 2014","Second Round"
Ajax Amsterdam,0,3,SV Salzburg,"Thursday, February 20, 2014","Second Round"
FC Porto,2,2,Eintracht Frankfurt,"Thursday, February 20, 2014","Second Round"
Lazio,0,1,Ludogorets Razgrad,"Thursday, February 20, 2014","Second Round"
Maccabi Tel-Aviv,0,0,FC Basel,"Thursday, February 20, 2014","Second Round"
NK Maribor,2,2,Sevilla FC,"Thursday, February 20, 2014","Second Round"
Real Betis,1,1,FK Rubin Kazan,"Thursday, February 20, 2014","Second Round"
Swansea City,0,0,Napoli,"Thursday, February 20, 2014","Second Round"
Viktoria Plzen,1,1,Shakhtar Donetsk,"Thursday, February 20, 2014","Second Round"
St Gallen,1,0,Swansea City,"Thursday, December 12, 2013"," Group A"
Valencia,1,1,Kuban Krasnodar,"Thursday, December 12, 2013"," Group A"
Dinamo Zagreb,1,2,Ludogorets Razgrad,"Thursday, December 12, 2013"," Group B"
PSV Eindhoven,0,1,Chornomorets,"Thursday, December 12, 2013"," Group B"
Standard Liege,1,3,Elfsborg,"Thursday, December 12, 2013"," Group C"
SV Salzburg,3,0,Esbjerg,"Thursday, December 12, 2013"," Group C"
NK Maribor,2,1,Wigan Athletic,"Thursday, December 12, 2013"," Group D"
Zulte-Waregem,0,2,FK Rubin Kazan,"Thursday, December 12, 2013"," Group D"
Fiorentina,2,1,Dnipro Dnipropetrovsk,"Thursday, December 12, 2013"," Group E"
Pandurii Targu-Jiu,0,0,Paços de Ferreira,"Thursday, December 12, 2013"," Group E"
Eintracht Frankfurt,2,0,Apoel Nicosia,"Thursday, December 12, 2013"," Group F"
Maccabi Tel-Aviv,1,0,Bordeaux,"Thursday, December 12, 2013"," Group F"
Dynamo Kiev,3,1,Rapid Vienna,"Thursday, December 12, 2013"," Group G"
FC Thun,0,1,Racing Genk,"Thursday, December 12, 2013"," Group G"
Estoril,1,2,Liberec,"Thursday, December 12, 2013"," Group H"
SC Freiburg,0,2,Sevilla FC,"Thursday, December 12, 2013"," Group H"
Guimaraes,1,2,Lyon,"Thursday, December 12, 2013"," Group I"
Real Betis,0,0,Rijeka,"Thursday, December 12, 2013"," Group I"
Apollon Limassol,0,2,Legia Warsaw,"Thursday, December 12, 2013"," Group J"
Lazio,0,0,Trabzonspor,"Thursday, December 12, 2013"," Group J"
Sheriff Tiraspol,2,0,Tromso,"Thursday, December 12, 2013"," Group K"
Tottenham Hotspur,4,1,Anzhi Makhachkala,"Thursday, December 12, 2013"," Group K"
Maccabi Haifa,2,1,Shakhter Karagandy,"Thursday, December 12, 2013"," Group L"
PAOK Salonika,2,2,AZ Alkmaar,"Thursday, December 12, 2013"," Group L"
Kuban Krasnodar,4,0,St Gallen,"Thursday, November 28, 2013"," Group A"
Swansea City,0,1,Valencia,"Thursday, November 28, 2013"," Group A"
Chornomorets,2,1,Dinamo Zagreb,"Thursday, November 28, 2013"," Group B"
Ludogorets Razgrad,2,0,PSV Eindhoven,"Thursday, November 28, 2013"," Group B"
Elfsborg,0,1,SV Salzburg,"Thursday, November 28, 2013"," Group C"
Esbjerg,2,1,Standard Liege,"Thursday, November 28, 2013"," Group C"
FK Rubin Kazan,1,1,NK Maribor,"Thursday, November 28, 2013"," Group D"
Wigan Athletic,1,2,Zulte-Waregem,"Thursday, November 28, 2013"," Group D"
Dnipro Dnipropetrovsk,4,1,Pandurii Targu-Jiu,"Thursday, November 28, 2013"," Group E"
Paços de Ferreira,0,0,Fiorentina,"Thursday, November 28, 2013"," Group E"
Apoel Nicosia,0,0,Maccabi Tel-Aviv,"Thursday, November 28, 2013"," Group F"
Bordeaux,0,1,Eintracht Frankfurt,"Thursday, November 28, 2013"," Group F"
Racing Genk,3,1,Dynamo Kiev,"Thursday, November 28, 2013"," Group G"
Rapid Vienna,2,1,FC Thun,"Thursday, November 28, 2013"," Group G"
Liberec,1,2,SC Freiburg,"Thursday, November 28, 2013"," Group H"
Sevilla FC,1,1,Estoril,"Thursday, November 28, 2013"," Group H"
Lyon,1,0,Real Betis,"Thursday, November 28, 2013"," Group I"
Rijeka,0,0,Guimaraes,"Thursday, November 28, 2013"," Group I"
Legia Warsaw,0,2,Lazio,"Thursday, November 28, 2013"," Group J"
Trabzonspor,4,2,Apollon Limassol,"Thursday, November 28, 2013"," Group J"
Anzhi Makhachkala,1,1,Sheriff Tiraspol,"Thursday, November 28, 2013"," Group K"
Tromso,0,2,Tottenham Hotspur,"Thursday, November 28, 2013"," Group K"
Shakhter Karagandy,0,2,PAOK Salonika,"Thursday, November 28, 2013"," Group L"
AZ Alkmaar,2,0,Maccabi Haifa,"Thursday, November 28, 2013"," Group L"
Kuban Krasnodar,1,1,Swansea City,"Thursday, November 7, 2013"," Group A"
St Gallen,2,3,Valencia,"Thursday, November 7, 2013"," Group A"
Ludogorets Razgrad,1,1,Chornomorets,"Thursday, November 7, 2013"," Group B"
PSV Eindhoven,2,0,Dinamo Zagreb,"Thursday, November 7, 2013"," Group B"
Esbjerg,1,0,Elfsborg,"Thursday, November 7, 2013"," Group C"
Standard Liege,1,3,SV Salzburg,"Thursday, November 7, 2013"," Group C"
FK Rubin Kazan,1,0,Wigan Athletic,"Thursday, November 7, 2013"," Group D"
NK Maribor,0,1,Zulte-Waregem,"Thursday, November 7, 2013"," Group D"
Dnipro Dnipropetrovsk,2,0,Paços de Ferreira,"Thursday, November 7, 2013"," Group E"
Pandurii Targu-Jiu,1,2,Fiorentina,"Thursday, November 7, 2013"," Group E"
Apoel Nicosia,2,1,Bordeaux,"Thursday, November 7, 2013"," Group F"
Maccabi Tel-Aviv,4,2,Eintracht Frankfurt,"Thursday, November 7, 2013"," Group F"
FC Thun,0,2,Dynamo Kiev,"Thursday, November 7, 2013"," Group G"
Rapid Vienna,2,2,Racing Genk,"Thursday, November 7, 2013"," Group G"
Estoril,0,0,SC Freiburg,"Thursday, November 7, 2013"," Group H"
Sevilla FC,1,1,Liberec,"Thursday, November 7, 2013"," Group H"
Guimaraes,0,1,Real Betis,"Thursday, November 7, 2013"," Group I"
Rijeka,1,1,Lyon,"Thursday, November 7, 2013"," Group I"
Lazio,2,1,Apollon Limassol,"Thursday, November 7, 2013"," Group J"
Legia Warsaw,0,2,Trabzonspor,"Thursday, November 7, 2013"," Group J"
Tottenham Hotspur,2,1,Sheriff Tiraspol,"Thursday, November 7, 2013"," Group K"
Tromso,0,1,Anzhi Makhachkala,"Thursday, November 7, 2013"," Group K"
AZ Alkmaar,1,0,Shakhter Karagandy,"Thursday, November 7, 2013"," Group L"
Maccabi Haifa,0,0,PAOK Salonika,"Thursday, November 7, 2013"," Group L"
Swansea City,1,1,Kuban Krasnodar,"Thursday, October 24, 2013"," Group A"
Valencia,5,1,St Gallen,"Thursday, October 24, 2013"," Group A"
Chornomorets,0,1,Ludogorets Razgrad,"Thursday, October 24, 2013"," Group B"
Dinamo Zagreb,0,0,PSV Eindhoven,"Thursday, October 24, 2013"," Group B"
Elfsborg,1,2,Esbjerg,"Thursday, October 24, 2013"," Group C"
SV Salzburg,2,1,Standard Liege,"Thursday, October 24, 2013"," Group C"
Wigan Athletic,1,1,FK Rubin Kazan,"Thursday, October 24, 2013"," Group D"
Zulte-Waregem,1,3,NK Maribor,"Thursday, October 24, 2013"," Group D"
Fiorentina,3,0,Pandurii Targu-Jiu,"Thursday, October 24, 2013"," Group E"
Paços de Ferreira,0,2,Dnipro Dnipropetrovsk,"Thursday, October 24, 2013"," Group E"
Bordeaux,2,1,Apoel Nicosia,"Thursday, October 24, 2013"," Group F"
Eintracht Frankfurt,2,0,Maccabi Tel-Aviv,"Thursday, October 24, 2013"," Group F"
Dynamo Kiev,3,0,FC Thun,"Thursday, October 24, 2013"," Group G"
Racing Genk,1,1,Rapid Vienna,"Thursday, October 24, 2013"," Group G"
Liberec,1,1,Sevilla FC,"Thursday, October 24, 2013"," Group H"
SC Freiburg,1,1,Estoril,"Thursday, October 24, 2013"," Group H"
Lyon,1,0,Rijeka,"Thursday, October 24, 2013"," Group I"
Real Betis,1,0,Guimaraes,"Thursday, October 24, 2013"," Group I"
Apollon Limassol,0,0,Lazio,"Thursday, October 24, 2013"," Group J"
Trabzonspor,2,0,Legia Warsaw,"Thursday, October 24, 2013"," Group J"
Anzhi Makhachkala,1,0,Tromso,"Thursday, October 24, 2013"," Group K"
Sheriff Tiraspol,0,2,Tottenham Hotspur,"Thursday, October 24, 2013"," Group K"
Shakhter Karagandy,1,1,AZ Alkmaar,"Thursday, October 24, 2013"," Group L"
PAOK Salonika,3,2,Maccabi Haifa,"Thursday, October 24, 2013"," Group L"
Kuban Krasnodar,0,2,Valencia,"Thursday, October 3, 2013"," Group A"
Swansea City,1,0,St Gallen,"Thursday, October 3, 2013"," Group A"
Chornomorets,0,2,PSV Eindhoven,"Thursday, October 3, 2013"," Group B"
Ludogorets Razgrad,3,0,Dinamo Zagreb,"Thursday, October 3, 2013"," Group B"
Elfsborg,1,1,Standard Liege,"Thursday, October 3, 2013"," Group C"
Esbjerg,1,2,SV Salzburg,"Thursday, October 3, 2013"," Group C"
FK Rubin Kazan,4,0,Zulte-Waregem,"Thursday, October 3, 2013"," Group D"
Wigan Athletic,3,1,NK Maribor,"Thursday, October 3, 2013"," Group D"
Dnipro Dnipropetrovsk,1,2,Fiorentina,"Thursday, October 3, 2013"," Group E"
Paços de Ferreira,1,1,Pandurii Targu-Jiu,"Thursday, October 3, 2013"," Group E"
Apoel Nicosia,0,3,Eintracht Frankfurt,"Thursday, October 3, 2013"," Group F"
Bordeaux,1,2,Maccabi Tel-Aviv,"Thursday, October 3, 2013"," Group F"
Racing Genk,2,1,FC Thun,"Thursday, October 3, 2013"," Group G"
Rapid Vienna,2,2,Dynamo Kiev,"Thursday, October 3, 2013"," Group G"
Liberec,2,1,Estoril,"Thursday, October 3, 2013"," Group H"
Sevilla FC,2,0,SC Freiburg,"Thursday, October 3, 2013"," Group H"
Lyon,1,1,Guimaraes,"Thursday, October 3, 2013"," Group I"
Rijeka,1,1,Real Betis,"Thursday, October 3, 2013"," Group I"
Legia Warsaw,0,1,Apollon Limassol,"Thursday, October 3, 2013"," Group J"
Trabzonspor,3,3,Lazio,"Thursday, October 3, 2013"," Group J"
Anzhi Makhachkala,0,2,Tottenham Hotspur,"Thursday, October 3, 2013"," Group K"
Tromso,1,1,Sheriff Tiraspol,"Thursday, October 3, 2013"," Group K"
Shakhter Karagandy,2,2,Maccabi Haifa,"Thursday, October 3, 2013"," Group L"
AZ Alkmaar,1,1,PAOK Salonika,"Thursday, October 3, 2013"," Group L"
St Gallen,2,0,Kuban Krasnodar,"Thursday, September 19, 2013"," Group A"
Valencia,0,3,Swansea City,"Thursday, September 19, 2013"," Group A"
Dinamo Zagreb,1,2,Chornomorets,"Thursday, September 19, 2013"," Group B"
PSV Eindhoven,0,2,Ludogorets Razgrad,"Thursday, September 19, 2013"," Group B"
Standard Liege,1,2,Esbjerg,"Thursday, September 19, 2013"," Group C"
SV Salzburg,4,0,Elfsborg,"Thursday, September 19, 2013"," Group C"
NK Maribor,2,5,FK Rubin Kazan,"Thursday, September 19, 2013"," Group D"
Zulte-Waregem,0,0,Wigan Athletic,"Thursday, September 19, 2013"," Group D"
Fiorentina,3,0,Paços de Ferreira,"Thursday, September 19, 2013"," Group E"
Pandurii Targu-Jiu,0,1,Dnipro Dnipropetrovsk,"Thursday, September 19, 2013"," Group E"
Eintracht Frankfurt,3,0,Bordeaux,"Thursday, September 19, 2013"," Group F"
Maccabi Tel-Aviv,0,0,Apoel Nicosia,"Thursday, September 19, 2013"," Group F"
Dynamo Kiev,0,1,Racing Genk,"Thursday, September 19, 2013"," Group G"
FC Thun,1,0,Rapid Vienna,"Thursday, September 19, 2013"," Group G"
Estoril,1,2,Sevilla FC,"Thursday, September 19, 2013"," Group H"
SC Freiburg,2,2,Liberec,"Thursday, September 19, 2013"," Group H"
Guimaraes,4,0,Rijeka,"Thursday, September 19, 2013"," Group I"
Real Betis,0,0,Lyon,"Thursday, September 19, 2013"," Group I"
Apollon Limassol,1,2,Trabzonspor,"Thursday, September 19, 2013"," Group J"
Lazio,1,0,Legia Warsaw,"Thursday, September 19, 2013"," Group J"
Sheriff Tiraspol,0,0,Anzhi Makhachkala,"Thursday, September 19, 2013"," Group K"
Tottenham Hotspur,3,0,Tromso,"Thursday, September 19, 2013"," Group K"
Maccabi Haifa,0,1,AZ Alkmaar,"Thursday, September 19, 2013"," Group L"
PAOK Salonika,2,1,Shakhter Karagandy,"Thursday, September 19, 2013"," Group L"
AZ Alkmaar,0,2,Atromitos,"Friday, August 30, 2013","Play-off Round"
FK Rubin Kazan,3,0,Molde,"Thursday, August 29, 2013","Play-off Round"
Spartak Moscow,2,4,St Gallen,"Thursday, August 29, 2013","Play-off Round"
Dila Gori,0,3,Rapid Vienna,"Thursday, August 29, 2013","Play-off Round"
Dynamo Kiev,5,1,Aktobe Lento,"Thursday, August 29, 2013","Play-off Round"
FC Astra Ploiesti,1,1,Maccabi Haifa,"Thursday, August 29, 2013","Play-off Round"
FC Nordsjaelland,0,1,Elfsborg,"Thursday, August 29, 2013","Play-off Round"
VfB Stuttgart,2,2,Rijeka,"Thursday, August 29, 2013","Play-off Round"
Trabzonspor,3,1,FK Kukesi,"Thursday, August 29, 2013","Play-off Round"
Apoel Nicosia,1,2,Zulte-Waregem,"Thursday, August 29, 2013","Play-off Round"
Liberec,1,1,Udinese,"Thursday, August 29, 2013","Play-off Round"
Sheriff Tiraspol,2,1,Vojvodina,"Thursday, August 29, 2013","Play-off Round"
St Etienne,0,1,Esbjerg,"Thursday, August 29, 2013","Play-off Round"
Besiktas,2,0,Tromso,"Thursday, August 29, 2013","Play-off Round"
Petrolul Ploiesti,2,1,Swansea City,"Thursday, August 29, 2013","Play-off Round"
FC Thun,3,0,Partizan Belgrade,"Thursday, August 29, 2013","Play-off Round"
Nice,1,0,Apollon Limassol,"Thursday, August 29, 2013","Play-off Round"
Racing Genk,5,2,FH Hafnarfjordur,"Thursday, August 29, 2013","Play-off Round"
Skenderbeu,1,0,Chornomorets,"Thursday, August 29, 2013","Play-off Round"
Dnipro Dnipropetrovsk,2,0,Nomme Kalju,"Thursday, August 29, 2013","Play-off Round"
Eintracht Frankfurt,2,1,FK Qarabag,"Thursday, August 29, 2013","Play-off Round"
FC Pasching,1,2,Estoril,"Thursday, August 29, 2013","Play-off Round"
Standard Liege,3,1,Minsk,"Thursday, August 29, 2013","Play-off Round"
VMFD Zalgiris,0,2,SV Salzburg,"Thursday, August 29, 2013","Play-off Round"
Slask Wroclaw,0,5,Sevilla FC,"Thursday, August 29, 2013","Play-off Round"
Feyenoord Rotterdam,1,2,Kuban Krasnodar,"Thursday, August 29, 2013","Play-off Round"
Fiorentina,0,1,Grasshoppers,"Thursday, August 29, 2013","Play-off Round"
Tottenham Hotspur,3,0,Dinamo Tbilisi,"Thursday, August 29, 2013","Play-off Round"
Braga,0,2,Pandurii Targu-Jiu,"Thursday, August 29, 2013","Play-off Round"
Real Betis,6,0,Jablonec,"Thursday, August 29, 2013","Play-off Round"
Aktobe Lento,2,3,Dynamo Kiev,"Thursday, August 22, 2013","Play-off Round"
Dinamo Tbilisi,0,5,Tottenham Hotspur,"Thursday, August 22, 2013","Play-off Round"
FK Qarabag,0,2,Eintracht Frankfurt,"Thursday, August 22, 2013","Play-off Round"
Jablonec,1,2,Real Betis,"Thursday, August 22, 2013","Play-off Round"
Kuban Krasnodar,1,0,Feyenoord Rotterdam,"Thursday, August 22, 2013","Play-off Round"
Atromitos,1,3,AZ Alkmaar,"Thursday, August 22, 2013","Play-off Round"
Maccabi Haifa,2,0,FC Astra Ploiesti,"Thursday, August 22, 2013","Play-off Round"
Minsk,0,2,Standard Liege,"Thursday, August 22, 2013","Play-off Round"
Esbjerg,4,3,St Etienne,"Thursday, August 22, 2013","Play-off Round"
Molde,0,2,FK Rubin Kazan,"Thursday, August 22, 2013","Play-off Round"
Nomme Kalju,1,3,Dnipro Dnipropetrovsk,"Thursday, August 22, 2013","Play-off Round"
St Gallen,1,1,Spartak Moscow,"Thursday, August 22, 2013","Play-off Round"
SV Salzburg,5,0,VMFD Zalgiris,"Thursday, August 22, 2013","Play-off Round"
FK Kukesi,0,2,Trabzonspor,"Thursday, August 22, 2013","Play-off Round"
Apollon Limassol,2,0,Nice,"Thursday, August 22, 2013","Play-off Round"
Elfsborg,1,1,FC Nordsjaelland,"Thursday, August 22, 2013","Play-off Round"
FH Hafnarfjordur,0,2,Racing Genk,"Thursday, August 22, 2013","Play-off Round"
Pandurii Targu-Jiu,0,1,Braga,"Thursday, August 22, 2013","Play-off Round"
Tromso,2,1,Besiktas,"Thursday, August 22, 2013","Play-off Round"
Swansea City,5,1,Petrolul Ploiesti,"Thursday, August 22, 2013","Play-off Round"
Chornomorets,1,0,Skenderbeu,"Thursday, August 22, 2013","Play-off Round"
Partizan Belgrade,1,0,FC Thun,"Thursday, August 22, 2013","Play-off Round"
Rijeka,2,1,VfB Stuttgart,"Thursday, August 22, 2013","Play-off Round"
Vojvodina,1,1,Sheriff Tiraspol,"Thursday, August 22, 2013","Play-off Round"
Udinese,1,3,Liberec,"Thursday, August 22, 2013","Play-off Round"
Zulte-Waregem,1,1,Apoel Nicosia,"Thursday, August 22, 2013","Play-off Round"
Grasshoppers,1,2,Fiorentina,"Thursday, August 22, 2013","Play-off Round"
Rapid Vienna,1,0,Dila Gori,"Thursday, August 22, 2013","Play-off Round"
Estoril,2,0,FC Pasching,"Thursday, August 22, 2013","Play-off Round"
Sevilla FC,4,1,Slask Wroclaw,"Thursday, August 22, 2013","Play-off Round"
MSK Zilina,1,1,Rijeka,"Thursday, August 8, 2013","Third Qualifying Round"
Dila Gori,1,0,Hajduk Split,"Thursday, August 8, 2013","Third Qualifying Round"
FC Astra Ploiesti,2,2,AS Trencin,"Thursday, August 8, 2013","Third Qualifying Round"
FK Rubin Kazan,2,0,Randers FC,"Thursday, August 8, 2013","Third Qualifying Round"
Metalurg Donetsk,1,0,FK Kukesi,"Thursday, August 8, 2013","Third Qualifying Round"
Maccabi Haifa,3,0,FK Ventspils,"Thursday, August 8, 2013","Third Qualifying Round"
FC Milsami,0,3,St Etienne,"Thursday, August 8, 2013","Third Qualifying Round"
Gefle IF,0,2,FK Qarabag,"Thursday, August 8, 2013","Third Qualifying Round"
Hapoel Ramat Gan,0,1,Estoril,"Thursday, August 8, 2013","Third Qualifying Round"
Hapoel Tel-Aviv,1,2,Pandurii Targu-Jiu,"Thursday, August 8, 2013","Third Qualifying Round"
Kuban Krasnodar,1,0,Motherwell,"Thursday, August 8, 2013","Third Qualifying Round"
Lech Poznan,2,1,VMFD Zalgiris,"Thursday, August 8, 2013","Third Qualifying Round"
Bursaspor,0,3,Vojvodina,"Thursday, August 8, 2013","Third Qualifying Round"
FC 03 Differdange,1,0,Tromso,"Thursday, August 8, 2013","Third Qualifying Round"
FC Thun,1,0,BK Hacken,"Thursday, August 8, 2013","Third Qualifying Round"
FC Zürich,1,2,Liberec,"Thursday, August 8, 2013","Third Qualifying Round"
Malmo FF,0,0,Swansea City,"Thursday, August 8, 2013","Third Qualifying Round"
Stromsgodset,1,3,Jablonec,"Thursday, August 8, 2013","Third Qualifying Round"
Trabzonspor,0,0,Dinamo Minsk,"Thursday, August 8, 2013","Third Qualifying Round"
Vitesse Arnhem,1,2,Petrolul Ploiesti,"Thursday, August 8, 2013","Third Qualifying Round"
VfB Stuttgart,0,0,Botev Plovdiv,"Thursday, August 8, 2013","Third Qualifying Round"
Crvena Zvezda,0,0,Chornomorets,"Thursday, August 8, 2013","Third Qualifying Round"
Mladost Pogorica,1,6,Sevilla FC,"Thursday, August 8, 2013","Third Qualifying Round"
Rapid Vienna,3,1,Asteras Tripoli,"Thursday, August 8, 2013","Third Qualifying Round"
Standard Liege,2,1,FC Xanthi,"Thursday, August 8, 2013","Third Qualifying Round"
Club Brugge,3,3,Slask Wroclaw,"Thursday, August 8, 2013","Third Qualifying Round"
St Johnstone,0,1,Minsk,"Thursday, August 8, 2013","Third Qualifying Round"
Udinese,4,0,Siroki Brijeg,"Thursday, August 8, 2013","Third Qualifying Round"
Breidablik,1,0,Aktobe Lento,"Thursday, August 8, 2013","Third Qualifying Round"
AS Trencin,1,3,FC Astra Ploiesti,"Thursday, August 1, 2013","Third Qualifying Round"
Aktobe Lento,1,0,Breidablik,"Thursday, August 1, 2013","Third Qualifying Round"
Dinamo Minsk,0,1,Trabzonspor,"Thursday, August 1, 2013","Third Qualifying Round"
FK Qarabag,1,0,Gefle IF,"Thursday, August 1, 2013","Third Qualifying Round"
FK Ventspils,0,0,Maccabi Haifa,"Thursday, August 1, 2013","Third Qualifying Round"
Jablonec,2,1,Stromsgodset,"Thursday, August 1, 2013","Third Qualifying Round"
Minsk,0,1,St Johnstone,"Thursday, August 1, 2013","Third Qualifying Round"
Petrolul Ploiesti,1,1,Vitesse Arnhem,"Thursday, August 1, 2013","Third Qualifying Round"
Chornomorets,3,1,Crvena Zvezda,"Thursday, August 1, 2013","Third Qualifying Round"
Randers FC,1,2,FK Rubin Kazan,"Thursday, August 1, 2013","Third Qualifying Round"
VMFD Zalgiris,1,0,Lech Poznan,"Thursday, August 1, 2013","Third Qualifying Round"
BK Hacken,1,2,FC Thun,"Thursday, August 1, 2013","Third Qualifying Round"
Rijeka,2,1,MSK Zilina,"Thursday, August 1, 2013","Third Qualifying Round"
Tromso,1,0,FC 03 Differdange,"Thursday, August 1, 2013","Third Qualifying Round"
Botev Plovdiv,1,1,VfB Stuttgart,"Thursday, August 1, 2013","Third Qualifying Round"
FK Kukesi,2,0,Metalurg Donetsk,"Thursday, August 1, 2013","Third Qualifying Round"
Pandurii Targu-Jiu,1,1,Hapoel Tel-Aviv,"Thursday, August 1, 2013","Third Qualifying Round"
Vojvodina,2,2,Bursaspor,"Thursday, August 1, 2013","Third Qualifying Round"
Liberec,2,1,FC Zürich,"Thursday, August 1, 2013","Third Qualifying Round"
Asteras Tripoli,1,1,Rapid Vienna,"Thursday, August 1, 2013","Third Qualifying Round"
FC Xanthi,1,2,Standard Liege,"Thursday, August 1, 2013","Third Qualifying Round"
St Etienne,3,0,FC Milsami,"Thursday, August 1, 2013","Third Qualifying Round"
Motherwell,0,2,Kuban Krasnodar,"Thursday, August 1, 2013","Third Qualifying Round"
Siroki Brijeg,1,3,Udinese,"Thursday, August 1, 2013","Third Qualifying Round"
Slask Wroclaw,1,0,Club Brugge,"Thursday, August 1, 2013","Third Qualifying Round"
Swansea City,4,0,Malmo FF,"Thursday, August 1, 2013","Third Qualifying Round"
Estoril,0,0,Hapoel Ramat Gan,"Thursday, August 1, 2013","Third Qualifying Round"
Hajduk Split,0,1,Dila Gori,"Thursday, August 1, 2013","Third Qualifying Round"
Sevilla FC,3,0,Mladost Pogorica,"Thursday, August 1, 2013","Third Qualifying Round"
AS Trencin,2,1,IFK,"Thursday, July 25, 2013","Second Qualifying Round"
FC Milsami,1,1,Shakhter Soligorsk,"Thursday, July 25, 2013","Second Qualifying Round"
FK Rubin Kazan,1,0,FK Jagodina,"Thursday, July 25, 2013","Second Qualifying Round"
Minsk,2,0,Valletta,"Thursday, July 25, 2013","Second Qualifying Round"
MSK Zilina,2,0,Olimpija Ljubljana,"Thursday, July 25, 2013","Second Qualifying Round"
Piast Gliwice,2,2,FK Qarabag,"Thursday, July 25, 2013","Second Qualifying Round"
Rudar Pljevlja,2,2,Slask Wroclaw,"Thursday, July 25, 2013","Second Qualifying Round"
FK Turnovo,1,1,Hajduk Split,"Thursday, July 25, 2013","Second Qualifying Round"
Aktobe Lento,2,0,Hodd,"Thursday, July 25, 2013","Second Qualifying Round"
Chikhura Sachkhere,1,3,FC Thun,"Thursday, July 25, 2013","Second Qualifying Round"
Inter,1,0,Tromso,"Thursday, July 25, 2013","Second Qualifying Round"
Jeunesse Esch,1,4,FK Ventspils,"Thursday, July 25, 2013","Second Qualifying Round"
Khazar Lenkoran,0,8,Maccabi Haifa,"Thursday, July 25, 2013","Second Qualifying Round"
Pyunik,1,1,VMFD Zalgiris,"Thursday, July 25, 2013","Second Qualifying Round"
SK Sturm Graz,0,1,Breidablik,"Thursday, July 25, 2013","Second Qualifying Round"
BK Hacken,1,0,Sparta Prague,"Thursday, July 25, 2013","Second Qualifying Round"
Gefle IF,4,0,Anorthosis Famagusta,"Thursday, July 25, 2013","Second Qualifying Round"
Hapoel Tel-Aviv,2,2,Beroe,"Thursday, July 25, 2013","Second Qualifying Round"
Liberec,1,0,Skonto Riga,"Thursday, July 25, 2013","Second Qualifying Round"
Omonia Nicosia,1,2,FC Astra Ploiesti,"Thursday, July 25, 2013","Second Qualifying Round"
Pandurii Targu-Jiu,4,0,FC Levadia Tallinn,"Thursday, July 25, 2013","Second Qualifying Round"
FC Dacia,2,1,Chornomorets,"Thursday, July 25, 2013","Second Qualifying Round"
Botev Plovdiv,2,0,Zrinjski Mostar,"Thursday, July 25, 2013","Second Qualifying Round"
FC Utrecht,3,3,FC 03 Differdange,"Thursday, July 25, 2013","Second Qualifying Round"
FK Senica,0,1,Mladost Pogorica,"Thursday, July 25, 2013","Second Qualifying Round"
Lokomotiva Zagreb,2,3,Dinamo Minsk,"Thursday, July 25, 2013","Second Qualifying Round"
Prestatyn Town,0,3,Rijeka,"Thursday, July 25, 2013","Second Qualifying Round"
Vikingur,0,4,Petrolul Ploiesti,"Thursday, July 25, 2013","Second Qualifying Round"
AaB,0,0,Dila Gori,"Thursday, July 25, 2013","Second Qualifying Round"
Debrecen,0,3,Stromsgodset,"Thursday, July 25, 2013","Second Qualifying Round"
IBV,0,0,Crvena Zvezda,"Thursday, July 25, 2013","Second Qualifying Round"
Kispest Honved,1,3,Vojvodina,"Thursday, July 25, 2013","Second Qualifying Round"
Siroki Brijeg,2,0,Irtysh Pavlodar,"Thursday, July 25, 2013","Second Qualifying Round"
Standard Liege,3,1,KR Reykjavik,"Thursday, July 25, 2013","Second Qualifying Round"
Derry City,0,3,Trabzonspor,"Thursday, July 25, 2013","Second Qualifying Round"
Hibernian,0,7,Malmo FF,"Thursday, July 25, 2013","Second Qualifying Round"
Lech Poznan,2,1,FC Honka,"Thursday, July 25, 2013","Second Qualifying Round"
Linfield,1,2,FC Xanthi,"Thursday, July 25, 2013","Second Qualifying Round"
St Johnstone,1,1,Rosenborg,"Thursday, July 25, 2013","Second Qualifying Round"
FK Sarajevo,0,0,FK Kukesi,"Thursday, July 25, 2013","Second Qualifying Round"
Dila Gori,3,0,AaB,"Thursday, July 18, 2013","Second Qualifying Round"
Irtysh Pavlodar,3,2,Siroki Brijeg,"Thursday, July 18, 2013","Second Qualifying Round"
FK Ventspils,1,0,Jeunesse Esch,"Thursday, July 18, 2013","Second Qualifying Round"
Dinamo Minsk,1,2,Lokomotiva Zagreb,"Thursday, July 18, 2013","Second Qualifying Round"
FC Honka,1,3,Lech Poznan,"Thursday, July 18, 2013","Second Qualifying Round"
FK Qarabag,2,1,Piast Gliwice,"Thursday, July 18, 2013","Second Qualifying Round"
Mladost Pogorica,2,2,FK Senica,"Thursday, July 18, 2013","Second Qualifying Round"
Shakhter Soligorsk,1,1,FC Milsami,"Thursday, July 18, 2013","Second Qualifying Round"
Beroe,1,4,Hapoel Tel-Aviv,"Thursday, July 18, 2013","Second Qualifying Round"
Skonto Riga,2,1,Liberec,"Thursday, July 18, 2013","Second Qualifying Round"
Zrinjski Mostar,1,1,Botev Plovdiv,"Thursday, July 18, 2013","Second Qualifying Round"
Anorthosis Famagusta,3,0,Gefle IF,"Thursday, July 18, 2013","Second Qualifying Round"
Chornomorets,2,0,FC Dacia,"Thursday, July 18, 2013","Second Qualifying Round"
Hodd,1,0,Aktobe Lento,"Thursday, July 18, 2013","Second Qualifying Round"
IFK,0,0,AS Trencin,"Thursday, July 18, 2013","Second Qualifying Round"
Maccabi Haifa,2,0,Khazar Lenkoran,"Thursday, July 18, 2013","Second Qualifying Round"
Malmo FF,2,0,Hibernian,"Thursday, July 18, 2013","Second Qualifying Round"
Petrolul Ploiesti,3,0,Vikingur,"Thursday, July 18, 2013","Second Qualifying Round"
Rosenborg,0,1,St Johnstone,"Thursday, July 18, 2013","Second Qualifying Round"
Stromsgodset,2,2,Debrecen,"Thursday, July 18, 2013","Second Qualifying Round"
Tromso,2,0,Inter,"Thursday, July 18, 2013","Second Qualifying Round"
FC 03 Differdange,2,1,FC Utrecht,"Thursday, July 18, 2013","Second Qualifying Round"
FC Thun,2,0,Chikhura Sachkhere,"Thursday, July 18, 2013","Second Qualifying Round"
FK Kukesi,3,2,FK Sarajevo,"Thursday, July 18, 2013","Second Qualifying Round"
Valletta,1,1,Minsk,"Thursday, July 18, 2013","Second Qualifying Round"
FK Jagodina,2,3,FK Rubin Kazan,"Thursday, July 18, 2013","Second Qualifying Round"
VMFD Zalgiris,2,0,Pyunik,"Thursday, July 18, 2013","Second Qualifying Round"
FC Xanthi,0,1,Linfield,"Thursday, July 18, 2013","Second Qualifying Round"
Sparta Prague,2,2,BK Hacken,"Thursday, July 18, 2013","Second Qualifying Round"
Crvena Zvezda,2,0,IBV,"Thursday, July 18, 2013","Second Qualifying Round"
FC Astra Ploiesti,1,1,Omonia Nicosia,"Thursday, July 18, 2013","Second Qualifying Round"
Hajduk Split,2,1,FK Turnovo,"Thursday, July 18, 2013","Second Qualifying Round"
Trabzonspor,4,2,Derry City,"Thursday, July 18, 2013","Second Qualifying Round"
Vojvodina,2,0,Kispest Honved,"Thursday, July 18, 2013","Second Qualifying Round"
Olimpija Ljubljana,3,1,MSK Zilina,"Thursday, July 18, 2013","Second Qualifying Round"
Slask Wroclaw,4,0,Rudar Pljevlja,"Thursday, July 18, 2013","Second Qualifying Round"
Rijeka,5,0,Prestatyn Town,"Thursday, July 18, 2013","Second Qualifying Round"
Breidablik,0,0,SK Sturm Graz,"Thursday, July 18, 2013","Second Qualifying Round"
KR Reykjavik,1,3,Standard Liege,"Thursday, July 18, 2013","Second Qualifying Round"
FC Levadia Tallinn,0,0,Pandurii Targu-Jiu,"Tuesday, July 16, 2013","Second Qualifying Round"
Airbus UK,1,1,FK Ventspils,"Thursday, July 4, 2013","First Qualifying Round"
Astana 1964,0,1,Bulgaria No. 3,"Thursday, July 4, 2013","First Qualifying Round"
Bala Town,1,0,FC Levadia Tallinn,"Thursday, July 4, 2013","First Qualifying Round"
Celik,1,4,Kispest Honved,"Thursday, July 4, 2013","First Qualifying Round"
Chikhura Sachkhere,0,0,FC Vaduz,"Thursday, July 4, 2013","First Qualifying Round"
CMC Publikum,0,2,Tromso,"Thursday, July 4, 2013","First Qualifying Round"
Crusaders,1,2,Rosenborg,"Thursday, July 4, 2013","First Qualifying Round"
Drogheda Utd,0,0,Malmo FF,"Thursday, July 4, 2013","First Qualifying Round"
FC Flora Tallin,1,1,FK Kukesi,"Thursday, July 4, 2013","First Qualifying Round"
FC Kruoja,0,3,Dinamo Minsk,"Thursday, July 4, 2013","First Qualifying Round"
FC Milsami,1,0,F91 Dudelange,"Thursday, July 4, 2013","First Qualifying Round"
FC Tiraspol,0,1,Skonto Riga,"Thursday, July 4, 2013","First Qualifying Round"
Fiorita,0,3,Valletta,"Thursday, July 4, 2013","First Qualifying Round"
FK Turnovo,2,2,FK Suduva,"Thursday, July 4, 2013","First Qualifying Round"
Gandzasar Kapan,1,2,Aktobe Lento,"Thursday, July 4, 2013","First Qualifying Round"
Hibernians,1,4,Vojvodina,"Thursday, July 4, 2013","First Qualifying Round"
IBV,1,1,HB Torshavn,"Thursday, July 4, 2013","First Qualifying Round"
IF Fuglafjordur,0,2,Linfield,"Thursday, July 4, 2013","First Qualifying Round"
IFK Mariehamn,0,2,Inter,"Thursday, July 4, 2013","First Qualifying Round"
Jeunesse Esch,2,0,TPS,"Thursday, July 4, 2013","First Qualifying Round"
KR Reykjavik,0,0,Glentoran,"Thursday, July 4, 2013","First Qualifying Round"
KS Teuta,3,1,FC Dacia,"Thursday, July 4, 2013","First Qualifying Round"
Laci,0,1,FC 03 Differdange,"Thursday, July 4, 2013","First Qualifying Round"
Levski Sofia,0,0,Irtysh Pavlodar,"Thursday, July 4, 2013","First Qualifying Round"
Libertas,1,2,FK Sarajevo,"Thursday, July 4, 2013","First Qualifying Round"
Metalurg,0,1,FK Qarabag,"Thursday, July 4, 2013","First Qualifying Round"
Mladost Pogorica,1,0,Videoton FC Fehervar,"Thursday, July 4, 2013","First Qualifying Round"
NK Domzale,0,1,FC Astra Ploiesti,"Thursday, July 4, 2013","First Qualifying Round"
Prestatyn Town,1,2,FK Metalurgs,"Thursday, July 4, 2013","First Qualifying Round"
Rudar Pljevlja,1,0,Mika Ashtarak,"Thursday, July 4, 2013","First Qualifying Round"
Santa Coloma,0,0,Breidablik,"Thursday, July 4, 2013","First Qualifying Round"
Sliema Wanderers,1,1,Khazar Lenkoran,"Thursday, July 4, 2013","First Qualifying Round"
Teteks,1,1,Pyunik,"Thursday, July 4, 2013","First Qualifying Round"
Torpedo Kutaisi,0,3,MSK Zilina,"Thursday, July 4, 2013","First Qualifying Round"
Trans Narva,0,3,Gefle IF,"Thursday, July 4, 2013","First Qualifying Round"
UE Santa Coloma,1,3,Zrinjski Mostar,"Thursday, July 4, 2013","First Qualifying Round"
Vikingur,1,1,FC Inter,"Thursday, July 4, 2013","First Qualifying Round"
VMFD Zalgiris,2,2,St Patricks,"Thursday, July 4, 2013","First Qualifying Round"
