home, homescore, awayscore, away, date, group
Malaga, 2, 3, Real Betis, "Sunday, May 23, 2004", "La Rosaleda (20,000)"
Racing Santander, 0, 1, Deportivo La Coruña, "Sunday, May 23, 2004", "El Sardinero (17,000)"
Athletic Bilbao, 3, 4, Atletico Madrid, "Sunday, May 23, 2004", "San Mames Stadium (25,000)"
Celta Vigo, 1, 2, Mallorca, "Sunday, May 23, 2004", "Balaidos Stadium (27,000)"
Espanyol, 2, 0, Murcia, "Sunday, May 23, 2004", "Montjuic Stadium (51,700)"
Real Madrid, 1, 4, Real Sociedad, "Sunday, May 23, 2004", "Santiago Bernabeu (50,000)"
Real Valladolid, 3, 0, Villarreal, "Sunday, May 23, 2004", "Nuevo Jose Zorilla Stadium (15,000)"
Real Zaragoza, 2, 1, Barcelona, "Sunday, May 23, 2004", "La Romareda Stadium (34,500)"
Sevilla FC, 1, 0, Osasuna, "Sunday, May 23, 2004", "Estadio Ramon Sanchez Pizjuan (46,000)"
Valencia, 0, 1, Albacete, "Sunday, May 23, 2004", "Mestalla Stadium (49,000)"
Albacete, 1, 4, Sevilla FC, "Sunday, May 16, 2004", "Carlos Belmonte (16,000)"
Mallorca, 4, 2, Espanyol, "Sunday, May 16, 2004", "Son Moix (18,000)"
Osasuna, 1, 2, Athletic Bilbao, "Sunday, May 16, 2004", "El Sadar (17,000)"
Real Sociedad, 1, 1, Malaga, "Sunday, May 16, 2004", "Anoeta Stadium (28,713)"
Atletico Madrid, 1, 2, Real Zaragoza, "Sunday, May 16, 2004", "Vicente Calderon (52,000)"
Barcelona, 1, 0, Racing Santander, "Sunday, May 16, 2004", "Camp Nou (88,000)"
Murcia, 2, 1, Real Madrid, "Sunday, May 16, 2004", "La Condomina (15,668)"
Deportivo La Coruña, 3, 0, Celta Vigo, "Saturday, May 15, 2004", "Riazor Stadium (29,000)"
Real Betis, 1, 0, Real Valladolid, "Saturday, May 15, 2004", "Estadio Manuel Ruiz de Lopera (25,000)"
Villarreal, 2, 1, Valencia, "Friday, May 14, 2004", "El Madrigal (12,000)"
Athletic Bilbao, 1, 1, Albacete, "Sunday, May 9, 2004", "San Mames Stadium (35,000)"
Espanyol, 2, 0, Deportivo La Coruña, "Sunday, May 9, 2004", "Montjuic Stadium (40,300)"
Malaga, 1, 0, Murcia, "Sunday, May 9, 2004", "La Rosaleda (20,000)"
Real Valladolid, 2, 2, Real Sociedad, "Sunday, May 9, 2004", "Nuevo Jose Zorilla Stadium (17,000)"
Real Zaragoza, 1, 0, Osasuna, "Sunday, May 9, 2004", "La Romareda Stadium (34,000)"
Villarreal, 1, 0, Real Betis, "Sunday, May 9, 2004", "El Madrigal (15,000)"
Sevilla FC, 0, 2, Valencia, "Sunday, May 9, 2004", "Estadio Ramon Sanchez Pizjuan (38,000)"
Racing Santander, 2, 2, Atletico Madrid, "Sunday, May 9, 2004", "El Sardinero (14,000)"
Celta Vigo, 1, 0, Barcelona, "Saturday, May 8, 2004", "Balaidos Stadium (27,000)"
Real Madrid, 2, 3, Mallorca, "Saturday, May 8, 2004", "Santiago Bernabeu (55,000)"
Albacete, 3, 1, Real Zaragoza, "Sunday, May 2, 2004", "Carlos Belmonte (15,000)"
Mallorca, 2, 1, Malaga, "Sunday, May 2, 2004", "Son Moix (20,000)"
Murcia, 2, 1, Real Valladolid, "Sunday, May 2, 2004", "La Condomina (5,900)"
Real Sociedad, 2, 2, Villarreal, "Sunday, May 2, 2004", "Anoeta Stadium (26,143)"
Sevilla FC, 2, 0, Athletic Bilbao, "Sunday, May 2, 2004", "Estadio Ramon Sanchez Pizjuan (29,568)"
Osasuna, 1, 2, Racing Santander, "Sunday, May 2, 2004", "El Sadar (17,000)"
Valencia, 2, 0, Real Betis, "Sunday, May 2, 2004", "Mestalla Stadium (45,000)"
Barcelona, 4, 1, Espanyol, "Sunday, May 2, 2004", "Camp Nou (89,000)"
Atletico Madrid, 3, 2, Celta Vigo, "Saturday, May 1, 2004", "Vicente Calderon (40,000)"
Deportivo La Coruña, 2, 0, Real Madrid, "Saturday, May 1, 2004", "Riazor Stadium (24,600)"
Celta Vigo, 1, 0, Osasuna, "Sunday, April 25, 2004", "Balaidos Stadium (18,000)"
Racing Santander, 0, 2, Albacete, "Sunday, April 25, 2004", "El Sardinero (15,500)"
Real Betis, 2, 1, Real Sociedad, "Sunday, April 25, 2004", "Estadio Manuel Ruiz de Lopera (25,000)"
Real Valladolid, 1, 3, Mallorca, "Sunday, April 25, 2004", "Nuevo Jose Zorilla Stadium (21,000)"
Real Zaragoza, 4, 4, Sevilla FC, "Sunday, April 25, 2004", "La Romareda Stadium (34,000)"
Villarreal, 1, 0, Murcia, "Sunday, April 25, 2004", "El Madrigal (9,000)"
Real Madrid, 1, 2, Barcelona, "Sunday, April 25, 2004", "Santiago Bernabeu (78,000)"
Athletic Bilbao, 1, 1, Valencia, "Sunday, April 25, 2004", "San Mames Stadium (36,000)"
Espanyol, 3, 1, Atletico Madrid, "Saturday, April 24, 2004", "Montjuic Stadium (34,200)"
Malaga, 1, 1, Deportivo La Coruña, "Saturday, April 24, 2004", "La Rosaleda (21,000)"
Albacete, 0, 2, Celta Vigo, "Sunday, April 18, 2004", "Carlos Belmonte (16,000)"
Mallorca, 1, 2, Villarreal, "Sunday, April 18, 2004", "Son Moix (22,000)"
Murcia, 0, 1, Real Betis, "Sunday, April 18, 2004", "La Condomina (8,943)"
Osasuna, 1, 3, Espanyol, "Sunday, April 18, 2004", "El Sadar (15,000)"
Sevilla FC, 5, 2, Racing Santander, "Sunday, April 18, 2004", "Estadio Ramon Sanchez Pizjuan (35,000)"
Valencia, 2, 2, Real Sociedad, "Sunday, April 18, 2004", "Mestalla Stadium (45,000)"
Barcelona, 3, 0, Malaga, "Sunday, April 18, 2004", "Camp Nou (48,000)"
Deportivo La Coruña, 1, 1, Real Valladolid, "Saturday, April 17, 2004", "Riazor Stadium (27,000)"
Athletic Bilbao, 4, 0, Real Zaragoza, "Saturday, April 17, 2004", "San Mames Stadium (35,000)"
Atletico Madrid, 1, 2, Real Madrid, "Saturday, April 17, 2004", "Vicente Calderon (55,000)"
Real Betis, 1, 1, Barcelona, "Wednesday, April 14, 2004", "Estadio Manuel Ruiz de Lopera (40,000)"
Espanyol, 1, 1, Albacete, "Sunday, April 11, 2004", "Montjuic Stadium (25,000)"
Racing Santander, 1, 2, Athletic Bilbao, "Sunday, April 11, 2004", "El Sardinero (15,000)"
Real Betis, 0, 2, Mallorca, "Sunday, April 11, 2004", "Estadio Manuel Ruiz de Lopera (17,000)"
Real Sociedad, 2, 0, Murcia, "Sunday, April 11, 2004", "Anoeta Stadium (22,723)"
Villarreal, 0, 2, Deportivo La Coruña, "Sunday, April 11, 2004", "El Madrigal (15,000)"
Real Zaragoza, 0, 1, Valencia, "Sunday, April 11, 2004", "La Romareda Stadium (34,000)"
Real Madrid, 0, 3, Osasuna, "Sunday, April 11, 2004", "Santiago Bernabeu (55,000)"
Real Valladolid, 1, 3, Barcelona, "Saturday, April 10, 2004", "Nuevo Jose Zorilla Stadium (17,000)"
Malaga, 3, 1, Atletico Madrid, "Saturday, April 10, 2004", "La Rosaleda (22,000)"
Celta Vigo, 0, 0, Sevilla FC, "Saturday, April 10, 2004", "Balaidos Stadium (20,000)"
Athletic Bilbao, 0, 0, Celta Vigo, "Sunday, April 4, 2004", "San Mames Stadium (28,000)"
Deportivo La Coruña, 2, 2, Real Betis, "Sunday, April 4, 2004", "Riazor Stadium (24,000)"
Mallorca, 1, 1, Real Sociedad, "Sunday, April 4, 2004", "Son Moix (20,000)"
Osasuna, 1, 1, Malaga, "Sunday, April 4, 2004", "El Sadar (14,800)"
Real Zaragoza, 2, 2, Racing Santander, "Sunday, April 4, 2004", "La Romareda Stadium (34,000)"
Atletico Madrid, 2, 1, Real Valladolid, "Sunday, April 4, 2004", "Vicente Calderon (50,000)"
Valencia, 2, 0, Murcia, "Sunday, April 4, 2004", "Mestalla Stadium (40,000)"
Sevilla FC, 1, 0, Espanyol, "Saturday, April 3, 2004", "Estadio Ramon Sanchez Pizjuan (25,000)"
Albacete, 1, 2, Real Madrid, "Saturday, April 3, 2004", "Carlos Belmonte (17,000)"
Barcelona, 0, 0, Villarreal, "Saturday, April 3, 2004", "Camp Nou (50,000)"
Celta Vigo, 0, 2, Real Zaragoza, "Sunday, March 28, 2004", "Balaidos Stadium (15,000)"
Malaga, 1, 1, Albacete, "Sunday, March 28, 2004", "La Rosaleda (8,000)"
Murcia, 2, 0, Mallorca, "Sunday, March 28, 2004", "La Condomina (5,145)"
Racing Santander, 0, 3, Valencia, "Sunday, March 28, 2004", "El Sardinero (13,700)"
Real Valladolid, 1, 1, Osasuna, "Sunday, March 28, 2004", "Nuevo Jose Zorilla Stadium (12,000)"
Villarreal, 0, 0, Atletico Madrid, "Sunday, March 28, 2004", "El Madrigal (16,000)"
Real Madrid, 5, 1, Sevilla FC, "Sunday, March 28, 2004", "Santiago Bernabeu (55,000)"
Real Sociedad, 1, 2, Deportivo La Coruña, "Saturday, March 27, 2004", "Anoeta Stadium (24,300)"
Espanyol, 2, 1, Athletic Bilbao, "Saturday, March 27, 2004", "Montjuic Stadium (9,950)"
Albacete, 2, 0, Real Valladolid, "Sunday, March 21, 2004", "Carlos Belmonte (15,000)"
Osasuna, 2, 1, Villarreal, "Sunday, March 21, 2004", "El Sadar (15,000)"
Racing Santander, 4, 4, Celta Vigo, "Sunday, March 21, 2004", "El Sardinero (12,400)"
Real Zaragoza, 1, 1, Espanyol, "Sunday, March 21, 2004", "La Romareda Stadium (33,000)"
Sevilla FC, 0, 1, Malaga, "Sunday, March 21, 2004", "Estadio Ramon Sanchez Pizjuan (38,000)"
Valencia, 5, 1, Mallorca, "Sunday, March 21, 2004", "Mestalla Stadium (44,000)"
Barcelona, 1, 0, Real Sociedad, "Sunday, March 21, 2004", "Camp Nou (90,000)"
Athletic Bilbao, 4, 2, Real Madrid, "Saturday, March 20, 2004", "San Mames Stadium (30,000)"
Deportivo La Coruña, 1, 0, Murcia, "Saturday, March 20, 2004", "Riazor Stadium (24,000)"
Atletico Madrid, 2, 1, Real Betis, "Saturday, March 20, 2004", "Vicente Calderon "
Espanyol, 0, 1, Racing Santander, "Sunday, March 14, 2004", "Montjuic Stadium (19,300)"
Malaga, 2, 1, Athletic Bilbao, "Sunday, March 14, 2004", "La Rosaleda (20,000)"
Mallorca, 4, 2, Deportivo La Coruña, "Sunday, March 14, 2004", "Son Moix (21,000)"
Real Betis, 1, 1, Osasuna, "Sunday, March 14, 2004", "Estadio Manuel Ruiz de Lopera (38,000)"
Real Valladolid, 2, 0, Sevilla FC, "Sunday, March 14, 2004", "Nuevo Jose Zorilla Stadium (20,000)"
Villarreal, 2, 1, Albacete, "Sunday, March 14, 2004", "El Madrigal (16,000)"
Murcia, 0, 2, Barcelona, "Sunday, March 14, 2004", "La Condomina (15,979)"
Celta Vigo, 0, 2, Valencia, "Sunday, March 14, 2004", "Balaidos Stadium (20,000)"
Real Madrid, 1, 1, Real Zaragoza, "Saturday, March 13, 2004", "Santiago Bernabeu (90,000)"
Real Sociedad, 2, 1, Atletico Madrid, "Saturday, March 13, 2004", "Anoeta Stadium (21,865)"
Albacete, 1, 0, Real Betis, "Sunday, March 7, 2004", "Carlos Belmonte (16,500)"
Athletic Bilbao, 1, 4, Real Valladolid, "Sunday, March 7, 2004", "San Mames Stadium (36,000)"
Barcelona, 3, 2, Mallorca, "Sunday, March 7, 2004", "Camp Nou (93,100)"
Real Zaragoza, 1, 0, Malaga, "Sunday, March 7, 2004", "La Romareda Stadium (27,300)"
Sevilla FC, 2, 0, Villarreal, "Sunday, March 7, 2004", "Estadio Ramon Sanchez Pizjuan (37,000)"
Atletico Madrid, 1, 1, Murcia, "Sunday, March 7, 2004", "Vicente Calderon (35,000)"
Celta Vigo, 1, 5, Espanyol, "Saturday, March 6, 2004", "Balaidos Stadium (17,000)"
Osasuna, 1, 1, Real Sociedad, "Saturday, March 6, 2004", "El Sadar (16,700)"
Racing Santander, 1, 1, Real Madrid, "Saturday, March 6, 2004", "El Sardinero (22,000)"
Valencia, 3, 0, Deportivo La Coruña, "Saturday, March 6, 2004", "Mestalla Stadium (44,000)"
Espanyol, 2, 1, Valencia, "Sunday, February 29, 2004", "Montjuic Stadium (11,000)"
Malaga, 1, 0, Racing Santander, "Sunday, February 29, 2004", "La Rosaleda (20,000)"
Mallorca, 0, 1, Atletico Madrid, "Sunday, February 29, 2004", "Son Moix "
Murcia, 0, 1, Osasuna, "Sunday, February 29, 2004", "La Condomina (8,400)"
Real Sociedad, 0, 1, Albacete, "Sunday, February 29, 2004", "Anoeta Stadium "
Villarreal, 0, 1, Athletic Bilbao, "Sunday, February 29, 2004", "El Madrigal (19,000)"
Real Madrid, 4, 2, Celta Vigo, "Sunday, February 29, 2004", "Santiago Bernabeu (75,000)"
Deportivo La Coruña, 2, 3, Barcelona, "Sunday, February 29, 2004", "Riazor Stadium (29,000)"
Real Valladolid, 1, 2, Real Zaragoza, "Saturday, February 28, 2004", "Nuevo Jose Zorilla Stadium (9,000)"
Real Betis, 1, 1, Sevilla FC, "Saturday, February 28, 2004", "Estadio Manuel Ruiz de Lopera "
Albacete, 1, 0, Murcia, "Sunday, February 22, 2004", "Carlos Belmonte (15,000)"
Osasuna, 1, 1, Mallorca, "Sunday, February 22, 2004", "El Sadar (14,000)"
Racing Santander, 1, 0, Real Valladolid, "Sunday, February 22, 2004", "El Sardinero (17,000)"
Real Zaragoza, 4, 1, Villarreal, "Sunday, February 22, 2004", "La Romareda Stadium (32,000)"
Athletic Bilbao, 1, 1, Real Betis, "Sunday, February 22, 2004", "San Mames Stadium (35,000)"
Atletico Madrid, 0, 0, Deportivo La Coruña, "Saturday, February 21, 2004", "Vicente Calderon (40,000)"
Espanyol, 2, 4, Real Madrid, "Saturday, February 21, 2004", "Montjuic Stadium (46,100)"
Celta Vigo, 0, 2, Malaga, "Saturday, February 21, 2004", "Balaidos Stadium (20,000)"
Sevilla FC, 1, 0, Real Sociedad, "Saturday, February 21, 2004", "Estadio Ramon Sanchez Pizjuan (25,000)"
Valencia, 0, 1, Barcelona, "Saturday, February 21, 2004", "Mestalla Stadium (48,000)"
Deportivo La Coruña, 2, 0, Osasuna, "Sunday, February 15, 2004", "Riazor Stadium (26,000)"
Malaga, 5, 2, Espanyol, "Sunday, February 15, 2004", "La Rosaleda (20,000)"
Mallorca, 0, 0, Albacete, "Sunday, February 15, 2004", "Son Moix (16,000)"
Real Betis, 2, 1, Real Zaragoza, "Sunday, February 15, 2004", "Estadio Manuel Ruiz de Lopera (39,500)"
Real Valladolid, 0, 2, Celta Vigo, "Sunday, February 15, 2004", "Nuevo Jose Zorilla Stadium (12,500)"
Villarreal, 6, 3, Racing Santander, "Sunday, February 15, 2004", "El Madrigal (17,000)"
Barcelona, 3, 1, Atletico Madrid, "Sunday, February 15, 2004", "Camp Nou (96,000)"
Real Madrid, 1, 1, Valencia, "Sunday, February 15, 2004", "Santiago Bernabeu (78,000)"
Murcia, 1, 3, Sevilla FC, "Saturday, February 14, 2004", "La Condomina (9,874)"
Real Sociedad, 1, 1, Athletic Bilbao, "Saturday, February 14, 2004", "Anoeta Stadium (28,787)"
Albacete, 0, 2, Deportivo La Coruña, "Sunday, February 8, 2004", "Carlos Belmonte (16,000)"
Athletic Bilbao, 2, 1, Murcia, "Sunday, February 8, 2004", "San Mames Stadium (30,000)"
Celta Vigo, 2, 1, Villarreal, "Sunday, February 8, 2004", "Balaidos Stadium (30,000)"
Espanyol, 2, 0, Real Valladolid, "Sunday, February 8, 2004", "Montjuic Stadium (21,200)"
Racing Santander, 1, 2, Real Betis, "Sunday, February 8, 2004", "El Sardinero (15,000)"
Sevilla FC, 3, 0, Mallorca, "Sunday, February 8, 2004", "Estadio Ramon Sanchez Pizjuan (35,000)"
Osasuna, 1, 2, Barcelona, "Sunday, February 8, 2004", "El Sadar (16,000)"
Real Zaragoza, 2, 1, Real Sociedad, "Sunday, February 8, 2004", "La Romareda Stadium "
Valencia, 3, 0, Atletico Madrid, "Saturday, February 7, 2004", "Mestalla Stadium (50,000)"
Real Madrid, 2, 1, Malaga, "Saturday, February 7, 2004", "Santiago Bernabeu (35,000)"
Mallorca, 1, 3, Athletic Bilbao, "Sunday, February 1, 2004", "Son Moix (17,000)"
Murcia, 1, 0, Real Zaragoza, "Sunday, February 1, 2004", "La Condomina (10,316)"
Real Sociedad, 1, 0, Racing Santander, "Sunday, February 1, 2004", "Anoeta Stadium (26,400)"
Real Valladolid, 2, 3, Real Madrid, "Sunday, February 1, 2004", "Nuevo Jose Zorilla Stadium (25,200)"
Villarreal, 0, 1, Espanyol, "Sunday, February 1, 2004", "El Madrigal (18,000)"
Barcelona, 5, 0, Albacete, "Sunday, February 1, 2004", "Camp Nou (49,618)"
Deportivo La Coruña, 1, 0, Sevilla FC, "Sunday, February 1, 2004", "Riazor Stadium (20,000)"
Atletico Madrid, 1, 1, Osasuna, "Saturday, January 31, 2004", "Vicente Calderon (40,000)"
Malaga, 1, 6, Valencia, "Saturday, January 31, 2004", "La Rosaleda (23,000)"
Real Betis, 1, 0, Celta Vigo, "Saturday, January 31, 2004", "Estadio Manuel Ruiz de Lopera (35,000)"
Celta Vigo, 2, 5, Real Sociedad, "Sunday, January 25, 2004", "Balaidos Stadium (15,000)"
Espanyol, 1, 2, Real Betis, "Sunday, January 25, 2004", "Montjuic Stadium (17,600)"
Malaga, 2, 3, Real Valladolid, "Sunday, January 25, 2004", "La Rosaleda (20,000)"
Racing Santander, 3, 2, Murcia, "Sunday, January 25, 2004", "El Sardinero (12,500)"
Real Zaragoza, 1, 3, Mallorca, "Sunday, January 25, 2004", "La Rosaleda (25,000)"
Valencia, 0, 1, Osasuna, "Sunday, January 25, 2004", "Mestalla Stadium (40,000)"
Sevilla FC, 0, 1, Barcelona, "Sunday, January 25, 2004", "Estadio Ramon Sanchez Pizjuan (37,000)"
Athletic Bilbao, 1, 0, Deportivo La Coruña, "Sunday, January 25, 2004", "San Mames Stadium (30,000)"
Real Madrid, 2, 1, Villarreal, "Saturday, January 24, 2004", "Santiago Bernabeu (70,000)"
Albacete, 1, 1, Atletico Madrid, "Saturday, January 24, 2004", "Carlos Belmonte (14,000)"
Deportivo La Coruña, 4, 1, Real Zaragoza, "Sunday, January 18, 2004", "Riazor Stadium (24,000)"
Mallorca, 1, 1, Racing Santander, "Sunday, January 18, 2004", "Son Moix (15,000)"
Osasuna, 1, 1, Albacete, "Sunday, January 18, 2004", "El Sadar (13,000)"
Real Sociedad, 3, 1, Espanyol, "Sunday, January 18, 2004", "Anoeta Stadium (24,400)"
Villarreal, 2, 0, Malaga, "Sunday, January 18, 2004", "El Madrigal (17,000)"
Atletico Madrid, 2, 1, Sevilla FC, "Sunday, January 18, 2004", "Vicente Calderon (49,000)"
Real Betis, 1, 1, Real Madrid, "Sunday, January 18, 2004", "Estadio Manuel Ruiz de Lopera (45,000)"
Murcia, 2, 2, Celta Vigo, "Saturday, January 17, 2004", "La Condomina (10,000)"
Real Valladolid, 0, 0, Valencia, "Saturday, January 17, 2004", "Nuevo Jose Zorilla Stadium (13,200)"
Barcelona, 1, 1, Athletic Bilbao, "Saturday, January 17, 2004", "Camp Nou (67,600)"
Deportivo La Coruña, 1, 1, Racing Santander, "Sunday, January 11, 2004", "Riazor Stadium (28,000)"
Murcia, 0, 1, Espanyol, "Sunday, January 11, 2004", "La Condomina "
Osasuna, 1, 1, Sevilla FC, "Sunday, January 11, 2004", "El Sadar (19,500)"
Real Betis, 3, 0, Malaga, "Sunday, January 11, 2004", "Estadio Manuel Ruiz de Lopera (35,000)"
Villarreal, 3, 1, Real Valladolid, "Sunday, January 11, 2004", "El Madrigal (17,000)"
Barcelona, 3, 0, Real Zaragoza, "Sunday, January 11, 2004", "Camp Nou (55,802)"
Atletico Madrid, 3, 0, Athletic Bilbao, "Sunday, January 11, 2004", "Vicente Calderon (45,000)"
Albacete, 0, 1, Valencia, "Saturday, January 10, 2004", "Carlos Belmonte "
Mallorca, 2, 4, Celta Vigo, "Saturday, January 10, 2004", "Son Moix "
Real Sociedad, 1, 0, Real Madrid, "Saturday, January 10, 2004", "Anoeta Stadium (29,316)"
Athletic Bilbao, 1, 1, Osasuna, "Sunday, January 4, 2004", "San Mames Stadium (40,000)"
Espanyol, 2, 0, Mallorca, "Sunday, January 4, 2004", "Montjuic Stadium (22,200)"
Malaga, 1, 2, Real Sociedad, "Sunday, January 4, 2004", "La Rosaleda (14,000)"
Real Valladolid, 0, 0, Real Betis, "Sunday, January 4, 2004", "Nuevo Jose Zorilla Stadium (13,000)"
Sevilla FC, 2, 0, Albacete, "Sunday, January 4, 2004", "Estadio Ramon Sanchez Pizjuan (40,000)"
Racing Santander, 3, 0, Barcelona, "Sunday, January 4, 2004", "El Sardinero (15,000)"
Valencia, 4, 2, Villarreal, "Sunday, January 4, 2004", "Mestalla Stadium (35,000)"
Real Madrid, 1, 0, Murcia, "Saturday, January 3, 2004", "Santiago Bernabeu (75,000)"
Celta Vigo, 0, 5, Deportivo La Coruña, "Saturday, January 3, 2004", "Balaidos Stadium (25,000)"
Real Zaragoza, 0, 0, Atletico Madrid, "Saturday, January 3, 2004", "La Romareda Stadium (23,000)"
Albacete, 1, 1, Athletic Bilbao, "Sunday, December 21, 2003", "Carlos Belmonte (17,000)"
Deportivo La Coruña, 2, 1, Espanyol, "Sunday, December 21, 2003", "Riazor Stadium (22,000)"
Murcia, 1, 2, Malaga, "Sunday, December 21, 2003", "La Condomina (9,719)"
Osasuna, 0, 1, Real Zaragoza, "Sunday, December 21, 2003", "El Sadar (14,000)"
Real Betis, 1, 3, Villarreal, "Sunday, December 21, 2003", "Estadio Manuel Ruiz de Lopera (30,000)"
Mallorca, 1, 3, Real Madrid, "Sunday, December 21, 2003", "Son Moix (23,000)"
Barcelona, 1, 1, Celta Vigo, "Sunday, December 21, 2003", "Camp Nou (47,863)"
Real Sociedad, 1, 3, Real Valladolid, "Saturday, December 20, 2003", "Anoeta Stadium (24,297)"
Atletico Madrid, 2, 2, Racing Santander, "Saturday, December 20, 2003", "Vicente Calderon (45,000)"
Valencia, 1, 0, Sevilla FC, "Saturday, December 20, 2003", "Mestalla Stadium (47,700)"
Malaga, 3, 1, Mallorca, "Sunday, December 14, 2003", "La Rosaleda (20,000)"
Racing Santander, 0, 0, Osasuna, "Sunday, December 14, 2003", "El Sardinero (11,500)"
Real Betis, 0, 1, Valencia, "Sunday, December 14, 2003", "Estadio Manuel Ruiz de Lopera (40,000)"
Real Valladolid, 0, 0, Murcia, "Sunday, December 14, 2003", "Nuevo Jose Zorilla Stadium (11,500)"
Real Zaragoza, 0, 1, Albacete, "Sunday, December 14, 2003", "La Romareda Stadium (28,500)"
Real Madrid, 2, 1, Deportivo La Coruña, "Sunday, December 14, 2003", "Santiago Bernabeu "
Athletic Bilbao, 2, 1, Sevilla FC, "Sunday, December 14, 2003", "San Mames Stadium (30,000)"
Espanyol, 1, 3, Barcelona, "Saturday, December 13, 2003", "Montjuic Stadium (35,000)"
Celta Vigo, 2, 2, Atletico Madrid, "Saturday, December 13, 2003", "Balaidos Stadium (16,000)"
Villarreal, 2, 0, Real Sociedad, "Saturday, December 13, 2003", "El Madrigal (17,000)"
Albacete, 4, 0, Racing Santander, "Sunday, December 7, 2003", "Carlos Belmonte (14,000)"
Mallorca, 1, 0, Real Valladolid, "Sunday, December 7, 2003", "Son Moix (14,500)"
Murcia, 1, 1, Villarreal, "Sunday, December 7, 2003", "La Condomina (9,900)"
Sevilla FC, 3, 2, Real Zaragoza, "Sunday, December 7, 2003", "Estadio Ramon Sanchez Pizjuan (20,000)"
Atletico Madrid, 2, 0, Espanyol, "Sunday, December 7, 2003", "Vicente Calderon (40,000)"
Valencia, 2, 1, Athletic Bilbao, "Sunday, December 7, 2003", "Mestalla Stadium (50,000)"
Deportivo La Coruña, 1, 0, Malaga, "Saturday, December 6, 2003", "Riazor Stadium (24,000)"
Osasuna, 3, 2, Celta Vigo, "Saturday, December 6, 2003", "El Sadar (14,000)"
Real Sociedad, 0, 4, Real Betis, "Saturday, December 6, 2003", "Anoeta Stadium (25,063)"
Barcelona, 1, 2, Real Madrid, "Saturday, December 6, 2003", "Camp Nou (92,524)"
Racing Santander, 0, 4, Sevilla FC, "Thursday, December 4, 2003", "El Sardinero (11,000)"
Real Zaragoza, 2, 2, Athletic Bilbao, "Thursday, December 4, 2003", "La Romareda Stadium (29,000)"
Celta Vigo, 2, 2, Albacete, "Wednesday, December 3, 2003", "Balaidos Stadium (15,000)"
Espanyol, 0, 1, Osasuna, "Wednesday, December 3, 2003", "Montjuic Stadium (11,100)"
Malaga, 5, 1, Barcelona, "Wednesday, December 3, 2003", "La Rosaleda (20,000)"
Real Betis, 1, 1, Murcia, "Wednesday, December 3, 2003", "Estadio Manuel Ruiz de Lopera (19,000)"
Real Valladolid, 1, 1, Deportivo La Coruña, "Wednesday, December 3, 2003", "Nuevo Jose Zorilla Stadium (19,900)"
Villarreal, 0, 2, Mallorca, "Wednesday, December 3, 2003", "El Madrigal (16,000)"
Real Madrid, 2, 0, Atletico Madrid, "Wednesday, December 3, 2003", "Santiago Bernabeu (78,000)"
Real Sociedad, 0, 0, Valencia, "Tuesday, December 2, 2003", "Anoeta Stadium (21,496)"
Albacete, 2, 1, Espanyol, "Sunday, November 30, 2003", "Carlos Belmonte (14,000)"
Athletic Bilbao, 1, 2, Racing Santander, "Sunday, November 30, 2003", "San Mames Stadium (32,000)"
Mallorca, 2, 1, Real Betis, "Sunday, November 30, 2003", "Son Moix (18,000)"
Sevilla FC, 0, 1, Celta Vigo, "Sunday, November 30, 2003", "Estadio Ramon Sanchez Pizjuan (35,000)"
Barcelona, 0, 0, Real Valladolid, "Sunday, November 30, 2003", "Camp Nou (58,521)"
Deportivo La Coruña, 0, 1, Villarreal, "Sunday, November 30, 2003", "Riazor Stadium (17,000)"
Murcia, 2, 2, Real Sociedad, "Saturday, November 29, 2003", "La Condomina (10,742)"
Osasuna, 1, 1, Real Madrid, "Saturday, November 29, 2003", "El Sadar (16,000)"
Atletico Madrid, 2, 0, Malaga, "Saturday, November 29, 2003", "Vicente Calderon (48,000)"
Valencia, 3, 2, Real Zaragoza, "Saturday, November 29, 2003", "Mestalla Stadium (40,000)"
Celta Vigo, 0, 2, Athletic Bilbao, "Sunday, November 23, 2003", "Balaidos Stadium (10,000)"
Espanyol, 1, 0, Sevilla FC, "Sunday, November 23, 2003", "Montjuic Stadium (17,100)"
Malaga, 0, 0, Osasuna, "Sunday, November 23, 2003", "La Rosaleda (20,000)"
Racing Santander, 1, 2, Real Zaragoza, "Sunday, November 23, 2003", "El Sardinero (13,325)"
Real Valladolid, 3, 1, Atletico Madrid, "Sunday, November 23, 2003", "Nuevo Jose Zorilla Stadium (15,500)"
Real Madrid, 2, 1, Albacete, "Sunday, November 23, 2003", "Santiago Bernabeu (70,000)"
Murcia, 2, 2, Valencia, "Sunday, November 23, 2003", "La Condomina (11,678)"
Real Betis, 0, 0, Deportivo La Coruña, "Saturday, November 22, 2003", "Estadio Manuel Ruiz de Lopera (22,000)"
Real Sociedad, 0, 1, Mallorca, "Saturday, November 22, 2003", "Anoeta Stadium (26,000)"
Villarreal, 2, 1, Barcelona, "Saturday, November 22, 2003", "El Madrigal (20,000)"
Albacete, 0, 1, Malaga, "Sunday, November 9, 2003", "Carlos Belmonte (15,000)"
Atletico Madrid, 1, 0, Villarreal, "Sunday, November 9, 2003", "Vicente Calderon (48,000)"
Mallorca, 4, 1, Murcia, "Sunday, November 9, 2003", "Son Moix (14,000)"
Osasuna, 1, 1, Real Valladolid, "Sunday, November 9, 2003", "El Sadar (14,000)"
Valencia, 1, 2, Racing Santander, "Sunday, November 9, 2003", "Mestalla Stadium (45,000)"
Barcelona, 2, 1, Real Betis, "Sunday, November 9, 2003", "Camp Nou (70,400)"
Sevilla FC, 4, 1, Real Madrid, "Sunday, November 9, 2003", "Estadio Ramon Sanchez Pizjuan (42,000)"
Athletic Bilbao, 1, 0, Espanyol, "Saturday, November 8, 2003", "San Mames Stadium (35,000)"
Real Zaragoza, 1, 1, Celta Vigo, "Saturday, November 8, 2003", "La Romareda Stadium (31,000)"
Deportivo La Coruña, 2, 1, Real Sociedad, "Saturday, November 8, 2003", "Riazor Stadium (29,000)"
Espanyol, 0, 2, Real Zaragoza, "Sunday, November 2, 2003", "Montjuic Stadium (20,350)"
Malaga, 2, 0, Sevilla FC, "Sunday, November 2, 2003", "La Rosaleda (22,000)"
Real Betis, 1, 2, Atletico Madrid, "Sunday, November 2, 2003", "Estadio Manuel Ruiz de Lopera (36,000)"
Real Valladolid, 2, 0, Albacete, "Sunday, November 2, 2003", "Nuevo Jose Zorilla Stadium (11,000)"
Villarreal, 1, 0, Osasuna, "Sunday, November 2, 2003", "El Madrigal (14,000)"
Real Sociedad, 3, 3, Barcelona, "Sunday, November 2, 2003", "Anoeta Stadium (29,143)"
Mallorca, 0, 5, Valencia, "Sunday, November 2, 2003", "Son Moix (18,000)"
Celta Vigo, 0, 1, Racing Santander, "Saturday, November 1, 2003", "Balaidos Stadium (17,000)"
Murcia, 0, 0, Deportivo La Coruña, "Saturday, November 1, 2003", "La Condomina (10,710)"
Real Madrid, 3, 0, Athletic Bilbao, "Saturday, November 1, 2003", "Santiago Bernabeu (76,000)"
Atletico Madrid, 4, 0, Real Sociedad, "Thursday, October 30, 2003", "Vicente Calderon (25,000)"
Albacete, 2, 0, Villarreal, "Wednesday, October 29, 2003", "Carlos Belmonte (13,000)"
Athletic Bilbao, 2, 1, Malaga, "Wednesday, October 29, 2003", "San Mames Stadium (28,000)"
Barcelona, 3, 0, Murcia, "Wednesday, October 29, 2003", "Camp Nou (52,000)"
Deportivo La Coruña, 0, 2, Mallorca, "Wednesday, October 29, 2003", "Riazor Stadium (23,000)"
Osasuna, 2, 0, Real Betis, "Wednesday, October 29, 2003", "El Sadar (14,000)"
Racing Santander, 0, 1, Espanyol, "Wednesday, October 29, 2003", "El Sardinero (10,140)"
Sevilla FC, 1, 1, Real Valladolid, "Wednesday, October 29, 2003", "Estadio Ramon Sanchez Pizjuan (31,000)"
Valencia, 2, 2, Celta Vigo, "Wednesday, October 29, 2003", "Mestalla Stadium (50,000)"
Real Zaragoza, 0, 0, Real Madrid, "Tuesday, October 28, 2003", "La Romareda Stadium (34,500)"
Espanyol, 0, 4, Celta Vigo, "Sunday, October 26, 2003", "Montjuic Stadium (13,600)"
Real Betis, 3, 2, Albacete, "Sunday, October 26, 2003", "Estadio Manuel Ruiz de Lopera (35,000)"
Real Sociedad, 1, 0, Osasuna, "Sunday, October 26, 2003", "Anoeta Stadium (28,044)"
Real Valladolid, 2, 0, Athletic Bilbao, "Sunday, October 26, 2003", "Nuevo Jose Zorilla Stadium (13,000)"
Villarreal, 3, 3, Sevilla FC, "Sunday, October 26, 2003", "El Madrigal (12,000)"
Mallorca, 1, 3, Barcelona, "Sunday, October 26, 2003", "Son Moix (21,500)"
Murcia, 1, 3, Atletico Madrid, "Sunday, October 26, 2003", "La Condomina (11,485)"
Malaga, 2, 1, Real Zaragoza, "Saturday, October 25, 2003", "La Rosaleda (19,000)"
Real Madrid, 3, 1, Racing Santander, "Saturday, October 25, 2003", "Santiago Bernabeu (68,000)"
Deportivo La Coruña, 2, 1, Valencia, "Saturday, October 25, 2003", "Riazor Stadium (27,500)"
Athletic Bilbao, 2, 0, Villarreal, "Sunday, October 19, 2003", "San Mames Stadium (34,000)"
Racing Santander, 4, 2, Malaga, "Sunday, October 19, 2003", "El Sardinero (11,900)"
Real Zaragoza, 1, 0, Real Valladolid, "Sunday, October 19, 2003", "La Romareda Stadium (30,000)"
Valencia, 4, 0, Espanyol, "Sunday, October 19, 2003", "Mestalla Stadium (45,000)"
Atletico Madrid, 2, 1, Mallorca, "Sunday, October 19, 2003", "Vicente Calderon (50,000)"
Osasuna, 2, 1, Murcia, "Sunday, October 19, 2003", "El Sadar (13,930)"
Sevilla FC, 2, 2, Real Betis, "Sunday, October 19, 2003", "Estadio Ramon Sanchez Pizjuan (42,000)"
Celta Vigo, 0, 2, Real Madrid, "Saturday, October 18, 2003", "Balaidos Stadium (26,000)"
Albacete, 3, 1, Real Sociedad, "Saturday, October 18, 2003", "Carlos Belmonte (15,000)"
Barcelona, 0, 2, Deportivo La Coruña, "Saturday, October 18, 2003", "Camp Nou (68,000)"
Malaga, 2, 1, Celta Vigo, "Sunday, October 5, 2003", "La Rosaleda (22,000)"
Mallorca, 1, 1, Osasuna, "Sunday, October 5, 2003", "Son Moix (12,500)"
Murcia, 1, 0, Albacete, "Sunday, October 5, 2003", "La Condomina (9,301)"
Real Sociedad, 1, 1, Sevilla FC, "Sunday, October 5, 2003", "Anoeta Stadium (25,000)"
Real Valladolid, 0, 4, Racing Santander, "Sunday, October 5, 2003", "Nuevo Jose Zorilla Stadium (11,400)"
Real Madrid, 2, 1, Espanyol, "Sunday, October 5, 2003", "Santiago Bernabeu (75,000)"
Barcelona, 0, 1, Valencia, "Sunday, October 5, 2003", "Camp Nou (78,000)"
Deportivo La Coruña, 5, 1, Atletico Madrid, "Saturday, October 4, 2003", "Riazor Stadium (28,000)"
Villarreal, 1, 1, Real Zaragoza, "Saturday, October 4, 2003", "El Madrigal (16,000)"
Real Betis, 1, 1, Athletic Bilbao, "Saturday, October 4, 2003", "Estadio Manuel Ruiz de Lopera (28,000)"
Albacete, 2, 0, Mallorca, "Sunday, September 28, 2003", "Carlos Belmonte (13,500)"
Espanyol, 1, 2, Malaga, "Sunday, September 28, 2003", "Montjuic Stadium (18,700)"
Racing Santander, 0, 2, Villarreal, "Sunday, September 28, 2003", "El Sardinero (12,500)"
Real Zaragoza, 0, 1, Real Betis, "Sunday, September 28, 2003", "La Romareda Stadium (33,000)"
Sevilla FC, 1, 0, Murcia, "Sunday, September 28, 2003", "Estadio Ramon Sanchez Pizjuan (34,000)"
Atletico Madrid, 0, 0, Barcelona, "Sunday, September 28, 2003", "Vicente Calderon (55,000)"
Athletic Bilbao, 1, 0, Real Sociedad, "Saturday, September 27, 2003", "San Mames Stadium "
Celta Vigo, 3, 2, Real Valladolid, "Saturday, September 27, 2003", "Balaidos Stadium "
Osasuna, 3, 2, Deportivo La Coruña, "Saturday, September 27, 2003", "El Sadar "
Valencia, 2, 0, Real Madrid, "Saturday, September 27, 2003", "Mestalla Stadium (53,000)"
Deportivo La Coruña, 3, 0, Albacete, "Sunday, September 21, 2003", "Riazor Stadium (25,000)"
Mallorca, 1, 1, Sevilla FC, "Sunday, September 21, 2003", "Son Moix (12,000)"
Real Valladolid, 3, 1, Espanyol, "Sunday, September 21, 2003", "Nuevo Jose Zorilla Stadium (12,000)"
Villarreal, 1, 1, Celta Vigo, "Sunday, September 21, 2003", "El Madrigal (14,000)"
Real Betis, 0, 0, Racing Santander, "Sunday, September 21, 2003", "Estadio Manuel Ruiz de Lopera (45,000)"
Real Sociedad, 3, 0, Real Zaragoza, "Sunday, September 21, 2003", "Anoeta Stadium (25,000)"
Murcia, 2, 2, Athletic Bilbao, "Sunday, September 21, 2003", "La Condomina (13,533)"
Malaga, 1, 3, Real Madrid, "Sunday, September 21, 2003", "La Rosaleda "
Barcelona, 1, 1, Osasuna, "Saturday, September 20, 2003", "Camp Nou (83,600)"
Atletico Madrid, 0, 3, Valencia, "Saturday, September 20, 2003", "Vicente Calderon (55,000)"
Osasuna, 1, 0, Atletico Madrid, "Sunday, September 14, 2003", "El Sadar (16,000)"
Athletic Bilbao, 4, 0, Mallorca, "Sunday, September 14, 2003", "San Mames Stadium "
Espanyol, 1, 2, Villarreal, "Sunday, September 14, 2003", "Montjuic Stadium "
Real Zaragoza, 3, 0, Murcia, "Sunday, September 14, 2003", "La Romareda Stadium "
Valencia, 1, 0, Malaga, "Sunday, September 14, 2003", "Mestalla Stadium "
Albacete, 1, 2, Barcelona, "Sunday, September 14, 2003", "Carlos Belmonte (17,000)"
Real Madrid, 7, 2, Real Valladolid, "Saturday, September 13, 2003", "Santiago Bernabeu (70,000)"
Celta Vigo, 0, 2, Real Betis, "Saturday, September 13, 2003", "Balaidos Stadium (18,000)"
Racing Santander, 0, 1, Real Sociedad, "Saturday, September 13, 2003", "El Sardinero (11,396)"
Sevilla FC, 1, 2, Deportivo La Coruña, "Saturday, September 13, 2003", "Estadio Ramon Sanchez Pizjuan (35,000)"
Murcia, 1, 1, Racing Santander, "Wednesday, September 3, 2003", "La Condomina "
Real Valladolid, 1, 0, Malaga, "Wednesday, September 3, 2003", "Nuevo Jose Zorilla Stadium (11,000)"
Deportivo La Coruña, 2, 0, Athletic Bilbao, "Wednesday, September 3, 2003", "Riazor Stadium (26,653)"
Mallorca, 2, 0, Real Zaragoza, "Wednesday, September 3, 2003", "Son Moix (12,500)"
Real Betis, 2, 2, Espanyol, "Wednesday, September 3, 2003", "Estadio Manuel Ruiz de Lopera (35,000)"
Atletico Madrid, 1, 0, Albacete, "Wednesday, September 3, 2003", "Vicente Calderon (50,000)"
Villarreal, 1, 1, Real Madrid, "Tuesday, September 2, 2003", "El Madrigal (21,000)"
Osasuna, 0, 1, Valencia, "Tuesday, September 2, 2003", "El Sadar "
Real Sociedad, 1, 1, Celta Vigo, "Tuesday, September 2, 2003", "Anoeta Stadium (20,000)"
Barcelona, 1, 1, Sevilla FC, "Tuesday, September 2, 2003", "Camp Nou (80,237)"
Celta Vigo, 1, 1, Murcia, "Sunday, August 31, 2003", "Balaidos Stadium (18,000)"
Racing Santander, 2, 1, Mallorca, "Sunday, August 31, 2003", "El Sardinero "
Real Zaragoza, 0, 1, Deportivo La Coruña, "Sunday, August 31, 2003", "La Romareda Stadium (32,000)"
Sevilla FC, 1, 0, Atletico Madrid, "Sunday, August 31, 2003", "Estadio Ramon Sanchez Pizjuan (36,000)"
Espanyol, 1, 1, Real Sociedad, "Saturday, August 30, 2003", "Montjuic Stadium (17,800)"
Real Madrid, 2, 1, Real Betis, "Saturday, August 30, 2003", "Santiago Bernabeu (76,000)"
Albacete, 0, 2, Osasuna, "Saturday, August 30, 2003", "Carlos Belmonte (15,000)"
Malaga, 0, 0, Villarreal, "Saturday, August 30, 2003", "La Rosaleda (18,000)"
Athletic Bilbao, 0, 1, Barcelona, "Saturday, August 30, 2003", "San Mames Stadium (41,000)"
Valencia, 1, 1, Real Valladolid, "Saturday, August 30, 2003", "Mestalla Stadium "
