home, homescore, awayscore, away, date, group
Malaga, 1, 3, Barcelona, "Saturday, May 21, 2011", "La Rosaleda (28,500)"
Hercules, 0, 0, Sporting Gijon, "Saturday, May 21, 2011", "José Rico Pérez (15,000)"
Real Madrid, 8, 1, Almeria, "Saturday, May 21, 2011", "Santiago Bernabéu (50,000)"
Deportivo La Coruña, 0, 2, Valencia, "Saturday, May 21, 2011", "Municipal de Riazor (34,000)"
Espanyol, 2, 3, Sevilla FC, "Saturday, May 21, 2011", "Cornellá - El Prat (25,000)"
Levante, 1, 2, Real Zaragoza, "Saturday, May 21, 2011", "Ciutat de Valencia (20,000)"
Mallorca, 3, 4, Atletico Madrid, "Saturday, May 21, 2011", "Iberostar Estadi (14,500)"
Osasuna, 1, 0, Villarreal, "Saturday, May 21, 2011", "Reyno de Navarra (19,500)"
Racing Santander, 1, 2, Athletic Bilbao, "Saturday, May 21, 2011", "El Sardinero (16,000)"
Real Sociedad, 1, 1, Getafe, "Saturday, May 21, 2011", "Anoeta (30,000)"
Almeria, 3, 1, Mallorca, "Sunday, May 15, 2011", "Juegos Mediterráneos (5,000)"
Athletic Bilbao, 1, 1, Malaga, "Sunday, May 15, 2011", "San Mamés (38,500)"
Atletico Madrid, 2, 1, Hercules, "Sunday, May 15, 2011", "Vicente Calderón (45,000)"
Barcelona, 0, 0, Deportivo La Coruña, "Sunday, May 15, 2011", "Camp Nou (80,000)"
Getafe, 2, 0, Osasuna, "Sunday, May 15, 2011", "Coliseum Alfonso Pérez (15,000)"
Real Zaragoza, 1, 0, Espanyol, "Sunday, May 15, 2011", "La Romareda (34,000)"
Sevilla FC, 3, 1, Real Sociedad, "Sunday, May 15, 2011", "Ramón Sánchez Pizjuán (30,000)"
Sporting Gijon, 2, 1, Racing Santander, "Sunday, May 15, 2011", "El Molinón (30,000)"
Valencia, 0, 0, Levante, "Sunday, May 15, 2011", "Mestalla (35,000)"
Villarreal, 1, 3, Real Madrid, "Sunday, May 15, 2011", "El Madrigal (21,000)"
Almeria, 0, 0, Villarreal, "Wednesday, May 11, 2011", "Juegos Mediterráneos (5,000)"
Levante, 1, 1, Barcelona, "Wednesday, May 11, 2011", "Ciutat de Valencia (24,000)"
Real Sociedad, 2, 1, Real Zaragoza, "Wednesday, May 11, 2011", "Anoeta (28,000)"
Espanyol, 2, 2, Valencia, "Wednesday, May 11, 2011", "Cornellá - El Prat (22,000)"
Hercules, 2, 2, Mallorca, "Wednesday, May 11, 2011", "José Rico Pérez (18,000)"
Osasuna, 3, 2, Sevilla FC, "Wednesday, May 11, 2011", "Reyno de Navarra (17,000)"
Deportivo La Coruña, 2, 1, Athletic Bilbao, "Tuesday, May 10, 2011", "Municipal de Riazor (33,000)"
Malaga, 2, 0, Sporting Gijon, "Tuesday, May 10, 2011", "La Rosaleda (22,000)"
Racing Santander, 2, 1, Atletico Madrid, "Tuesday, May 10, 2011", "El Sardinero (18,000)"
Real Madrid, 4, 0, Getafe, "Tuesday, May 10, 2011", "Santiago Bernabéu (70,000)"
Mallorca, 0, 0, Villarreal, "Sunday, May 8, 2011", "Iberostar Estadi (17,500)"
Barcelona, 2, 0, Espanyol, "Sunday, May 8, 2011", "Camp Nou (91,000)"
Real Zaragoza, 1, 3, Osasuna, "Sunday, May 8, 2011", "La Romareda (30,000)"
Athletic Bilbao, 3, 2, Levante, "Saturday, May 7, 2011", "San Mamés (36,000)"
Getafe, 2, 0, Almeria, "Saturday, May 7, 2011", "Coliseum Alfonso Pérez (16,500)"
Hercules, 2, 3, Racing Santander, "Saturday, May 7, 2011", "José Rico Pérez (21,000)"
Sporting Gijon, 2, 2, Deportivo La Coruña, "Saturday, May 7, 2011", "El Molinón (22,000)"
Valencia, 3, 0, Real Sociedad, "Saturday, May 7, 2011", "Mestalla (44,000)"
Atletico Madrid, 0, 3, Malaga, "Saturday, May 7, 2011", "Vicente Calderón (50,500)"
Sevilla FC, 2, 6, Real Madrid, "Saturday, May 7, 2011", "Ramón Sánchez Pizjuán (44,000)"
Espanyol, 2, 1, Athletic Bilbao, "Monday, May 2, 2011", "Cornellá - El Prat (35,000)"
Almeria, 0, 1, Sevilla FC, "Sunday, May 1, 2011", "Juegos Mediterráneos (12,000)"
Levante, 0, 0, Sporting Gijon, "Sunday, May 1, 2011", "Ciutat de Valencia (16,000)"
Malaga, 3, 1, Hercules, "Sunday, May 1, 2011", "La Rosaleda (27,000)"
Racing Santander, 2, 0, Mallorca, "Sunday, May 1, 2011", "El Sardinero (15,000)"
Villarreal, 2, 1, Getafe, "Sunday, May 1, 2011", "El Madrigal (19,500)"
Osasuna, 1, 0, Valencia, "Sunday, May 1, 2011", "Reyno de Navarra (18,000)"
Real Madrid, 2, 3, Real Zaragoza, "Saturday, April 30, 2011", "Santiago Bernabéu (75,000)"
Real Sociedad, 2, 1, Barcelona, "Saturday, April 30, 2011", "Anoeta (30,500)"
Deportivo La Coruña, 0, 1, Atletico Madrid, "Saturday, April 30, 2011", "Municipal de Riazor (29,000)"
Real Zaragoza, 1, 0, Almeria, "Monday, April 25, 2011", "La Romareda (29,500)"
Hercules, 1, 0, Deportivo La Coruña, "Sunday, April 24, 2011", "José Rico Pérez (21,000)"
Mallorca, 2, 0, Getafe, "Sunday, April 24, 2011", "Iberostar Estadi (15,000)"
Racing Santander, 1, 2, Malaga, "Sunday, April 24, 2011", "El Sardinero (18,000)"
Sporting Gijon, 1, 0, Espanyol, "Sunday, April 24, 2011", "El Molinón (22,500)"
Atletico Madrid, 4, 1, Levante, "Sunday, April 24, 2011", "Vicente Calderón (40,000)"
Sevilla FC, 3, 2, Villarreal, "Sunday, April 24, 2011", "Ramón Sánchez Pizjuán (41,000)"
Valencia, 3, 6, Real Madrid, "Saturday, April 23, 2011", "Mestalla (53,000)"
Barcelona, 2, 0, Osasuna, "Saturday, April 23, 2011", "Camp Nou (84,000)"
Athletic Bilbao, 2, 1, Real Sociedad, "Saturday, April 23, 2011", "San Mamés (39,500)"
Villarreal, 1, 0, Real Zaragoza, "Monday, April 18, 2011", "El Madrigal (18,000)"
Deportivo La Coruña, 2, 0, Racing Santander, "Sunday, April 17, 2011", "Municipal de Riazor (23,000)"
Levante, 2, 1, Hercules, "Sunday, April 17, 2011", "Ciutat de Valencia (16,000)"
Real Sociedad, 2, 1, Sporting Gijon, "Sunday, April 17, 2011", "Anoeta (25,000)"
Osasuna, 1, 2, Athletic Bilbao, "Sunday, April 17, 2011", "Reyno de Navarra (18,500)"
Espanyol, 2, 2, Atletico Madrid, "Sunday, April 17, 2011", "Cornellá - El Prat (35,000)"
Getafe, 1, 0, Sevilla FC, "Saturday, April 16, 2011", "Coliseum Alfonso Pérez (10,000)"
Malaga, 3, 0, Mallorca, "Saturday, April 16, 2011", "La Rosaleda (26,000)"
Almeria, 0, 3, Valencia, "Saturday, April 16, 2011", "Juegos Mediterráneos (12,000)"
Real Madrid, 1, 1, Barcelona, "Saturday, April 16, 2011", "Santiago Bernabéu (80,000)"
Real Zaragoza, 2, 1, Getafe, "Monday, April 11, 2011", "La Romareda (27,500)"
Hercules, 0, 0, Espanyol, "Sunday, April 10, 2011", "José Rico Pérez (20,000)"
Malaga, 0, 0, Deportivo La Coruña, "Sunday, April 10, 2011", "La Rosaleda (27,000)"
Racing Santander, 1, 1, Levante, "Sunday, April 10, 2011", "El Sardinero (18,000)"
Sporting Gijon, 1, 0, Osasuna, "Sunday, April 10, 2011", "El Molinón (21,000)"
Atletico Madrid, 3, 0, Real Sociedad, "Sunday, April 10, 2011", "Vicente Calderón (49,500)"
Valencia, 5, 0, Villarreal, "Sunday, April 10, 2011", "Mestalla (50,000)"
Athletic Bilbao, 0, 3, Real Madrid, "Saturday, April 9, 2011", "San Mamés (39,500)"
Barcelona, 3, 1, Almeria, "Saturday, April 9, 2011", "Camp Nou (85,000)"
Mallorca, 2, 2, Sevilla FC, "Saturday, April 9, 2011", "Iberostar Estadi (15,000)"
Almeria, 1, 3, Athletic Bilbao, "Monday, April 4, 2011", "Juegos Mediterráneos (13,000)"
Deportivo La Coruña, 2, 1, Mallorca, "Sunday, April 3, 2011", "Municipal de Riazor (20,000)"
Espanyol, 1, 2, Racing Santander, "Sunday, April 3, 2011", "Cornellá - El Prat (27,000)"
Levante, 3, 1, Malaga, "Sunday, April 3, 2011", "Ciutat de Valencia (15,000)"
Real Sociedad, 1, 3, Hercules, "Sunday, April 3, 2011", "Anoeta (24,000)"
Sevilla FC, 3, 1, Real Zaragoza, "Sunday, April 3, 2011", "Ramón Sánchez Pizjuán (36,000)"
Osasuna, 2, 3, Atletico Madrid, "Sunday, April 3, 2011", "Reyno de Navarra (18,000)"
Real Madrid, 0, 1, Sporting Gijon, "Saturday, April 2, 2011", "Santiago Bernabéu (70,000)"
Getafe, 2, 4, Valencia, "Saturday, April 2, 2011", "Coliseum Alfonso Pérez (12,000)"
Villarreal, 0, 1, Barcelona, "Saturday, April 2, 2011", "El Madrigal (21,500)"
Deportivo La Coruña, 0, 1, Levante, "Sunday, March 20, 2011", "Municipal de Riazor (16,000)"
Hercules, 0, 4, Osasuna, "Sunday, March 20, 2011", "José Rico Pérez (20,000)"
Malaga, 2, 0, Espanyol, "Sunday, March 20, 2011", "La Rosaleda (25,000)"
Racing Santander, 2, 1, Real Sociedad, "Sunday, March 20, 2011", "El Sardinero (18,000)"
Sporting Gijon, 1, 0, Almeria, "Sunday, March 20, 2011", "El Molinón (18,000)"
Athletic Bilbao, 0, 1, Villarreal, "Sunday, March 20, 2011", "San Mamés (39,000)"
Valencia, 0, 1, Sevilla FC, "Sunday, March 20, 2011", "Mestalla (45,000)"
Mallorca, 1, 0, Real Zaragoza, "Saturday, March 19, 2011", "Iberostar Estadi (14,000)"
Barcelona, 2, 1, Getafe, "Saturday, March 19, 2011", "Camp Nou (81,913)"
Atletico Madrid, 1, 2, Real Madrid, "Saturday, March 19, 2011", "Vicente Calderón (54,000)"
Getafe, 2, 2, Athletic Bilbao, "Monday, March 14, 2011", "Coliseum Alfonso Pérez (10,000)"
Espanyol, 2, 0, Deportivo La Coruña, "Sunday, March 13, 2011", "Cornellá - El Prat (27,000)"
Levante, 1, 1, Mallorca, "Sunday, March 13, 2011", "Ciutat de Valencia (15,000)"
Osasuna, 3, 1, Racing Santander, "Sunday, March 13, 2011", "Reyno de Navarra (17,000)"
Real Sociedad, 0, 2, Malaga, "Sunday, March 13, 2011", "Anoeta (20,000)"
Villarreal, 1, 1, Sporting Gijon, "Sunday, March 13, 2011", "El Madrigal (18,000)"
Sevilla FC, 1, 1, Barcelona, "Sunday, March 13, 2011", "Ramón Sánchez Pizjuán (44,000)"
Almeria, 2, 2, Atletico Madrid, "Saturday, March 12, 2011", "Juegos Mediterráneos (19,000)"
Real Madrid, 2, 0, Hercules, "Saturday, March 12, 2011", "Santiago Bernabéu (72,000)"
Real Zaragoza, 4, 0, Valencia, "Saturday, March 12, 2011", "La Romareda (20,000)"
Deportivo La Coruña, 2, 1, Real Sociedad, "Monday, March 7, 2011", "Municipal de Riazor (25,000)"
Hercules, 1, 2, Almeria, "Sunday, March 6, 2011", "José Rico Pérez (24,000)"
Levante, 1, 0, Espanyol, "Sunday, March 6, 2011", "Ciutat de Valencia (12,000)"
Malaga, 0, 1, Osasuna, "Sunday, March 6, 2011", "La Rosaleda (32,000)"
Sporting Gijon, 2, 0, Getafe, "Sunday, March 6, 2011", "El Molinón (16,000)"
Athletic Bilbao, 2, 0, Sevilla FC, "Sunday, March 6, 2011", "San Mamés (35,000)"
Racing Santander, 1, 3, Real Madrid, "Sunday, March 6, 2011", "El Sardinero (20,000)"
Mallorca, 1, 2, Valencia, "Saturday, March 5, 2011", "Iberostar Estadi (18,000)"
Barcelona, 1, 0, Real Zaragoza, "Saturday, March 5, 2011", "Camp Nou (68,000)"
Atletico Madrid, 3, 1, Villarreal, "Saturday, March 5, 2011", "Vicente Calderón (40,000)"
Almeria, 1, 1, Racing Santander, "Thursday, March 3, 2011", "Juegos Mediterráneos (14,500)"
Real Madrid, 7, 0, Malaga, "Thursday, March 3, 2011", "Santiago Bernabéu (65,000)"
Getafe, 1, 1, Atletico Madrid, "Wednesday, March 2, 2011", "Coliseum Alfonso Pérez (13,000)"
Osasuna, 0, 0, Deportivo La Coruña, "Wednesday, March 2, 2011", "Reyno de Navarra (15,000)"
Real Sociedad, 1, 1, Levante, "Wednesday, March 2, 2011", "Anoeta (15,000)"
Real Zaragoza, 2, 1, Athletic Bilbao, "Wednesday, March 2, 2011", "La Romareda (18,000)"
Villarreal, 1, 0, Hercules, "Wednesday, March 2, 2011", "El Madrigal (18,000)"
Valencia, 0, 1, Barcelona, "Wednesday, March 2, 2011", "Mestalla (55,000)"
Espanyol, 1, 2, Mallorca, "Tuesday, March 1, 2011", "Cornellá - El Prat (17,000)"
Sevilla FC, 3, 0, Sporting Gijon, "Tuesday, March 1, 2011", "Ramón Sánchez Pizjuán (25,000)"
Malaga, 3, 1, Almeria, "Monday, February 28, 2011", "La Rosaleda (20,000)"
Hercules, 0, 0, Getafe, "Sunday, February 27, 2011", "José Rico Pérez (20,000)"
Levante, 2, 1, Osasuna, "Sunday, February 27, 2011", "Ciutat de Valencia (15,000)"
Racing Santander, 2, 2, Villarreal, "Sunday, February 27, 2011", "El Sardinero (18,000)"
Athletic Bilbao, 1, 2, Valencia, "Sunday, February 27, 2011", "San Mamés (40,000)"
Atletico Madrid, 2, 2, Sevilla FC, "Saturday, February 26, 2011", "Vicente Calderón (45,000)"
Espanyol, 4, 1, Real Sociedad, "Saturday, February 26, 2011", "Cornellá - El Prat (25,000)"
Sporting Gijon, 0, 0, Real Zaragoza, "Saturday, February 26, 2011", "El Molinón (19,000)"
Mallorca, 0, 3, Barcelona, "Saturday, February 26, 2011", "Iberostar Estadi (20,000)"
Deportivo La Coruña, 0, 0, Real Madrid, "Saturday, February 26, 2011", "Municipal de Riazor (31,000)"
Real Sociedad, 1, 0, Mallorca, "Monday, February 21, 2011", "Anoeta (22,000)"
Almeria, 1, 1, Deportivo La Coruña, "Sunday, February 20, 2011", "Juegos Mediterráneos (10,000)"
Getafe, 0, 1, Racing Santander, "Sunday, February 20, 2011", "Coliseum Alfonso Pérez (11,000)"
Osasuna, 4, 0, Espanyol, "Sunday, February 20, 2011", "Reyno de Navarra (16,000)"
Villarreal, 1, 1, Malaga, "Sunday, February 20, 2011", "El Madrigal (16,000)"
Sevilla FC, 1, 0, Hercules, "Sunday, February 20, 2011", "Ramón Sánchez Pizjuán (25,000)"
Barcelona, 2, 1, Athletic Bilbao, "Sunday, February 20, 2011", "Camp Nou (85,000)"
Valencia, 0, 0, Sporting Gijon, "Saturday, February 19, 2011", "Mestalla (40,000)"
Real Madrid, 2, 0, Levante, "Saturday, February 19, 2011", "Santiago Bernabéu (63,000)"
Real Zaragoza, 0, 1, Atletico Madrid, "Saturday, February 19, 2011", "La Romareda (30,000)"
Mallorca, 1, 0, Athletic Bilbao, "Monday, February 14, 2011", "Iberostar Estadi (13,000)"
Hercules, 2, 1, Real Zaragoza, "Sunday, February 13, 2011", "José Rico Pérez (25,500)"
Levante, 1, 0, Almeria, "Sunday, February 13, 2011", "Ciutat de Valencia (11,000)"
Malaga, 2, 2, Getafe, "Sunday, February 13, 2011", "La Rosaleda (24,000)"
Real Sociedad, 1, 0, Osasuna, "Sunday, February 13, 2011", "Anoeta (25,000)"
Deportivo La Coruña, 1, 0, Villarreal, "Sunday, February 13, 2011", "Municipal de Riazor (18,000)"
Espanyol, 0, 1, Real Madrid, "Sunday, February 13, 2011", "Cornellá - El Prat (39,000)"
Atletico Madrid, 1, 2, Valencia, "Saturday, February 12, 2011", "Vicente Calderón (47,000)"
Sporting Gijon, 1, 1, Barcelona, "Saturday, February 12, 2011", "El Molinón (23,000)"
Racing Santander, 3, 2, Sevilla FC, "Saturday, February 12, 2011", "El Sardinero (18,000)"
Sevilla FC, 0, 0, Malaga, "Sunday, February 6, 2011", "Ramón Sánchez Pizjuán (40,000)"
Real Madrid, 4, 1, Real Sociedad, "Sunday, February 6, 2011", "Santiago Bernabéu (70,000)"
Valencia, 2, 0, Hercules, "Sunday, February 6, 2011", "Mestalla (43,000)"
Almeria, 3, 2, Espanyol, "Saturday, February 5, 2011", "Juegos Mediterráneos (12,000)"
Athletic Bilbao, 3, 0, Sporting Gijon, "Saturday, February 5, 2011", "San Mamés (33,000)"
Getafe, 4, 1, Deportivo La Coruña, "Saturday, February 5, 2011", "Coliseum Alfonso Pérez (11,000)"
Osasuna, 1, 1, Mallorca, "Saturday, February 5, 2011", "Reyno de Navarra (15,500)"
Real Zaragoza, 1, 1, Racing Santander, "Saturday, February 5, 2011", "La Romareda (24,000)"
Villarreal, 0, 1, Levante, "Saturday, February 5, 2011", "El Madrigal (16,000)"
Barcelona, 3, 0, Atletico Madrid, "Saturday, February 5, 2011", "Camp Nou (93,000)"
Racing Santander, 1, 1, Valencia, "Monday, January 31, 2011", "El Sardinero (15,000)"
Atletico Madrid, 0, 2, Athletic Bilbao, "Sunday, January 30, 2011", "Vicente Calderón (47,000)"
Osasuna, 1, 0, Real Madrid, "Sunday, January 30, 2011", "Reyno de Navarra (19,000)"
Espanyol, 0, 1, Villarreal, "Sunday, January 30, 2011", "Cornellá - El Prat (33,000)"
Levante, 2, 0, Getafe, "Saturday, January 29, 2011", "Ciutat de Valencia (14,000)"
Malaga, 1, 2, Real Zaragoza, "Saturday, January 29, 2011", "La Rosaleda (21,000)"
Mallorca, 0, 4, Sporting Gijon, "Saturday, January 29, 2011", "Iberostar Estadi (12,500)"
Real Sociedad, 2, 0, Almeria, "Saturday, January 29, 2011", "Anoeta (22,000)"
Hercules, 0, 3, Barcelona, "Saturday, January 29, 2011", "José Rico Pérez (29,000)"
Deportivo La Coruña, 3, 3, Sevilla FC, "Saturday, January 29, 2011", "Municipal de Riazor (31,000)"
Athletic Bilbao, 3, 0, Hercules, "Monday, January 24, 2011", "San Mamés (26,000)"
Almeria, 3, 2, Osasuna, "Sunday, January 23, 2011", "Juegos Mediterráneos (10,000)"
Getafe, 1, 3, Espanyol, "Sunday, January 23, 2011", "Coliseum Alfonso Pérez (11,000)"
Real Zaragoza, 1, 0, Deportivo La Coruña, "Sunday, January 23, 2011", "La Romareda (22,000)"
Sporting Gijon, 1, 0, Atletico Madrid, "Sunday, January 23, 2011", "El Molinón (22,000)"
Real Madrid, 1, 0, Mallorca, "Sunday, January 23, 2011", "Santiago Bernabéu (73,000)"
Villarreal, 2, 1, Real Sociedad, "Sunday, January 23, 2011", "El Madrigal (19,000)"
Sevilla FC, 4, 1, Levante, "Saturday, January 22, 2011", "Ramón Sánchez Pizjuán (36,000)"
Barcelona, 3, 0, Racing Santander, "Saturday, January 22, 2011", "Camp Nou (75,000)"
Valencia, 4, 3, Malaga, "Saturday, January 22, 2011", "Mestalla (42,000)"
Atletico Madrid, 3, 0, Mallorca, "Monday, January 17, 2011", "Vicente Calderón (30,000)"
Valencia, 2, 0, Deportivo La Coruña, "Sunday, January 16, 2011", "Mestalla (36,000)"
Almeria, 1, 1, Real Madrid, "Sunday, January 16, 2011", "Juegos Mediterráneos (20,000)"
Barcelona, 4, 1, Malaga, "Sunday, January 16, 2011", "Camp Nou (80,000)"
Getafe, 0, 4, Real Sociedad, "Saturday, January 15, 2011", "Coliseum Alfonso Pérez (10,000)"
Real Zaragoza, 1, 0, Levante, "Saturday, January 15, 2011", "La Romareda (18,000)"
Sporting Gijon, 2, 0, Hercules, "Saturday, January 15, 2011", "El Molinón (17,000)"
Villarreal, 4, 2, Osasuna, "Saturday, January 15, 2011", "El Madrigal (19,000)"
Athletic Bilbao, 2, 1, Racing Santander, "Saturday, January 15, 2011", "San Mamés (35,000)"
Sevilla FC, 1, 2, Espanyol, "Saturday, January 15, 2011", "Ramón Sánchez Pizjuán (40,000)"
Hercules, 4, 1, Atletico Madrid, "Monday, January 10, 2011", "José Rico Pérez (25,000)"
Espanyol, 4, 0, Real Zaragoza, "Sunday, January 9, 2011", "Cornellá - El Prat (25,000)"
Mallorca, 4, 1, Almeria, "Sunday, January 9, 2011", "Iberostar Estadi (12,000)"
Osasuna, 0, 0, Getafe, "Sunday, January 9, 2011", "Reyno de Navarra (17,000)"
Racing Santander, 1, 1, Sporting Gijon, "Sunday, January 9, 2011", "El Sardinero (14,000)"
Real Madrid, 4, 2, Villarreal, "Sunday, January 9, 2011", "Santiago Bernabéu (72,000)"
Levante, 0, 1, Valencia, "Sunday, January 9, 2011", "Ciutat de Valencia (23,000)"
Malaga, 1, 1, Athletic Bilbao, "Saturday, January 8, 2011", "La Rosaleda (25,000)"
Real Sociedad, 2, 3, Sevilla FC, "Saturday, January 8, 2011", "Anoeta (28,000)"
Deportivo La Coruña, 0, 4, Barcelona, "Saturday, January 8, 2011", "Municipal de Riazor (32,000)"
Atletico Madrid, 0, 0, Racing Santander, "Monday, January 3, 2011", "Vicente Calderón (35,000)"
Mallorca, 3, 0, Hercules, "Monday, January 3, 2011", "Iberostar Estadi (18,000)"
Real Zaragoza, 2, 1, Real Sociedad, "Monday, January 3, 2011", "La Romareda (20,000)"
Villarreal, 2, 0, Almeria, "Monday, January 3, 2011", "El Madrigal (19,000)"
Getafe, 2, 3, Real Madrid, "Monday, January 3, 2011", "Coliseum Alfonso Pérez (15,000)"
Athletic Bilbao, 1, 2, Deportivo La Coruña, "Sunday, January 2, 2011", "San Mamés (38,000)"
Barcelona, 2, 1, Levante, "Sunday, January 2, 2011", "Camp Nou (70,000)"
Sporting Gijon, 1, 2, Malaga, "Sunday, January 2, 2011", "El Molinón (20,000)"
Sevilla FC, 1, 0, Osasuna, "Sunday, January 2, 2011", "Ramón Sánchez Pizjuán (31,000)"
Valencia, 2, 1, Espanyol, "Sunday, January 2, 2011", "Mestalla (45,000)"
Racing Santander, 0, 0, Hercules, "Monday, December 20, 2010", "El Sardinero (17,000)"
Almeria, 2, 3, Getafe, "Sunday, December 19, 2010", "Juegos Mediterráneos (10,000)"
Osasuna, 0, 0, Real Zaragoza, "Sunday, December 19, 2010", "Reyno de Navarra (18,000)"
Malaga, 0, 3, Atletico Madrid, "Sunday, December 19, 2010", "La Rosaleda (25,000)"
Real Madrid, 1, 0, Sevilla FC, "Sunday, December 19, 2010", "Santiago Bernabéu (80,000)"
Deportivo La Coruña, 1, 1, Sporting Gijon, "Saturday, December 18, 2010", "Municipal de Riazor (20,000)"
Levante, 1, 2, Athletic Bilbao, "Saturday, December 18, 2010", "Ciutat de Valencia (15,000)"
Villarreal, 3, 1, Mallorca, "Saturday, December 18, 2010", "El Madrigal (20,000)"
Espanyol, 1, 5, Barcelona, "Saturday, December 18, 2010", "Cornellá - El Prat (38,000)"
Real Sociedad, 1, 2, Valencia, "Saturday, December 18, 2010", "Anoeta (30,000)"
Valencia, 3, 3, Osasuna, "Monday, December 13, 2010", "Mestalla (28,000)"
Athletic Bilbao, 2, 1, Espanyol, "Sunday, December 12, 2010", "San Mamés (37,000)"
Hercules, 4, 1, Malaga, "Sunday, December 12, 2010", "José Rico Pérez (18,000)"
Mallorca, 0, 1, Racing Santander, "Sunday, December 12, 2010", "Iberostar Estadi (15,000)"
Sporting Gijon, 1, 1, Levante, "Sunday, December 12, 2010", "El Molinón (18,000)"
Real Zaragoza, 1, 3, Real Madrid, "Sunday, December 12, 2010", "La Romareda (30,000)"
Barcelona, 5, 0, Real Sociedad, "Sunday, December 12, 2010", "Camp Nou (75,000)"
Getafe, 1, 0, Villarreal, "Saturday, December 11, 2010", "Coliseum Alfonso Pérez (10,000)"
Sevilla FC, 1, 3, Almeria, "Saturday, December 11, 2010", "Ramón Sánchez Pizjuán (25,000)"
Atletico Madrid, 2, 0, Deportivo La Coruña, "Saturday, December 11, 2010", "Vicente Calderón (48,000)"
Deportivo La Coruña, 1, 0, Hercules, "Monday, December 6, 2010", "Municipal de Riazor (12,000)"
Almeria, 1, 1, Real Zaragoza, "Sunday, December 5, 2010", "Juegos Mediterráneos (13,000)"
Espanyol, 1, 0, Sporting Gijon, "Sunday, December 5, 2010", "Cornellá - El Prat (30,000)"
Getafe, 3, 0, Mallorca, "Sunday, December 5, 2010", "Coliseum Alfonso Pérez (9,000)"
Malaga, 4, 1, Racing Santander, "Sunday, December 5, 2010", "La Rosaleda (23,000)"
Villarreal, 1, 0, Sevilla FC, "Sunday, December 5, 2010", "El Madrigal (21,000)"
Real Sociedad, 2, 0, Athletic Bilbao, "Sunday, December 5, 2010", "Anoeta (30,000)"
Levante, 2, 0, Atletico Madrid, "Saturday, December 4, 2010", "Ciutat de Valencia (25,000)"
Osasuna, 0, 3, Barcelona, "Saturday, December 4, 2010", "Reyno de Navarra (19,000)"
Real Madrid, 2, 0, Valencia, "Saturday, December 4, 2010", "Santiago Bernabéu (79,000)"
Barcelona, 5, 0, Real Madrid, "Monday, November 29, 2010", "Estadio Camp Nou (98,000)"
Hercules, 3, 1, Levante, "Sunday, November 28, 2010", "José Rico Pérez (18,000)"
Mallorca, 2, 0, Malaga, "Sunday, November 28, 2010", "Iberostar Estadi (13,000)"
Racing Santander, 1, 0, Deportivo La Coruña, "Sunday, November 28, 2010", "El Sardinero (15,000)"
Sporting Gijon, 1, 3, Real Sociedad, "Sunday, November 28, 2010", "El Molinón (20,000)"
Athletic Bilbao, 1, 0, Osasuna, "Sunday, November 28, 2010", "San Mamés (37,000)"
Valencia, 2, 1, Almeria, "Sunday, November 28, 2010", "Mestalla (40,000)"
Real Zaragoza, 0, 3, Villarreal, "Saturday, November 27, 2010", "La Romareda (30,000)"
Sevilla FC, 1, 3, Getafe, "Saturday, November 27, 2010", "Ramón Sánchez Pizjuán (40,000)"
Atletico Madrid, 2, 3, Espanyol, "Saturday, November 27, 2010", "Vicente Calderón (53,000)"
Getafe, 1, 1, Real Zaragoza, "Monday, November 22, 2010", "Coliseum Alfonso Pérez (6,000)"
Deportivo La Coruña, 3, 0, Malaga, "Sunday, November 21, 2010", "Municipal de Riazor (25,000)"
Espanyol, 3, 0, Hercules, "Sunday, November 21, 2010", "Cornellá - El Prat (30,000)"
Levante, 3, 1, Racing Santander, "Sunday, November 21, 2010", "Ciutat de Valencia (12,000)"
Osasuna, 1, 0, Sporting Gijon, "Sunday, November 21, 2010", "Reyno de Navarra (18,000)"
Sevilla FC, 1, 2, Mallorca, "Sunday, November 21, 2010", "Ramón Sánchez Pizjuán (40,000)"
Real Sociedad, 2, 4, Atletico Madrid, "Sunday, November 21, 2010", "Anoeta (28,000)"
Villarreal, 1, 1, Valencia, "Saturday, November 20, 2010", "El Madrigal (20,000)"
Almeria, 0, 8, Barcelona, "Saturday, November 20, 2010", "Juegos Mediterráneos (21,500)"
Real Madrid, 5, 1, Athletic Bilbao, "Saturday, November 20, 2010", "Santiago Bernabéu (75,000)"
Hercules, 2, 1, Real Sociedad, "Sunday, November 14, 2010", "José Rico Pérez (18,000)"
Malaga, 1, 0, Levante, "Sunday, November 14, 2010", "La Rosaleda (15,000)"
Mallorca, 0, 0, Deportivo La Coruña, "Sunday, November 14, 2010", "Iberostar Estadi (15,000)"
Racing Santander, 0, 0, Espanyol, "Sunday, November 14, 2010", "El Sardinero (16,000)"
Real Zaragoza, 1, 2, Sevilla FC, "Sunday, November 14, 2010", "La Romareda (28,000)"
Sporting Gijon, 0, 1, Real Madrid, "Sunday, November 14, 2010", "El Molinón (24,000)"
Valencia, 2, 0, Getafe, "Sunday, November 14, 2010", "Mestalla (32,000)"
Athletic Bilbao, 1, 0, Almeria, "Saturday, November 13, 2010", "San Mamés (35,000)"
Atletico Madrid, 3, 0, Osasuna, "Saturday, November 13, 2010", "Vicente Calderón (50,000)"
Barcelona, 3, 1, Villarreal, "Saturday, November 13, 2010", "Camp Nou (80,000)"
Sevilla FC, 2, 0, Valencia, "Monday, November 8, 2010", "Ramón Sánchez Pizjuán (42,000)"
Almeria, 1, 1, Sporting Gijon, "Sunday, November 7, 2010", "Juegos Mediterráneos (13,000)"
Levante, 1, 2, Deportivo La Coruña, "Sunday, November 7, 2010", "Ciutat de Valencia (15,000)"
Osasuna, 3, 0, Hercules, "Sunday, November 7, 2010", "Reyno de Navarra (15,000)"
Real Zaragoza, 3, 2, Mallorca, "Sunday, November 7, 2010", "La Romareda (23,000)"
Villarreal, 4, 1, Athletic Bilbao, "Sunday, November 7, 2010", "El Madrigal (20,000)"
Getafe, 1, 3, Barcelona, "Sunday, November 7, 2010", "Coliseum Alfonso Pérez (17,000)"
Real Madrid, 2, 0, Atletico Madrid, "Sunday, November 7, 2010", "Santiago Bernabéu (80,000)"
Real Sociedad, 1, 0, Racing Santander, "Saturday, November 6, 2010", "Anoeta (23,000)"
Espanyol, 1, 0, Malaga, "Saturday, November 6, 2010", "Cornellá - El Prat (25,000)"
Mallorca, 2, 1, Levante, "Monday, November 1, 2010", "Iberostar Estadi (9,000)"
Deportivo La Coruña, 3, 0, Espanyol, "Sunday, October 31, 2010", "Municipal de Riazor (13,000)"
Malaga, 1, 2, Real Sociedad, "Sunday, October 31, 2010", "La Rosaleda (18,000)"
Racing Santander, 4, 1, Osasuna, "Sunday, October 31, 2010", "El Sardinero (12,000)"
Sporting Gijon, 1, 1, Villarreal, "Sunday, October 31, 2010", "El Molinón (20,000)"
Atletico Madrid, 1, 1, Almeria, "Sunday, October 31, 2010", "Vicente Calderón (35,000)"
Athletic Bilbao, 3, 0, Getafe, "Sunday, October 31, 2010", "San Mamés (30,000)"
Valencia, 1, 1, Real Zaragoza, "Saturday, October 30, 2010", "Mestalla (35,000)"
Hercules, 1, 3, Real Madrid, "Saturday, October 30, 2010", "José Rico Pérez (30,000)"
Barcelona, 5, 0, Sevilla FC, "Saturday, October 30, 2010", "Camp Nou (85,000)"
Real Sociedad, 3, 0, Deportivo La Coruña, "Monday, October 25, 2010", "Anoeta (19,000)"
Almeria, 1, 1, Hercules, "Sunday, October 24, 2010", "Juegos Mediterráneos (10,000)"
Espanyol, 2, 1, Levante, "Sunday, October 24, 2010", "Cornellá - El Prat (20,000)"
Getafe, 3, 0, Sporting Gijon, "Sunday, October 24, 2010", "Coliseum Alfonso Pérez (11,000)"
Osasuna, 3, 0, Malaga, "Sunday, October 24, 2010", "Reyno de Navarra (14,000)"
Sevilla FC, 4, 3, Athletic Bilbao, "Sunday, October 24, 2010", "Ramón Sánchez Pizjuán (40,000)"
Villarreal, 2, 0, Atletico Madrid, "Sunday, October 24, 2010", "El Madrigal (20,000)"
Real Zaragoza, 0, 2, Barcelona, "Saturday, October 23, 2010", "La Romareda (35,000)"
Real Madrid, 6, 1, Racing Santander, "Saturday, October 23, 2010", "Santiago Bernabéu (60,000)"
Valencia, 1, 2, Mallorca, "Saturday, October 23, 2010", "Mestalla (45,000)"
Hercules, 2, 2, Villarreal, "Monday, October 18, 2010", "José Rico Pérez (20,000)"
Deportivo La Coruña, 0, 0, Osasuna, "Sunday, October 17, 2010", "Municipal de Riazor (13,000)"
Levante, 2, 1, Real Sociedad, "Sunday, October 17, 2010", "Ciutat de Valencia (10,000)"
Mallorca, 0, 1, Espanyol, "Sunday, October 17, 2010", "Iberostar Estadi (12,000)"
Racing Santander, 1, 0, Almeria, "Sunday, October 17, 2010", "El Sardinero (14,000)"
Athletic Bilbao, 2, 1, Real Zaragoza, "Sunday, October 17, 2010", "San Mamés (30,000)"
Sporting Gijon, 2, 0, Sevilla FC, "Sunday, October 17, 2010", "El Molinón (20,000)"
Atletico Madrid, 2, 0, Getafe, "Saturday, October 16, 2010", "Vicente Calderón (45,000)"
Barcelona, 2, 1, Valencia, "Saturday, October 16, 2010", "Camp Nou (85,000)"
Malaga, 1, 4, Real Madrid, "Saturday, October 16, 2010", "La Rosaleda (30,000)"
Almeria, 1, 1, Malaga, "Sunday, October 3, 2010", "Juegos Mediterráneos (10,000)"
Getafe, 3, 0, Hercules, "Sunday, October 3, 2010", "Coliseum Alfonso Pérez (7,000)"
Osasuna, 1, 1, Levante, "Sunday, October 3, 2010", "Reyno de Navarra (11,500)"
Sevilla FC, 3, 1, Atletico Madrid, "Sunday, October 3, 2010", "Ramón Sánchez Pizjuán (40,000)"
Villarreal, 2, 0, Racing Santander, "Sunday, October 3, 2010", "El Madrigal (17,000)"
Barcelona, 1, 1, Mallorca, "Sunday, October 3, 2010", "Camp Nou (80,000)"
Real Madrid, 6, 1, Deportivo La Coruña, "Sunday, October 3, 2010", "Santiago Bernabéu (60,000)"
Real Zaragoza, 2, 2, Sporting Gijon, "Saturday, October 2, 2010", "La Romareda (23,000)"
Real Sociedad, 1, 0, Espanyol, "Saturday, October 2, 2010", "Anoeta (25,000)"
Valencia, 2, 1, Athletic Bilbao, "Saturday, October 2, 2010", "Mestalla (38,395)"
Malaga, 2, 3, Villarreal, "Monday, September 27, 2010", "La Rosaleda (18,000)"
Deportivo La Coruña, 0, 2, Almeria, "Sunday, September 26, 2010", "Municipal de Riazor (15,000)"
Espanyol, 1, 0, Osasuna, "Sunday, September 26, 2010", "Cornellá - El Prat (23,000)"
Mallorca, 2, 0, Real Sociedad, "Sunday, September 26, 2010", "Iberostar Estadi (11,000)"
Racing Santander, 0, 1, Getafe, "Sunday, September 26, 2010", "El Sardinero (14,000)"
Hercules, 2, 0, Sevilla FC, "Sunday, September 26, 2010", "José Rico Pérez (17,000)"
Atletico Madrid, 1, 0, Real Zaragoza, "Sunday, September 26, 2010", "Vicente Calderón (35,000)"
Sporting Gijon, 0, 2, Valencia, "Saturday, September 25, 2010", "El Molinón (17,000)"
Levante, 0, 0, Real Madrid, "Saturday, September 25, 2010", "Ciutat de Valencia (25,000)"
Athletic Bilbao, 1, 3, Barcelona, "Saturday, September 25, 2010", "San Mamés (40,000)"
Getafe, 0, 2, Malaga, "Thursday, September 23, 2010", "Coliseum Alfonso Pérez (8,000)"
Villarreal, 1, 0, Deportivo La Coruña, "Thursday, September 23, 2010", "El Madrigal (15,500)"
Sevilla FC, 1, 1, Racing Santander, "Thursday, September 23, 2010", "Ramón Sánchez Pizjuán (30,000)"
Almeria, 0, 1, Levante, "Wednesday, September 22, 2010", "Juegos Mediterráneos (7,500)"
Barcelona, 1, 0, Sporting Gijon, "Wednesday, September 22, 2010", "Camp Nou (65,000)"
Real Zaragoza, 0, 0, Hercules, "Wednesday, September 22, 2010", "La Romareda "
Valencia, 1, 1, Atletico Madrid, "Wednesday, September 22, 2010", "Mestalla (44,000)"
Athletic Bilbao, 3, 0, Mallorca, "Tuesday, September 21, 2010", "San Mamés (34,000)"
Osasuna, 3, 1, Real Sociedad, "Tuesday, September 21, 2010", "Reyno de Navarra (15,000)"
Real Madrid, 3, 0, Espanyol, "Tuesday, September 21, 2010", "Santiago Bernabéu (70,000)"
Deportivo La Coruña, 2, 2, Getafe, "Monday, September 20, 2010", "Municipal de Riazor (15,000)"
Hercules, 1, 2, Valencia, "Sunday, September 19, 2010", "José Rico Pérez (28,000)"
Levante, 1, 2, Villarreal, "Sunday, September 19, 2010", "Ciutat de Valencia (18,000)"
Racing Santander, 2, 0, Real Zaragoza, "Sunday, September 19, 2010", "El Sardinero (12,000)"
Atletico Madrid, 1, 2, Barcelona, "Sunday, September 19, 2010", "Vicente Calderón (55,000)"
Malaga, 1, 2, Sevilla FC, "Sunday, September 19, 2010", "La Rosaleda (25,000)"
Espanyol, 1, 0, Almeria, "Saturday, September 18, 2010", "Cornellá - El Prat (25,000)"
Mallorca, 2, 0, Osasuna, "Saturday, September 18, 2010", "Iberostar Estadi (12,000)"
Sporting Gijon, 2, 2, Athletic Bilbao, "Saturday, September 18, 2010", "El Molinón (20,000)"
Real Sociedad, 1, 2, Real Madrid, "Saturday, September 18, 2010", "Anoeta (32,000)"
Almeria, 2, 2, Real Sociedad, "Monday, September 13, 2010", "Juegos Mediterráneos (13,000)"
Getafe, 4, 1, Levante, "Sunday, September 12, 2010", "Coliseum Alfonso Pérez (9,000)"
Real Zaragoza, 3, 5, Malaga, "Sunday, September 12, 2010", "La Romareda (25,000)"
Sporting Gijon, 2, 0, Mallorca, "Sunday, September 12, 2010", "El Molinón (22,000)"
Villarreal, 4, 0, Espanyol, "Sunday, September 12, 2010", "El Madrigal (15,000)"
Sevilla FC, 0, 0, Deportivo La Coruña, "Sunday, September 12, 2010", "Ramón Sánchez Pizjuán (35,000)"
Barcelona, 0, 2, Hercules, "Saturday, September 11, 2010", "Camp Nou (62,000)"
Valencia, 1, 0, Racing Santander, "Saturday, September 11, 2010", "Mestalla (40,000)"
Real Madrid, 1, 0, Osasuna, "Saturday, September 11, 2010", "Santiago Bernabéu (80,000)"
Athletic Bilbao, 1, 2, Atletico Madrid, "Saturday, September 11, 2010", "San Mamés (38,000)"
Atletico Madrid, 4, 0, Sporting Gijon, "Monday, August 30, 2010", "Vicente Calderón (45,000)"
Deportivo La Coruña, 0, 0, Real Zaragoza, "Sunday, August 29, 2010", "Municipal de Riazor (22,000)"
Espanyol, 3, 1, Getafe, "Sunday, August 29, 2010", "Cornellá - El Prat (26,000)"
Osasuna, 0, 0, Almeria, "Sunday, August 29, 2010", "Reyno de Navarra (22,000)"
Real Sociedad, 1, 0, Villarreal, "Sunday, August 29, 2010", "Anoeta (24,000)"
Racing Santander, 0, 3, Barcelona, "Sunday, August 29, 2010", "El Sardinero (21,000)"
Mallorca, 0, 0, Real Madrid, "Sunday, August 29, 2010", "Iberostar Estadi (13,000)"
Hercules, 0, 1, Athletic Bilbao, "Saturday, August 28, 2010", "José Rico Pérez (23,000)"
Malaga, 1, 3, Valencia, "Saturday, August 28, 2010", "La Rosaleda (26,000)"
Levante, 1, 4, Sevilla FC, "Saturday, August 28, 2010", "Ciutat de Valencia (10,000)"
