home, homescore, awayscore, away, date, group
AC Ajaccio, 0, 2, Nice, "Sunday, May 26, 2013", "Francois-Coty  (7,599)"
Bastia, 0, 0, Sochaux, "Sunday, May 26, 2013", "Armand-Cesari-Furiani (14,619)"
Bordeaux, 2, 1, Evian Thonon Gaillard, "Sunday, May 26, 2013", "Chaban-Delmas (15,179)"
Brest, 1, 2, AS Nancy Lorraine, "Sunday, May 26, 2013", "Francis le Ble (9,698)"
Lille, 1, 1, St Etienne, "Sunday, May 26, 2013", "Grand Stade Lille Metropole (45,931)"
Lorient, 1, 3, Paris Saint-Germain , "Sunday, May 26, 2013", "Stade du Moustoir (16,336)"
Lyon, 2, 0, Stade Rennes, "Sunday, May 26, 2013", "Municipal De Gerland (38,705)"
Marseille, 0, 0, Stade de Reims, "Sunday, May 26, 2013", "Stade Velodrome (34,808)"
Toulouse, 2, 0, Montpellier, "Sunday, May 26, 2013", "Stadium Municipal (12,812)"
Valenciennes, 2, 1, Troyes, "Sunday, May 26, 2013", "Stade Nungesser (18,837)"
Nice, 1, 1, Lyon, "Sunday, May 19, 2013", "Municipal du Ray (15,968)"
AS Nancy Lorraine, 1, 2, Bastia, "Saturday, May 18, 2013", "Stade Marcel Picot (19,045)"
Evian Thonon Gaillard, 2, 0, Valenciennes, "Saturday, May 18, 2013", "Parc des Sports, Annecy (13,588)"
Montpellier, 0, 0, Lille, "Saturday, May 18, 2013", "Stade de la Mosson (17,561)"
Paris Saint-Germain , 3, 1, Brest, "Saturday, May 18, 2013", "Parc des Princes (44,983)"
Sochaux, 1, 2, Toulouse, "Saturday, May 18, 2013", "Stade Bonal (18,505)"
St Etienne, 2, 0, Marseille, "Saturday, May 18, 2013", "Stade Geoffrey-Guichard (25,306)"
Stade de Reims, 1, 0, Lorient, "Saturday, May 18, 2013", "Stade Auguste Delaune II (18,025)"
Stade Rennes, 1, 1, AC Ajaccio, "Saturday, May 18, 2013", "Stade dele Route--de-Lorient (15,805)"
Troyes, 1, 0, Bordeaux, "Saturday, May 18, 2013", "Stade de l`Aube (15,847)"
Lorient, 3, 1, St Etienne, "Sunday, May 12, 2013", "Stade du Moustoir (17,041)"
Evian Thonon Gaillard, 4, 0, Nice, "Sunday, May 12, 2013", "Parc des Sports (11,769)"
Lyon, 0, 1, Paris Saint-Germain , "Sunday, May 12, 2013", "Municipal De Gerland (39,939)"
Marseille, 2, 1, Toulouse, "Saturday, May 11, 2013", "Stade Velodrome (34,666)"
AC Ajaccio, 0, 1, Troyes, "Saturday, May 11, 2013", "Francois-Coty  (7,300)"
Bastia, 3, 1, Montpellier, "Saturday, May 11, 2013", "Armand-Cesari-Furiani "
Bordeaux, 3, 2, AS Nancy Lorraine, "Saturday, May 11, 2013", "Chaban-Delmas "
Brest, 0, 2, Sochaux, "Saturday, May 11, 2013", "Francis le Ble "
Valenciennes, 4, 1, Stade Rennes, "Saturday, May 11, 2013", "Stade Nungesser (13,143)"
Lille, 3, 0, Stade de Reims, "Friday, May 10, 2013", "Grand Stade Lille Metropole "
Stade Rennes, 0, 3, Nice, "Sunday, May 5, 2013", "Route de Lorient  (16,158)"
AS Nancy Lorraine, 0, 3, Lyon, "Sunday, May 5, 2013", "Marcel-Picot (19,122)"
Paris Saint-Germain , 1, 1, Valenciennes, "Sunday, May 5, 2013", "Parc des Princes (44,948)"
Marseille, 2, 1, Bastia, "Saturday, May 4, 2013", "Stade Velodrome (35,687)"
Montpellier, 2, 1, Brest, "Saturday, May 4, 2013", "La Mosson (16,074)"
Sochaux, 1, 0, Lorient, "Saturday, May 4, 2013", "Auguste-Bonal (17,311)"
Stade de Reims, 1, 1, AC Ajaccio, "Saturday, May 4, 2013", "Auguste Delaune (16,842)"
Toulouse, 4, 2, Lille, "Saturday, May 4, 2013", "Stadium Municipal (14,202)"
Troyes, 1, 0, Evian Thonon Gaillard, "Saturday, May 4, 2013", "Stade de l'Aube (17,086)"
St Etienne, 0, 0, Bordeaux, "Friday, May 3, 2013", "Geoffroy-Guichard (24,229)"
Lyon, 1, 1, St Etienne, "Sunday, April 28, 2013", "Municipal De Gerland (38,845)"
Nice, 3, 1, Troyes, "Sunday, April 28, 2013", "Municipal du Ray (8,749)"
Evian Thonon Gaillard, 0, 1, Paris Saint-Germain , "Sunday, April 28, 2013", "Parc des Sports (14,621)"
Lorient, 0, 1, Marseille, "Saturday, April 27, 2013", "Stade du Moustoir (17,395)"
AC Ajaccio, 2, 1, Montpellier, "Saturday, April 27, 2013", "Francois-Coty  (5,991)"
Bastia, 0, 0, Toulouse, "Saturday, April 27, 2013", "Armand-Cesari-Furiani (13,130)"
Bordeaux, 0, 0, Stade de Reims, "Saturday, April 27, 2013", "Chaban-Delmas (18,059)"
Brest, 0, 2, Stade Rennes, "Saturday, April 27, 2013", "Francis le Ble (11,573)"
Valenciennes, 0, 0, AS Nancy Lorraine, "Saturday, April 27, 2013", "Stade Nungesser (17,048)"
Lille, 3, 3, Sochaux, "Friday, April 26, 2013", "Grand Stade Lille Metropole (41,306)"
St Etienne, 4, 2, AC Ajaccio, "Wednesday, April 24, 2013", "Geoffroy-Guichard (25,084)"
Stade Rennes, 1, 2, Troyes, "Wednesday, April 24, 2013", "Route de Lorient  (14,263)"
Bastia, 1, 2, Lille, "Sunday, April 21, 2013", "Armand-Cesari-Furiani (14,436)"
AS Nancy Lorraine, 3, 1, Evian Thonon Gaillard, "Sunday, April 21, 2013", "Marcel-Picot (18,067)"
Sochaux, 2, 2, Bordeaux, "Sunday, April 21, 2013", "Auguste-Bonal (16,358)"
Stade de Reims, 0, 1, Valenciennes, "Sunday, April 21, 2013", "Auguste Delaune (16,095)"
Toulouse, 0, 1, Lorient, "Sunday, April 21, 2013", "Stadium Municipal (29,597)"
Paris Saint-Germain , 3, 0, Nice, "Sunday, April 21, 2013", "Parc des Princes (45,369)"
Marseille, 1, 0, Brest, "Saturday, April 20, 2013", "Stade Velodrome (33,316)"
Montpellier, 1, 2, Lyon, "Friday, April 19, 2013", "La Mosson "
Nice, 3, 0, Sochaux, "Sunday, April 14, 2013", "Municipal du Ray (10,091)"
Lyon, 3, 1, Toulouse, "Sunday, April 14, 2013", "Municipal De Gerland (34,678)"
Lille, 0, 0, Marseille, "Sunday, April 14, 2013", "Grand Stade Lille Metropole (47,828)"
Troyes, 0, 1, Paris Saint-Germain , "Saturday, April 13, 2013", "Stade de l'Aube (18,648)"
AC Ajaccio, 1, 1, AS Nancy Lorraine, "Saturday, April 13, 2013", "Francois-Coty  (6,500)"
Bordeaux, 4, 2, Montpellier, "Saturday, April 13, 2013", "Chaban-Delmas (20,277)"
Brest, 0, 2, Stade de Reims, "Saturday, April 13, 2013", "Francis le Ble (11,937)"
Evian Thonon Gaillard, 4, 2, Stade Rennes, "Saturday, April 13, 2013", "Parc des Sports (10,643)"
Lorient, 4, 1, Bastia, "Saturday, April 13, 2013", "Stade du Moustoir (14,270)"
Valenciennes, 0, 0, St Etienne, "Friday, April 12, 2013", "Stade Nungesser "
St Etienne, 1, 0, Evian Thonon Gaillard, "Sunday, April 7, 2013", "Geoffroy-Guichard (25,626)"
Stade de Reims, 1, 0, Lyon, "Sunday, April 7, 2013", "Auguste Delaune (20,298)"
Lille, 5, 0, Lorient, "Sunday, April 7, 2013", "Grand Stade Lille Metropole (38,574)"
Stade Rennes, 0, 2, Paris Saint-Germain , "Saturday, April 6, 2013", "Route de Lorient  (28,131)"
AS Nancy Lorraine, 1, 0, Troyes, "Saturday, April 6, 2013", "Marcel-Picot (19,111)"
Bastia, 4, 0, Brest, "Saturday, April 6, 2013", "Armand-Cesari-Furiani (13,371)"
Montpellier, 3, 1, Valenciennes, "Saturday, April 6, 2013", "La Mosson (17,507)"
Sochaux, 0, 0, AC Ajaccio, "Saturday, April 6, 2013", "Auguste-Bonal (16,818)"
Toulouse, 3, 4, Nice, "Saturday, April 6, 2013", "Stadium Municipal (11,191)"
Marseille, 1, 0, Bordeaux, "Friday, April 5, 2013", "Stade Velodrome (32,841)"
Nice, 0, 1, Marseille, "Sunday, March 31, 2013", "Municipal du Ray "
Brest, 1, 2, Lille, "Sunday, March 31, 2013", "Francis le Ble "
Lyon, 1, 2, Sochaux, "Sunday, March 31, 2013", "Municipal De Gerland "
Troyes, 2, 2, St Etienne, "Saturday, March 30, 2013", "Stade de l'Aube "
AC Ajaccio, 2, 3, Toulouse, "Saturday, March 30, 2013", "Francois-Coty  "
Bordeaux, 1, 1, Lorient, "Saturday, March 30, 2013", "Chaban-Delmas "
Evian Thonon Gaillard, 2, 2, Stade de Reims, "Saturday, March 30, 2013", "Parc des Sports "
Stade Rennes, 0, 2, AS Nancy Lorraine, "Saturday, March 30, 2013", "Route de Lorient  "
Valenciennes, 3, 4, Bastia, "Saturday, March 30, 2013", "Stade Nungesser "
Paris Saint-Germain , 1, 0, Montpellier, "Friday, March 29, 2013", "Parc des Princes (44,718)"
AS Nancy Lorraine, 1, 0, Nice, "Sunday, March 17, 2013", "Marcel-Picot (14,957)"
Toulouse, 0, 0, Bordeaux, "Sunday, March 17, 2013", "Stadium Municipal (17,794)"
St Etienne, 2, 2, Paris Saint-Germain , "Sunday, March 17, 2013", "Geoffroy-Guichard (25,036)"
Bastia, 4, 1, Lyon, "Saturday, March 16, 2013", "Armand-Cesari-Furiani (12,224)"
Lille, 1, 2, Evian Thonon Gaillard, "Saturday, March 16, 2013", "Grand Stade Lille Metropole (38,683)"
Lorient, 4, 0, Brest, "Saturday, March 16, 2013", "Stade du Moustoir (15,906)"
Montpellier, 1, 1, Troyes, "Saturday, March 16, 2013", "La Mosson (14,463)"
Sochaux, 1, 1, Valenciennes, "Saturday, March 16, 2013", "Auguste-Bonal (10,662)"
Stade de Reims, 1, 0, Stade Rennes, "Saturday, March 16, 2013", "Auguste Delaune (12,904)"
Marseille, 0, 0, AC Ajaccio, "Friday, March 15, 2013", "Stade Velodrome (30,986)"
Nice, 2, 0, Montpellier, "Sunday, March 10, 2013", "Municipal du Ray (11,642)"
Bordeaux, 1, 0, Bastia, "Sunday, March 10, 2013", "Chaban-Delmas (15,963)"
Lyon, 0, 0, Marseille, "Sunday, March 10, 2013", "Municipal De Gerland (38,819)"
Paris Saint-Germain , 2, 1, AS Nancy Lorraine, "Saturday, March 9, 2013", "Parc des Princes (44,990)"
AC Ajaccio, 1, 0, Lorient, "Saturday, March 9, 2013", "Francois-Coty  (6,344)"
Brest, 0, 1, Toulouse, "Saturday, March 9, 2013", "Francis le Ble (12,913)"
Evian Thonon Gaillard, 5, 1, Sochaux, "Saturday, March 9, 2013", "Parc des Sports (8,770)"
Troyes, 4, 2, Stade de Reims, "Saturday, March 9, 2013", "Stade de l'Aube (12,559)"
Valenciennes, 1, 3, Lille, "Saturday, March 9, 2013", "Stade Nungesser (18,451)"
Stade Rennes, 2, 2, St Etienne, "Friday, March 8, 2013", "Route de Lorient  (26,499)"
Brest, 1, 1, Lyon, "Sunday, March 3, 2013", "Francis le Ble (11,924)"
Marseille, 2, 1, Troyes, "Sunday, March 3, 2013", "Stade Velodrome (32,106)"
Lille, 2, 1, Bordeaux, "Sunday, March 3, 2013", "Grand Stade Lille Metropole (40,409)"
Stade de Reims, 1, 0, Paris Saint-Germain , "Saturday, March 2, 2013", "Auguste Delaune (20,098)"
Bastia, 1, 0, AC Ajaccio, "Saturday, March 2, 2013", "Armand-Cesari-Furiani (15,205)"
Lorient, 1, 1, Valenciennes, "Saturday, March 2, 2013", "Stade du Moustoir (14,684)"
Sochaux, 1, 2, AS Nancy Lorraine, "Saturday, March 2, 2013", "Auguste-Bonal (12,912)"
St Etienne, 4, 0, Nice, "Saturday, March 2, 2013", "Geoffroy-Guichard (24,358)"
Toulouse, 0, 0, Evian Thonon Gaillard, "Saturday, March 2, 2013", "Stadium Municipal (11,011)"
Montpellier, 2, 0, Stade Rennes, "Friday, March 1, 2013", "La Mosson (16,934)"
Lyon, 3, 1, Lorient, "Sunday, February 24, 2013", "Municipal De Gerland (30,343)"
Bordeaux, 0, 2, Brest, "Sunday, February 24, 2013", "Chaban-Delmas (14,261)"
Paris Saint-Germain , 2, 0, Marseille, "Sunday, February 24, 2013", "Parc des Princes (44,984)"
Stade Rennes, 2, 2, Sochaux, "Saturday, February 23, 2013", "Route de Lorient  (13,767)"
AC Ajaccio, 1, 3, Lille, "Saturday, February 23, 2013", "Francois-Coty  (5,873)"
AS Nancy Lorraine, 0, 3, St Etienne, "Saturday, February 23, 2013", "Marcel-Picot (13,328)"
Evian Thonon Gaillard, 0, 1, Montpellier, "Saturday, February 23, 2013", "Parc des Sports (7,897)"
Troyes, 0, 0, Bastia, "Saturday, February 23, 2013", "Stade de l'Aube (10,750)"
Valenciennes, 0, 0, Toulouse, "Saturday, February 23, 2013", "Stade Nungesser (11,470)"
Nice, 2, 0, Stade de Reims, "Friday, February 22, 2013", "Municipal du Ray (8,463)"
Bordeaux, 0, 4, Lyon, "Sunday, February 17, 2013", "Chaban-Delmas (27,240)"
Stade de Reims, 1, 1, St Etienne, "Sunday, February 17, 2013", "Auguste Delaune (19,169)"
Sochaux, 3, 2, Paris Saint-Germain , "Sunday, February 17, 2013", "Auguste-Bonal (19,390)"
Marseille, 1, 0, Valenciennes, "Saturday, February 16, 2013", "Stade Velodrome (31,446)"
Bastia, 0, 1, Nice, "Saturday, February 16, 2013", "Armand-Cesari-Furiani (14,551)"
Brest, 1, 1, AC Ajaccio, "Saturday, February 16, 2013", "Francis le Ble (12,067)"
Lorient, 2, 1, Evian Thonon Gaillard, "Saturday, February 16, 2013", "Stade du Moustoir (11,934)"
Montpellier, 1, 0, AS Nancy Lorraine, "Saturday, February 16, 2013", "La Mosson (14,462)"
Toulouse, 2, 2, Troyes, "Saturday, February 16, 2013", "Stadium Municipal (12,033)"
Lille, 2, 0, Stade Rennes, "Friday, February 15, 2013", "Grand Stade Lille Metropole (36,929)"
Evian Thonon Gaillard, 1, 1, Marseille, "Sunday, February 10, 2013", "Parc des Sports (14,097)"
Stade Rennes, 2, 0, Toulouse, "Sunday, February 10, 2013", "Route de Lorient  (15,055)"
Lyon, 1, 3, Lille, "Sunday, February 10, 2013", "Municipal De Gerland (30,705)"
St Etienne, 4, 1, Montpellier, "Saturday, February 9, 2013", "Geoffroy-Guichard (21,476)"
AC Ajaccio, 1, 0, Bordeaux, "Saturday, February 9, 2013", "Francois-Coty  (6,513)"
AS Nancy Lorraine, 1, 2, Stade de Reims, "Saturday, February 9, 2013", "Marcel-Picot (15,063)"
Nice, 1, 1, Lorient, "Saturday, February 9, 2013", "Municipal du Ray (8,733)"
Troyes, 0, 0, Sochaux, "Saturday, February 9, 2013", "Stade de l'Aube (13,967)"
Valenciennes, 2, 1, Brest, "Saturday, February 9, 2013", "Stade Nungesser (12,374)"
Paris Saint-Germain , 3, 1, Bastia, "Friday, February 8, 2013", "Parc des Princes (44,619)"
AC Ajaccio, 3, 1, Lyon, "Sunday, February 3, 2013", "Francois-Coty  (6,987)"
Montpellier, 3, 1, Stade de Reims, "Sunday, February 3, 2013", "La Mosson (14,667)"
Marseille, 0, 1, AS Nancy Lorraine, "Sunday, February 3, 2013", "Stade Velodrome (30,634)"
Lorient, 2, 2, Stade Rennes, "Saturday, February 2, 2013", "Stade du Moustoir (17,203)"
Bastia, 0, 0, Evian Thonon Gaillard, "Saturday, February 2, 2013", "Abbe-Deschamps (723)"
Bordeaux, 2, 0, Valenciennes, "Saturday, February 2, 2013", "Chaban-Delmas (15,243)"
Brest, 0, 2, Nice, "Saturday, February 2, 2013", "Francis le Ble (11,273)"
Lille, 1, 1, Troyes, "Saturday, February 2, 2013", "Grand Stade Lille Metropole (36,315)"
Sochaux, 1, 2, St Etienne, "Saturday, February 2, 2013", "Auguste-Bonal (12,685)"
Toulouse, 0, 4, Paris Saint-Germain , "Friday, February 1, 2013", "Stadium Municipal (35,012)"
St Etienne, 3, 0, Bastia, "Sunday, January 27, 2013", "Geoffroy-Guichard (21,281)"
Nice, 0, 1, Bordeaux, "Sunday, January 27, 2013", "Municipal du Ray (12,062)"
Paris Saint-Germain , 1, 0, Lille, "Sunday, January 27, 2013", "Parc des Princes (42,029)"
Stade Rennes, 2, 2, Marseille, "Saturday, January 26, 2013", "Route de Lorient  (27,258)"
AS Nancy Lorraine, 2, 1, Lorient, "Saturday, January 26, 2013", "Marcel-Picot (13,010)"
Evian Thonon Gaillard, 1, 1, AC Ajaccio, "Saturday, January 26, 2013", "Parc des Sports (7,601)"
Montpellier, 2, 0, Sochaux, "Saturday, January 26, 2013", "La Mosson (14,528)"
Stade de Reims, 1, 1, Toulouse, "Saturday, January 26, 2013", "Auguste Delaune (12,522)"
Troyes, 2, 1, Brest, "Saturday, January 26, 2013", "Stade de l'Aube (12,732)"
Valenciennes, 0, 2, Lyon, "Friday, January 25, 2013", "Stade Nungesser (14,412)"
Bastia, 0, 2, Stade Rennes, "Sunday, January 20, 2013", "Stade Jean Laville (791)"
Lille, 0, 2, Nice, "Sunday, January 20, 2013", "Grand Stade Lille Metropole (38,671)"
Bordeaux, 0, 1, Paris Saint-Germain , "Sunday, January 20, 2013", "Chaban-Delmas (31,858)"
Sochaux, 1, 0, Stade de Reims, "Saturday, January 19, 2013", "Auguste-Bonal (8,843)"
Marseille, 3, 2, Montpellier, "Saturday, January 19, 2013", "Stade Velodrome (32,755)"
AC Ajaccio, 1, 1, Valenciennes, "Saturday, January 19, 2013", "Francois-Coty  (6,052)"
Brest, 0, 1, St Etienne, "Saturday, January 19, 2013", "Francis le Ble (11,248)"
Lorient, 3, 2, Troyes, "Saturday, January 19, 2013", "Stade du Moustoir (13,305)"
Toulouse, 2, 1, AS Nancy Lorraine, "Saturday, January 19, 2013", "Stadium Municipal (12,005)"
Lyon, 0, 0, Evian Thonon Gaillard, "Friday, January 18, 2013", "Municipal De Gerland (30,811)"
Stade de Reims, 1, 2, Bastia, "Sunday, January 13, 2013", "Auguste Delaune (13,029)"
Nice, 5, 0, Valenciennes, "Sunday, January 13, 2013", "Municipal du Ray (6,533)"
Sochaux, 3, 1, Marseille, "Sunday, January 13, 2013", "Auguste-Bonal (13,488)"
Troyes, 1, 2, Lyon, "Saturday, January 12, 2013", "Stade de l'Aube (13,481)"
AS Nancy Lorraine, 2, 2, Lille, "Saturday, January 12, 2013", "Marcel-Picot (13,709)"
Evian Thonon Gaillard, 0, 2, Brest, "Saturday, January 12, 2013", "Parc des Sports (7,338)"
Montpellier, 2, 0, Lorient, "Saturday, January 12, 2013", "La Mosson (15,462)"
Stade Rennes, 0, 2, Bordeaux, "Saturday, January 12, 2013", "Route de Lorient  (22,276)"
St Etienne, 2, 2, Toulouse, "Friday, January 11, 2013", "Geoffroy-Guichard (18,410)"
Paris Saint-Germain , 0, 0, AC Ajaccio, "Friday, January 11, 2013", "Parc des Princes (42,008)"
Valenciennes, 2, 1, Evian Thonon Gaillard, "Sunday, December 23, 2012", "Stade Nungesser (14,308)"
Toulouse, 2, 0, Sochaux, "Sunday, December 23, 2012", "Stadium Municipal (16,401)"
Marseille, 1, 0, St Etienne, "Sunday, December 23, 2012", "Stade Velodrome (37,007)"
Lille, 4, 1, Montpellier, "Saturday, December 22, 2012", "Grand Stade Lille Metropole (44,735)"
AC Ajaccio, 2, 4, Stade Rennes, "Saturday, December 22, 2012", "Francois-Coty  (6,312)"
Bastia, 4, 2, AS Nancy Lorraine, "Saturday, December 22, 2012", "Armand-Cesari-Furiani (847)"
Bordeaux, 0, 0, Troyes, "Saturday, December 22, 2012", "Chaban-Delmas (19,726)"
Lorient, 2, 2, Stade de Reims, "Saturday, December 22, 2012", "Stade du Moustoir (16,471)"
Lyon, 3, 0, Nice, "Saturday, December 22, 2012", "Municipal De Gerland (30,900)"
Brest, 0, 3, Paris Saint-Germain , "Friday, December 21, 2012", "Francis le Ble (14,601)"
AS Nancy Lorraine, 1, 1, Bordeaux, "Sunday, December 16, 2012", "Marcel-Picot (16,394)"
St Etienne, 0, 2, Lorient, "Sunday, December 16, 2012", "Geoffroy-Guichard (20,557)"
Paris Saint-Germain , 1, 0, Lyon, "Sunday, December 16, 2012", "Parc des Princes (44,768)"
Toulouse, 0, 1, Marseille, "Saturday, December 15, 2012", "Stadium Municipal (22,101)"
Montpellier, 4, 0, Bastia, "Saturday, December 15, 2012", "La Mosson (15,229)"
Nice, 3, 2, Evian Thonon Gaillard, "Saturday, December 15, 2012", "Municipal du Ray (8,200)"
Sochaux, 1, 2, Brest, "Saturday, December 15, 2012", "Auguste-Bonal (11,284)"
Stade de Reims, 1, 1, Lille, "Saturday, December 15, 2012", "Auguste Delaune (14,093)"
Troyes, 3, 2, AC Ajaccio, "Saturday, December 15, 2012", "Stade de l'Aube (17,474)"
Stade Rennes, 2, 0, Valenciennes, "Friday, December 14, 2012", "Route de Lorient  (13,275)"
Bordeaux, 0, 0, St Etienne, "Thursday, December 13, 2012", "Chaban-Delmas (19,066)"
AC Ajaccio, 2, 0, Stade de Reims, "Wednesday, December 12, 2012", "Francois-Coty  (5,843)"
Brest, 1, 2, Montpellier, "Wednesday, December 12, 2012", "Francis le Ble (10,668)"
Evian Thonon Gaillard, 2, 0, Troyes, "Wednesday, December 12, 2012", "Parc des Sports (9,342)"
Lorient, 2, 0, Sochaux, "Wednesday, December 12, 2012", "Stade du Moustoir (14,306)"
Lyon, 1, 1, AS Nancy Lorraine, "Wednesday, December 12, 2012", "Municipal De Gerland (31,952)"
Bastia, 1, 2, Marseille, "Wednesday, December 12, 2012", "Armand-Cesari-Furiani "
Nice, 1, 0, Stade Rennes, "Tuesday, December 11, 2012", "Municipal du Ray (8,057)"
Valenciennes, 0, 4, Paris Saint-Germain , "Tuesday, December 11, 2012", "Stade Nungesser (23,021)"
Lille, 2, 0, Toulouse, "Tuesday, December 11, 2012", "Grand Stade Lille Metropole (35,264)"
Stade de Reims, 0, 0, Bordeaux, "Sunday, December 9, 2012", "Auguste Delaune (16,021)"
Marseille, 0, 3, Lorient, "Sunday, December 9, 2012", "Stade Velodrome (31,832)"
St Etienne, 0, 1, Lyon, "Sunday, December 9, 2012", "Geoffroy-Guichard (26,579)"
Paris Saint-Germain , 4, 0, Evian Thonon Gaillard, "Saturday, December 8, 2012", "Parc des Princes (39,276)"
AS Nancy Lorraine, 1, 1, Valenciennes, "Saturday, December 8, 2012", "Marcel-Picot (11,828)"
Montpellier, 3, 0, AC Ajaccio, "Saturday, December 8, 2012", "La Mosson (14,316)"
Sochaux, 1, 1, Lille, "Saturday, December 8, 2012", "Auguste-Bonal (8,948)"
Stade Rennes, 2, 2, Brest, "Saturday, December 8, 2012", "Route de Lorient  (18,871)"
Troyes, 1, 1, Nice, "Saturday, December 8, 2012", "Stade de l'Aube (10,162)"
Toulouse, 0, 0, Bastia, "Friday, December 7, 2012", "Stadium Municipal (29,702)"
Brest, 1, 2, Marseille, "Sunday, December 2, 2012", "Francis le Ble (13,904)"
Troyes, 2, 3, Stade Rennes, "Sunday, December 2, 2012", "Stade de l'Aube (12,029)"
Lorient, 1, 0, Toulouse, "Sunday, December 2, 2012", "Stade du Moustoir (13,343)"
Lyon, 1, 0, Montpellier, "Saturday, December 1, 2012", "Municipal De Gerland (31,491)"
Bordeaux, 2, 2, Sochaux, "Saturday, December 1, 2012", "Chaban-Delmas (15,524)"
Evian Thonon Gaillard, 1, 1, AS Nancy Lorraine, "Saturday, December 1, 2012", "Parc des Sports (8,175)"
Lille, 0, 0, Bastia, "Saturday, December 1, 2012", "Grand Stade Lille Metropole (38,304)"
Nice, 2, 1, Paris Saint-Germain , "Saturday, December 1, 2012", "Municipal du Ray (16,356)"
Valenciennes, 1, 0, Stade de Reims, "Saturday, December 1, 2012", "Stade Nungesser (13,200)"
AC Ajaccio, 0, 0, St Etienne, "Friday, November 30, 2012", "Francois-Coty  (5,939)"
Marseille, 1, 4, Lyon, "Wednesday, November 28, 2012", "Stade Velodrome (35,359)"
Montpellier, 1, 0, Bordeaux, "Sunday, November 25, 2012", "La Mosson (16,416)"
Toulouse, 3, 0, Lyon, "Sunday, November 25, 2012", "Stadium Municipal (20,580)"
Marseille, 1, 0, Lille, "Sunday, November 25, 2012", "Stade Velodrome (32,470)"
Paris Saint-Germain , 4, 0, Troyes, "Saturday, November 24, 2012", "Parc des Princes (39,588)"
AS Nancy Lorraine, 1, 1, AC Ajaccio, "Saturday, November 24, 2012", "Marcel-Picot (13,659)"
Bastia, 2, 1, Lorient, "Saturday, November 24, 2012", "Armand-Cesari-Furiani (12,361)"
Sochaux, 0, 1, Nice, "Saturday, November 24, 2012", "Auguste-Bonal (13,460)"
Stade de Reims, 0, 0, Brest, "Saturday, November 24, 2012", "Auguste Delaune (12,683)"
Stade Rennes, 0, 1, Evian Thonon Gaillard, "Saturday, November 24, 2012", "Route de Lorient  (15,776)"
St Etienne, 1, 0, Valenciennes, "Friday, November 23, 2012", "Geoffroy-Guichard (21,564)"
Lyon, 3, 0, Stade de Reims, "Sunday, November 18, 2012", "Municipal De Gerland (33,222)"
Nice, 1, 0, Toulouse, "Sunday, November 18, 2012", "Municipal du Ray (9,095)"
Bordeaux, 1, 0, Marseille, "Sunday, November 18, 2012", "Chaban-Delmas (28,464)"
Paris Saint-Germain , 1, 2, Stade Rennes, "Saturday, November 17, 2012", "Parc des Princes (42,196)"
AC Ajaccio, 0, 1, Sochaux, "Saturday, November 17, 2012", "Francois-Coty  (6,163)"
Brest, 3, 0, Bastia, "Saturday, November 17, 2012", "Francis le Ble (11,057)"
Evian Thonon Gaillard, 2, 2, St Etienne, "Saturday, November 17, 2012", "Parc des Sports (12,511)"
Troyes, 3, 3, AS Nancy Lorraine, "Saturday, November 17, 2012", "Stade de l'Aube (11,686)"
Valenciennes, 1, 1, Montpellier, "Saturday, November 17, 2012", "Stade Nungesser (14,967)"
Lorient, 2, 0, Lille, "Friday, November 16, 2012", "Stade du Moustoir (14,271)"
Marseille, 2, 2, Nice, "Sunday, November 11, 2012", "Stade Velodrome (32,554)"
Lorient, 0, 4, Bordeaux, "Sunday, November 11, 2012", "Stade du Moustoir (15,868)"
Sochaux, 1, 1, Lyon, "Sunday, November 11, 2012", "Auguste-Bonal (13,554)"
Montpellier, 1, 1, Paris Saint-Germain , "Sunday, November 11, 2012", "La Mosson (22,242)"
Lille, 1, 0, Brest, "Saturday, November 10, 2012", "Grand Stade Lille Metropole (39,256)"
Bastia, 2, 3, Valenciennes, "Saturday, November 10, 2012", "Armand-Cesari-Furiani (12,591)"
St Etienne, 2, 0, Troyes, "Saturday, November 10, 2012", "Geoffroy-Guichard (22,438)"
Stade de Reims, 1, 2, Evian Thonon Gaillard, "Saturday, November 10, 2012", "Auguste Delaune (13,007)"
Toulouse, 2, 4, AC Ajaccio, "Saturday, November 10, 2012", "Stadium Municipal (10,431)"
AS Nancy Lorraine, 1, 3, Stade Rennes, "Friday, November 9, 2012", "Marcel-Picot (13,698)"
Sochaux, 2, 1, Evian Thonon Gaillard, "Wednesday, November 7, 2012", "Auguste-Bonal (14,189)"
AC Ajaccio, 0, 2, Marseille, "Sunday, November 4, 2012", "Francois-Coty  (6,920)"
Lyon, 5, 2, Bastia, "Sunday, November 4, 2012", "Municipal De Gerland (27,363)"
Bordeaux, 1, 0, Toulouse, "Sunday, November 4, 2012", "Chaban-Delmas (17,975)"
Paris Saint-Germain , 1, 2, St Etienne, "Saturday, November 3, 2012", "Parc des Princes (44,516)"
Evian Thonon Gaillard, 0, 2, Lille, "Saturday, November 3, 2012", "Parc des Sports (9,171)"
Nice, 2, 1, AS Nancy Lorraine, "Saturday, November 3, 2012", "Municipal du Ray (7,741)"
Stade Rennes, 1, 0, Stade de Reims, "Saturday, November 3, 2012", "Route de Lorient  (16,463)"
Troyes, 1, 1, Montpellier, "Saturday, November 3, 2012", "Stade de l'Aube (10,446)"
Valenciennes, 3, 1, Sochaux, "Saturday, November 3, 2012", "Stade Nungesser (14,471)"
Brest, 2, 0, Lorient, "Friday, November 2, 2012", "Francis le Ble (12,759)"
Lorient, 4, 4, AC Ajaccio, "Sunday, October 28, 2012", "Stade du Moustoir (15,191)"
Bastia, 3, 1, Bordeaux, "Sunday, October 28, 2012", "Armand-Cesari-Furiani (13,503)"
Lille, 2, 1, Valenciennes, "Saturday, October 27, 2012", "Grand Stade Lille Metropole (45,490)"
AS Nancy Lorraine, 0, 1, Paris Saint-Germain , "Saturday, October 27, 2012", "Marcel-Picot (18,272)"
Montpellier, 3, 1, Nice, "Saturday, October 27, 2012", "La Mosson (15,549)"
Stade de Reims, 1, 1, Troyes, "Saturday, October 27, 2012", "Auguste Delaune (14,495)"
Toulouse, 3, 1, Brest, "Saturday, October 27, 2012", "Stadium Municipal (31,188)"
St Etienne, 2, 0, Stade Rennes, "Friday, October 26, 2012", "Geoffroy-Guichard (22,907)"
AC Ajaccio, 0, 0, Bastia, "Sunday, October 21, 2012", "Francois-Coty  (10,339)"
Lyon, 1, 0, Brest, "Sunday, October 21, 2012", "Municipal De Gerland (30,047)"
Troyes, 1, 0, Marseille, "Sunday, October 21, 2012", "Stade de l'Aube (17,462)"
Paris Saint-Germain , 1, 0, Stade de Reims, "Saturday, October 20, 2012", "Parc des Princes (45,432)"
AS Nancy Lorraine, 1, 1, Sochaux, "Saturday, October 20, 2012", "Marcel-Picot (18,551)"
Evian Thonon Gaillard, 0, 4, Toulouse, "Saturday, October 20, 2012", "Parc des Sports (8,831)"
Nice, 1, 1, St Etienne, "Saturday, October 20, 2012", "Municipal du Ray (10,079)"
Stade Rennes, 2, 1, Montpellier, "Saturday, October 20, 2012", "Route de Lorient  (16,087)"
Valenciennes, 6, 1, Lorient, "Saturday, October 20, 2012", "Stade Nungesser (13,003)"
Bordeaux, 1, 1, Lille, "Friday, October 19, 2012", "Chaban-Delmas (19,884)"
Brest, 1, 1, Bordeaux, "Sunday, October 7, 2012", "Francis le Ble (11,158)"
Lorient, 1, 1, Lyon, "Sunday, October 7, 2012", "Stade du Moustoir (15,090)"
Marseille, 2, 2, Paris Saint-Germain , "Sunday, October 7, 2012", "Stade Velodrome (39,773)"
Montpellier, 2, 3, Evian Thonon Gaillard, "Saturday, October 6, 2012", "La Mosson (16,701)"
Bastia, 3, 2, Troyes, "Saturday, October 6, 2012", "Armand-Cesari-Furiani (13,326)"
Lille, 2, 0, AC Ajaccio, "Saturday, October 6, 2012", "Grand Stade Lille Metropole (39,375)"
Sochaux, 0, 1, Stade Rennes, "Saturday, October 6, 2012", "Auguste-Bonal (13,070)"
Stade de Reims, 3, 1, Nice, "Saturday, October 6, 2012", "Auguste Delaune (13,367)"
Toulouse, 2, 2, Valenciennes, "Saturday, October 6, 2012", "Stadium Municipal (12,512)"
St Etienne, 4, 0, AS Nancy Lorraine, "Friday, October 5, 2012", "Geoffroy-Guichard (19,869)"
Valenciennes, 4, 1, Marseille, "Sunday, September 30, 2012", "Stade Nungesser (22,584)"
St Etienne, 0, 0, Stade de Reims, "Sunday, September 30, 2012", "Geoffroy-Guichard (23,996)"
Lyon, 0, 2, Bordeaux, "Sunday, September 30, 2012", "Municipal De Gerland (30,892)"
Paris Saint-Germain , 2, 0, Sochaux, "Saturday, September 29, 2012", "Parc des Princes (44,552)"
AC Ajaccio, 1, 0, Brest, "Saturday, September 29, 2012", "Francois-Coty  (6,029)"
AS Nancy Lorraine, 0, 2, Montpellier, "Saturday, September 29, 2012", "Marcel-Picot (13,832)"
Evian Thonon Gaillard, 1, 1, Lorient, "Saturday, September 29, 2012", "Parc des Sports (8,057)"
Nice, 2, 2, Bastia, "Saturday, September 29, 2012", "Municipal du Ray (9,114)"
Troyes, 0, 2, Toulouse, "Saturday, September 29, 2012", "Stade de l'Aube (17,087)"
Stade Rennes, 2, 0, Lille, "Friday, September 28, 2012", "Route de Lorient  (17,111)"
Bordeaux, 2, 2, AC Ajaccio, "Sunday, September 23, 2012", "Chaban-Delmas (16,295)"
Marseille, 1, 0, Evian Thonon Gaillard, "Sunday, September 23, 2012", "Stade Velodrome (32,895)"
Lille, 1, 1, Lyon, "Sunday, September 23, 2012", "Grand Stade Lille Metropole (43,475)"
Bastia, 0, 4, Paris Saint-Germain , "Saturday, September 22, 2012", "Armand-Cesari-Furiani (15,669)"
Brest, 2, 1, Valenciennes, "Saturday, September 22, 2012", "Francis le Ble (10,627)"
Lorient, 1, 1, Nice, "Saturday, September 22, 2012", "Stade du Moustoir (14,873)"
Sochaux, 3, 1, Troyes, "Saturday, September 22, 2012", "Auguste-Bonal (12,813)"
Stade de Reims, 2, 0, AS Nancy Lorraine, "Saturday, September 22, 2012", "Auguste Delaune (13,413)"
Toulouse, 2, 2, Stade Rennes, "Saturday, September 22, 2012", "Stadium Municipal (13,022)"
Montpellier, 1, 1, St Etienne, "Friday, September 21, 2012", "La Mosson (16,666)"
Stade Rennes, 1, 2, Lorient, "Sunday, September 16, 2012", "Route de Lorient  (20,548)"
Lyon, 2, 0, AC Ajaccio, "Sunday, September 16, 2012", "Municipal De Gerland (25,666)"
AS Nancy Lorraine, 0, 1, Marseille, "Sunday, September 16, 2012", "Marcel-Picot (18,256)"
Troyes, 1, 1, Lille, "Saturday, September 15, 2012", "Stade de l'Aube (11,213)"
Evian Thonon Gaillard, 3, 0, Bastia, "Saturday, September 15, 2012", "Parc des Sports (8,555)"
Nice, 4, 2, Brest, "Saturday, September 15, 2012", "Municipal du Ray (9,148)"
St Etienne, 0, 1, Sochaux, "Saturday, September 15, 2012", "Geoffroy-Guichard (25,555)"
Valenciennes, 0, 0, Bordeaux, "Saturday, September 15, 2012", "Stade Nungesser (15,073)"
Paris Saint-Germain , 2, 0, Toulouse, "Friday, September 14, 2012", "Parc des Princes (43,298)"
Stade de Reims, 3, 1, Montpellier, "Friday, September 14, 2012", "Auguste Delaune (15,835)"
Bordeaux, 1, 1, Nice, "Sunday, September 2, 2012", "Chaban-Delmas (18,052)"
Marseille, 3, 1, Stade Rennes, "Sunday, September 2, 2012", "Stade Velodrome (32,125)"
Lille, 1, 2, Paris Saint-Germain , "Sunday, September 2, 2012", "Lille Metropole (32,583)"
Lyon, 3, 2, Valenciennes, "Saturday, September 1, 2012", "Municipal De Gerland (25,380)"
AC Ajaccio, 2, 0, Evian Thonon Gaillard, "Saturday, September 1, 2012", "Francois-Coty  (5,874)"
Bastia, 0, 3, St Etienne, "Saturday, September 1, 2012", "Armand-Cesari-Furiani (15,505)"
Brest, 2, 1, Troyes, "Saturday, September 1, 2012", "Francis le Ble (11,059)"
Lorient, 3, 0, AS Nancy Lorraine, "Saturday, September 1, 2012", "Stade du Moustoir (14,241)"
Sochaux, 1, 3, Montpellier, "Saturday, September 1, 2012", "Auguste-Bonal (9,554)"
Toulouse, 1, 1, Stade de Reims, "Saturday, September 1, 2012", "Stadium Municipal (12,288)"
Montpellier, 0, 1, Marseille, "Sunday, August 26, 2012", "La Mosson (26,360)"
St Etienne, 4, 0, Brest, "Sunday, August 26, 2012", "Geoffroy-Guichard (20,881)"
Paris Saint-Germain , 0, 0, Bordeaux, "Sunday, August 26, 2012", "Parc des Princes (41,164)"
Nice, 2, 2, Lille, "Saturday, August 25, 2012", "Municipal du Ray (8,768)"
AS Nancy Lorraine, 0, 1, Toulouse, "Saturday, August 25, 2012", "Marcel-Picot (13,158)"
Stade de Reims, 1, 0, Sochaux, "Saturday, August 25, 2012", "Auguste Delaune (12,997)"
Stade Rennes, 3, 2, Bastia, "Saturday, August 25, 2012", "Route de Lorient  (16,184)"
Troyes, 2, 2, Lorient, "Saturday, August 25, 2012", "Stade de l'Aube (10,169)"
Valenciennes, 3, 0, AC Ajaccio, "Saturday, August 25, 2012", "Stade Nungesser (11,876)"
Evian Thonon Gaillard, 1, 1, Lyon, "Friday, August 24, 2012", "Parc des Sports (13,581)"
Bordeaux, 1, 0, Stade Rennes, "Sunday, August 19, 2012", "Chaban-Delmas (22,163)"
Marseille, 2, 0, Sochaux, "Sunday, August 19, 2012", "Stade Velodrome (32,733)"
AC Ajaccio, 0, 0, Paris Saint-Germain , "Sunday, August 19, 2012", "Francois-Coty  (10,118)"
Lyon, 4, 1, Troyes, "Saturday, August 18, 2012", "Municipal De Gerland (25,186)"
Bastia, 2, 1, Stade de Reims, "Saturday, August 18, 2012", "Armand-Cesari-Furiani (12,378)"
Brest, 1, 0, Evian Thonon Gaillard, "Saturday, August 18, 2012", "Francis le Ble (11,588)"
Lorient, 2, 1, Montpellier, "Saturday, August 18, 2012", "Stade du Moustoir (14,190)"
Toulouse, 2, 1, St Etienne, "Saturday, August 18, 2012", "Stadium Municipal (13,176)"
Valenciennes, 0, 0, Nice, "Saturday, August 18, 2012", "Stade Nungesser (12,631)"
Lille, 1, 1, AS Nancy Lorraine, "Friday, August 17, 2012", "Lille Metropole (44,455)"
Stade de Reims, 0, 1, Marseille, "Sunday, August 12, 2012", "Auguste Delaune (21,044)"
AS Nancy Lorraine, 1, 0, Brest, "Saturday, August 11, 2012", "Marcel-Picot (13,285)"
Evian Thonon Gaillard, 2, 3, Bordeaux, "Saturday, August 11, 2012", "Parc des Sports (9,048)"
Nice, 0, 1, AC Ajaccio, "Saturday, August 11, 2012", "Municipal du Ray (9,342)"
Paris Saint-Germain , 2, 2, Lorient, "Saturday, August 11, 2012", "Parc des Princes (38,102)"
Sochaux, 2, 3, Bastia, "Saturday, August 11, 2012", "Auguste-Bonal (12,598)"
St Etienne, 1, 2, Lille, "Saturday, August 11, 2012", "Geoffroy-Guichard (21,197)"
Stade Rennes, 0, 1, Lyon, "Saturday, August 11, 2012", "Route de Lorient  (20,348)"
Troyes, 0, 1, Valenciennes, "Saturday, August 11, 2012", "Stade de l'Aube (10,602)"
Montpellier, 1, 1, Toulouse, "Friday, August 10, 2012", "La Mosson (19,788)"
