home, homescore, awayscore, away, date, group
AC Ajaccio, 3, 1, St Etienne, "Saturday, May 13, 2006", "Francois-Coty  (4,000)"
AJ Auxerre, 4, 0, Strasbourg, "Saturday, May 13, 2006", "Abbe-Deschamps (10,000)"
AS Monaco, 2, 2, AS Nancy Lorraine, "Saturday, May 13, 2006", "Stade Louis II (4,271)"
Bordeaux, 1, 1, Marseille, "Saturday, May 13, 2006", "Parc Lescure (32,765)"
Lens, 3, 1, Nantes, "Saturday, May 13, 2006", "Felix-Bollaert  (36,868)"
Lyon, 8, 1, Le Mans, "Saturday, May 13, 2006", "Municipal De Gerland (44,410)"
Metz, 1, 0, Paris Saint-Germain , "Saturday, May 13, 2006", "Saint-Symphorien  (15,827)"
Stade Rennes, 2, 2, Lille, "Saturday, May 13, 2006", "Route de Lorient  (30,000)"
Toulouse, 1, 2, Sochaux, "Saturday, May 13, 2006", "Stadium Municipal (23,000)"
Troyes, 1, 2, Nice, "Saturday, May 13, 2006", "Stade l'Aube (18,013)"
AS Nancy Lorraine, 1, 3, AJ Auxerre, "Saturday, May 6, 2006", "Marcel-Picot (17,000)"
Le Mans, 0, 0, Lens, "Saturday, May 6, 2006", "Leon Bollee "
Lille, 4, 0, Lyon, "Saturday, May 6, 2006", "Lille Metropole "
Marseille, 2, 2, Strasbourg, "Saturday, May 6, 2006", "Velodrome (57,680)"
Nantes, 0, 1, Bordeaux, "Saturday, May 6, 2006", "La Beaujoire (37,000)"
Nice, 2, 1, Metz, "Saturday, May 6, 2006", "Municipal du Ray (13,000)"
Paris Saint-Germain , 2, 4, AC Ajaccio, "Saturday, May 6, 2006", "Parc de Princes "
Sochaux, 1, 1, Troyes, "Saturday, May 6, 2006", "Auguste-Bonal (13,977)"
St Etienne, 0, 0, Stade Rennes, "Saturday, May 6, 2006", "Geoffroy-Guichard (32,522)"
Toulouse, 3, 3, AS Monaco, "Saturday, May 6, 2006", "Stadium Municipal (20,158)"
AJ Auxerre, 1, 2, Marseille, "Wednesday, May 3, 2006", "Abbe-Deschamps (18,000)"
Stade Rennes, 1, 1, Paris Saint-Germain , "Wednesday, May 3, 2006", "Route de Lorient  (28,085)"
AC Ajaccio, 0, 3, Nice, "Sunday, April 30, 2006", "Francois-Coty  (2,000)"
AS Monaco, 1, 1, Nantes, "Sunday, April 30, 2006", "Stade Louis II (10,061)"
Bordeaux, 2, 2, Le Mans, "Sunday, April 30, 2006", "Parc Lescure (27,374)"
Metz, 0, 1, Sochaux, "Sunday, April 30, 2006", "Saint-Symphorien  (6,000)"
Strasbourg, 1, 3, AS Nancy Lorraine, "Sunday, April 30, 2006", "La Meinau (19,072)"
Troyes, 3, 1, Toulouse, "Sunday, April 30, 2006", "Stade l'Aube (13,023)"
Lyon, 4, 0, St Etienne, "Sunday, April 30, 2006", "Municipal De Gerland (39,000)"
Lens, 4, 2, Lille, "Saturday, April 29, 2006", "Felix-Bollaert  (44,991)"
Sochaux, 0, 3, Bordeaux, "Sunday, April 23, 2006", "Auguste-Bonal (15,057)"
AS Monaco, 2, 1, Lyon, "Sunday, April 23, 2006", "Stade Louis II (12,357)"
Nice, 2, 1, Stade Rennes, "Sunday, April 16, 2006", "Municipal du Ray (11,466)"
Paris Saint-Germain , 0, 1, Lyon, "Sunday, April 16, 2006", "Parc de Princes (43,508)"
Lille, 3, 2, Bordeaux, "Saturday, April 15, 2006", "Lille Metropole (20,000)"
Le Mans, 0, 0, AS Monaco, "Saturday, April 15, 2006", "Leon Bollee (13,212)"
Marseille, 6, 0, AS Nancy Lorraine, "Saturday, April 15, 2006", "Velodrome (50,000)"
Nantes, 3, 2, AJ Auxerre, "Saturday, April 15, 2006", "La Beaujoire (30,000)"
Sochaux, 1, 1, Strasbourg, "Saturday, April 15, 2006", "Auguste-Bonal (16,876)"
St Etienne, 2, 0, Lens, "Saturday, April 15, 2006", "Geoffroy-Guichard (34,938)"
Troyes, 3, 0, AC Ajaccio, "Saturday, April 15, 2006", "Stade l'Aube (19,825)"
Toulouse, 2, 0, Metz, "Friday, April 14, 2006", "Stadium Municipal (15,272)"
AJ Auxerre, 0, 0, Le Mans, "Sunday, April 9, 2006", "Abbe-Deschamps "
Stade Rennes, 2, 1, Sochaux, "Sunday, April 9, 2006", "Route de Lorient  (22,612)"
Lens, 1, 1, Paris Saint-Germain , "Saturday, April 8, 2006", "Felix-Bollaert  (39,513)"
AC Ajaccio, 1, 0, Toulouse, "Saturday, April 8, 2006", "Francois-Coty  (5,000)"
AS Monaco, 1, 0, Marseille, "Saturday, April 8, 2006", "Stade Louis II (17,594)"
AS Nancy Lorraine, 0, 0, Lille, "Saturday, April 8, 2006", "Marcel-Picot (18,000)"
Bordeaux, 0, 0, St Etienne, "Saturday, April 8, 2006", "Parc Lescure (32,000)"
Lyon, 2, 1, Nice, "Saturday, April 8, 2006", "Municipal De Gerland (30,000)"
Metz, 2, 4, Troyes, "Saturday, April 8, 2006", "Saint-Symphorien  (21,027)"
Strasbourg, 0, 1, Nantes, "Saturday, April 8, 2006", "La Meinau (20,085)"
Le Mans, 0, 0, AS Nancy Lorraine, "Sunday, April 2, 2006", "Leon Bollee "
Toulouse, 0, 1, Stade Rennes, "Sunday, April 2, 2006", "Stadium Municipal (15,350)"
Paris Saint-Germain , 3, 1, Bordeaux, "Sunday, April 2, 2006", "Parc de Princes (41,913)"
Lille, 1, 1, AJ Auxerre, "Saturday, April 1, 2006", "Lille Metropole "
Troyes, 0, 1, Lyon, "Saturday, April 1, 2006", "Stade l'Aube (17,835)"
Metz, 0, 1, Lens, "Saturday, April 1, 2006", "Saint-Symphorien  (17,957)"
Nantes, 1, 3, Marseille, "Saturday, April 1, 2006", "La Beaujoire (33,000)"
Nice, 3, 1, Strasbourg, "Saturday, April 1, 2006", "Municipal du Ray (9,913)"
Sochaux, 3, 1, AC Ajaccio, "Saturday, April 1, 2006", "Auguste-Bonal (17,288)"
St Etienne, 1, 1, AS Monaco, "Saturday, April 1, 2006", "Geoffroy-Guichard (33,683)"
Bordeaux, 1, 0, Nice, "Sunday, March 26, 2006", "Parc Lescure (22,533)"
AS Monaco, 1, 1, Paris Saint-Germain , "Sunday, March 26, 2006", "Stade Louis II (11,659)"
Lyon, 1, 1, Toulouse, "Saturday, March 25, 2006", "Municipal De Gerland (37,994)"
AC Ajaccio, 0, 1, Metz, "Saturday, March 25, 2006", "Francois-Coty  (3,000)"
AJ Auxerre, 0, 0, St Etienne, "Saturday, March 25, 2006", "Abbe-Deschamps (20,000)"
AS Nancy Lorraine, 0, 0, Nantes, "Saturday, March 25, 2006", "Marcel-Picot (15,000)"
Lens, 2, 1, Sochaux, "Saturday, March 25, 2006", "Felix-Bollaert  (32,966)"
Marseille, 1, 1, Le Mans, "Saturday, March 25, 2006", "Velodrome (49,593)"
Stade Rennes, 2, 0, Troyes, "Saturday, March 25, 2006", "Route de Lorient  (25,195)"
Strasbourg, 2, 2, Lille, "Saturday, March 25, 2006", "La Meinau (22,000)"
Lille, 0, 0, Marseille, "Sunday, March 19, 2006", "Lille Metropole "
St Etienne, 0, 2, Strasbourg, "Sunday, March 19, 2006", "Geoffroy-Guichard (25,566)"
Paris Saint-Germain , 4, 1, AJ Auxerre, "Sunday, March 19, 2006", "Parc de Princes "
Le Mans, 0, 0, Nantes, "Saturday, March 18, 2006", "Leon Bollee "
AC Ajaccio, 1, 0, AS Monaco, "Saturday, March 18, 2006", "Francois-Coty  "
Metz, 0, 1, Stade Rennes, "Saturday, March 18, 2006", "Saint-Symphorien  "
Nice, 1, 0, AS Nancy Lorraine, "Saturday, March 18, 2006", "Municipal du Ray (9,710)"
Sochaux, 0, 4, Lyon, "Saturday, March 18, 2006", "Auguste-Bonal (18,777)"
Toulouse, 1, 1, Lens, "Saturday, March 18, 2006", "Stadium Municipal "
Troyes, 1, 1, Bordeaux, "Saturday, March 18, 2006", "Stade l'Aube "
Nantes, 1, 1, Lille, "Sunday, March 12, 2006", "La Beaujoire "
Strasbourg, 1, 2, Le Mans, "Sunday, March 12, 2006", "La Meinau "
Marseille, 2, 0, St Etienne, "Sunday, March 12, 2006", "Velodrome "
AS Nancy Lorraine, 1, 1, Paris Saint-Germain , "Saturday, March 11, 2006", "Marcel-Picot (20,000)"
AJ Auxerre, 2, 0, Nice, "Saturday, March 11, 2006", "Abbe-Deschamps (8,000)"
AS Monaco, 4, 1, Sochaux, "Saturday, March 11, 2006", "Stade Louis II "
Bordeaux, 2, 0, Toulouse, "Saturday, March 11, 2006", "Parc Lescure (24,110)"
Lens, 1, 0, Troyes, "Saturday, March 11, 2006", "Felix-Bollaert  (35,098)"
Lyon, 4, 0, Metz, "Saturday, March 11, 2006", "Municipal De Gerland "
Stade Rennes, 3, 0, AC Ajaccio, "Saturday, March 11, 2006", "Route de Lorient  "
Metz, 0, 0, AS Nancy Lorraine, "Tuesday, March 7, 2006", "Saint-Symphorien  (18,324)"
Paris Saint-Germain , 0, 0, Marseille, "Sunday, March 5, 2006", "Parc de Princes "
Troyes, 1, 1, AJ Auxerre, "Sunday, March 5, 2006", "Stade l'Aube (11,000)"
St Etienne, 1, 0, Nantes, "Sunday, March 5, 2006", "Geoffroy-Guichard (21,163)"
AC Ajaccio, 1, 3, Lyon, "Saturday, March 4, 2006", "Francois-Coty  "
Lille, 4, 0, Le Mans, "Saturday, March 4, 2006", "Lille Metropole "
Metz, 2, 1, AS Monaco, "Saturday, March 4, 2006", "Saint-Symphorien  (16,757)"
Nice, 0, 0, Lens, "Saturday, March 4, 2006", "Municipal du Ray (10,365)"
Stade Rennes, 2, 1, Strasbourg, "Saturday, March 4, 2006", "Route de Lorient  "
Toulouse, 1, 1, AS Nancy Lorraine, "Saturday, March 4, 2006", "Stadium Municipal "
AS Monaco, 0, 1, Lille, "Sunday, February 26, 2006", "Stade Louis II (6,791)"
Lens, 1, 0, AC Ajaccio, "Sunday, February 26, 2006", "Felix-Bollaert  "
Strasbourg, 2, 0, Troyes, "Sunday, February 26, 2006", "La Meinau "
Marseille, 1, 0, Nice, "Sunday, February 26, 2006", "Velodrome "
Nantes, 0, 0, Paris Saint-Germain , "Saturday, February 25, 2006", "La Beaujoire (31,000)"
AJ Auxerre, 2, 0, Toulouse, "Saturday, February 25, 2006", "Abbe-Deschamps (5,000)"
AS Nancy Lorraine, 0, 3, Sochaux, "Saturday, February 25, 2006", "Marcel-Picot (12,000)"
Bordeaux, 3, 3, Metz, "Saturday, February 25, 2006", "Parc Lescure "
Le Mans, 0, 1, St Etienne, "Saturday, February 25, 2006", "Leon Bollee (13,704)"
Lyon, 1, 4, Stade Rennes, "Saturday, February 25, 2006", "Municipal De Gerland (29,168)"
Metz, 1, 0, Marseille, "Sunday, February 19, 2006", "Saint-Symphorien  (22,689)"
Nice, 2, 0, AS Monaco, "Saturday, February 18, 2006", "Municipal du Ray (11,366)"
AC Ajaccio, 0, 2, Bordeaux, "Saturday, February 18, 2006", "Francois-Coty  (3,500)"
Paris Saint-Germain , 0, 1, Le Mans, "Saturday, February 18, 2006", "Parc de Princes (39,655)"
Sochaux, 1, 0, AJ Auxerre, "Saturday, February 18, 2006", "Auguste-Bonal "
St Etienne, 0, 2, Lille, "Saturday, February 18, 2006", "Geoffroy-Guichard "
Stade Rennes, 4, 1, Lens, "Saturday, February 18, 2006", "Route de Lorient  (21,501)"
Toulouse, 1, 2, Strasbourg, "Saturday, February 18, 2006", "Stadium Municipal (16,883)"
Troyes, 0, 1, AS Nancy Lorraine, "Saturday, February 18, 2006", "Stade l'Aube "
Lyon, 3, 1, Nantes, "Friday, February 17, 2006", "Municipal De Gerland "
Nantes, 1, 1, Troyes, "Tuesday, February 14, 2006", "La Beaujoire (20,000)"
St Etienne, 0, 1, Nice, "Tuesday, February 14, 2006", "Geoffroy-Guichard (22,440)"
Marseille, 0, 0, Toulouse, "Sunday, February 12, 2006", "Velodrome "
Lille, 0, 0, Paris Saint-Germain , "Sunday, February 12, 2006", "Lille Metropole "
Lens, 1, 1, Lyon, "Saturday, February 11, 2006", "Felix-Bollaert  (40,037)"
AJ Auxerre, 1, 1, Metz, "Saturday, February 11, 2006", "Abbe-Deschamps (5,000)"
AS Monaco, 1, 1, Troyes, "Saturday, February 11, 2006", "Stade Louis II "
AS Nancy Lorraine, 2, 0, St Etienne, "Saturday, February 11, 2006", "Marcel-Picot (16,107)"
Bordeaux, 2, 0, Stade Rennes, "Saturday, February 11, 2006", "Parc Lescure (20,133)"
Le Mans, 2, 0, Nice, "Saturday, February 11, 2006", "Leon Bollee "
Nantes, 3, 1, Sochaux, "Saturday, February 11, 2006", "La Beaujoire (25,868)"
Strasbourg, 2, 2, AC Ajaccio, "Saturday, February 11, 2006", "La Meinau (15,000)"
Strasbourg, 1, 1, Paris Saint-Germain , "Wednesday, February 8, 2006", "La Meinau (16,000)"
Troyes, 0, 1, Marseille, "Sunday, February 5, 2006", "Stade l'Aube (18,860)"
Lyon, 0, 0, Bordeaux, "Sunday, February 5, 2006", "Municipal De Gerland (39,354)"
Paris Saint-Germain , 2, 2, St Etienne, "Saturday, February 4, 2006", "Parc de Princes (43,026)"
AC Ajaccio, 1, 0, AJ Auxerre, "Saturday, February 4, 2006", "Francois-Coty  (5,000)"
Lens, 2, 1, Strasbourg, "Saturday, February 4, 2006", "Felix-Bollaert  (30,922)"
Nice, 2, 0, Lille, "Saturday, February 4, 2006", "Municipal du Ray "
Sochaux, 0, 0, Le Mans, "Saturday, February 4, 2006", "Auguste-Bonal "
Stade Rennes, 1, 3, AS Monaco, "Saturday, February 4, 2006", "Route de Lorient  (25,965)"
Toulouse, 1, 0, Nantes, "Saturday, February 4, 2006", "Stadium Municipal "
St Etienne, 1, 3, Toulouse, "Wednesday, February 1, 2006", "Geoffroy-Guichard (24,296)"
Lille, 3, 1, Metz, "Sunday, January 29, 2006", "Lille Metropole (12,104)"
Bordeaux, 1, 0, Lens, "Saturday, January 28, 2006", "Parc Lescure (21,575)"
AJ Auxerre, 2, 0, Stade Rennes, "Saturday, January 28, 2006", "Abbe-Deschamps (6,000)"
AS Nancy Lorraine, 0, 0, AC Ajaccio, "Saturday, January 28, 2006", "Marcel-Picot "
Le Mans, 1, 1, Toulouse, "Saturday, January 28, 2006", "Leon Bollee (8,496)"
Marseille, 0, 0, Sochaux, "Saturday, January 28, 2006", "Velodrome (21,000)"
Lens, 1, 1, AS Monaco, "Sunday, January 22, 2006", "Felix-Bollaert  "
Lyon, 1, 1, AJ Auxerre, "Sunday, January 22, 2006", "Municipal De Gerland "
AC Ajaccio, 3, 1, Marseille, "Saturday, January 21, 2006", "Francois-Coty  (5,500)"
Bordeaux, 2, 1, Strasbourg, "Saturday, January 21, 2006", "Parc Lescure (18,208)"
Metz, 1, 4, Nantes, "Saturday, January 21, 2006", "Saint-Symphorien  (12,369)"
Nice, 1, 0, Paris Saint-Germain , "Saturday, January 21, 2006", "Municipal du Ray (11,941)"
Sochaux, 4, 0, St Etienne, "Saturday, January 21, 2006", "Auguste-Bonal (13,566)"
Stade Rennes, 0, 2, AS Nancy Lorraine, "Saturday, January 21, 2006", "Route de Lorient  (24,142)"
Toulouse, 0, 0, Lille, "Saturday, January 21, 2006", "Stadium Municipal (15,416)"
Troyes, 1, 3, Le Mans, "Saturday, January 21, 2006", "Stade l'Aube "
Paris Saint-Germain , 2, 1, Troyes, "Sunday, January 15, 2006", "Parc de Princes (35,118)"
Marseille, 1, 0, Stade Rennes, "Sunday, January 15, 2006", "Velodrome (45,211)"
AS Nancy Lorraine, 0, 2, Lyon, "Saturday, January 14, 2006", "Marcel-Picot "
AJ Auxerre, 1, 0, Lens, "Saturday, January 14, 2006", "Abbe-Deschamps (8,000)"
AS Monaco, 0, 1, Bordeaux, "Saturday, January 14, 2006", "Stade Louis II (11,476)"
Le Mans, 1, 0, AC Ajaccio, "Saturday, January 14, 2006", "Leon Bollee "
Lille, 3, 0, Sochaux, "Saturday, January 14, 2006", "Lille Metropole "
Nantes, 0, 0, Nice, "Saturday, January 14, 2006", "La Beaujoire (25,000)"
Strasbourg, 2, 1, Metz, "Saturday, January 14, 2006", "La Meinau (15,000)"
Toulouse, 1, 0, Paris Saint-Germain , "Thursday, January 12, 2006", "Stadium Municipal (20,321)"
Bordeaux, 1, 0, AJ Auxerre, "Wednesday, January 11, 2006", "Parc Lescure (17,965)"
AC Ajaccio, 0, 2, Nantes, "Wednesday, January 11, 2006", "Francois-Coty  (3,000)"
AS Monaco, 1, 1, Strasbourg, "Wednesday, January 11, 2006", "Stade Louis II (5,500)"
Lens, 1, 2, AS Nancy Lorraine, "Wednesday, January 11, 2006", "Felix-Bollaert  (32,000)"
Metz, 0, 1, St Etienne, "Wednesday, January 11, 2006", "Saint-Symphorien  (12,273)"
Sochaux, 1, 1, Nice, "Wednesday, January 11, 2006", "Auguste-Bonal (11,885)"
Stade Rennes, 1, 0, Le Mans, "Wednesday, January 11, 2006", "Route de Lorient  (20,684)"
Troyes, 1, 0, Lille, "Wednesday, January 11, 2006", "Stade l'Aube (10,212)"
Lyon, 2, 1, Marseille, "Wednesday, January 11, 2006", "Municipal De Gerland (38,912)"
AJ Auxerre, 2, 1, AS Monaco, "Thursday, January 5, 2006", "Abbe-Deschamps "
Strasbourg, 0, 4, Lyon, "Wednesday, January 4, 2006", "La Meinau (19,735)"
AS Nancy Lorraine, 0, 0, Bordeaux, "Wednesday, January 4, 2006", "Marcel-Picot (15,000)"
Le Mans, 2, 0, Metz, "Wednesday, January 4, 2006", "Leon Bollee (10,000)"
Lille, 2, 0, AC Ajaccio, "Wednesday, January 4, 2006", "Lille Metropole "
Nantes, 0, 2, Stade Rennes, "Wednesday, January 4, 2006", "La Beaujoire (30,000)"
Nice, 2, 1, Toulouse, "Wednesday, January 4, 2006", "Municipal du Ray (8,776)"
Paris Saint-Germain , 3, 1, Sochaux, "Wednesday, January 4, 2006", "Parc de Princes "
St Etienne, 1, 1, Troyes, "Wednesday, January 4, 2006", "Geoffroy-Guichard (25,641)"
Marseille, 1, 1, Lens, "Wednesday, January 4, 2006", "Velodrome "
AS Monaco, 1, 0, Toulouse, "Sunday, December 18, 2005", "Stade Louis II (9,107)"
Lens, 2, 0, Le Mans, "Sunday, December 18, 2005", "Felix-Bollaert  (39,314)"
AC Ajaccio, 1, 1, Paris Saint-Germain , "Saturday, December 17, 2005", "Francois-Coty  (4,500)"
AJ Auxerre, 0, 1, AS Nancy Lorraine, "Saturday, December 17, 2005", "Abbe-Deschamps (7,000)"
Bordeaux, 0, 0, Nantes, "Saturday, December 17, 2005", "Parc Lescure (21,606)"
Metz, 1, 0, Nice, "Saturday, December 17, 2005", "Saint-Symphorien  (12,186)"
Stade Rennes, 0, 1, St Etienne, "Saturday, December 17, 2005", "Route de Lorient  (28,221)"
Strasbourg, 0, 1, Marseille, "Saturday, December 17, 2005", "La Meinau (27,786)"
Troyes, 2, 1, Sochaux, "Saturday, December 17, 2005", "Stade l'Aube (18,585)"
Lyon, 1, 3, Lille, "Friday, December 16, 2005", "Municipal De Gerland (36,000)"
Nantes, 0, 0, AS Monaco, "Sunday, December 11, 2005", "La Beaujoire (28,000)"
St Etienne, 0, 0, Lyon, "Sunday, December 11, 2005", "Geoffroy-Guichard (35,352)"
Lille, 0, 0, Lens, "Saturday, December 10, 2005", "Lille Metropole "
AS Nancy Lorraine, 1, 2, Strasbourg, "Saturday, December 10, 2005", "Marcel-Picot "
Le Mans, 1, 0, Bordeaux, "Saturday, December 10, 2005", "Leon Bollee "
Marseille, 1, 0, AJ Auxerre, "Saturday, December 10, 2005", "Velodrome (51,000)"
Nice, 1, 0, AC Ajaccio, "Saturday, December 10, 2005", "Municipal du Ray (9,627)"
Paris Saint-Germain , 2, 0, Stade Rennes, "Saturday, December 10, 2005", "Parc de Princes (43,000)"
Sochaux, 1, 1, Metz, "Saturday, December 10, 2005", "Auguste-Bonal (11,812)"
Toulouse, 2, 1, Troyes, "Saturday, December 10, 2005", "Stadium Municipal (16,984)"
AS Nancy Lorraine, 1, 1, Marseille, "Sunday, December 4, 2005", "Marcel-Picot "
Stade Rennes, 1, 0, Nice, "Sunday, December 4, 2005", "Route de Lorient  (23,081)"
Lens, 2, 1, St Etienne, "Sunday, December 4, 2005", "Felix-Bollaert  (30,000)"
Lyon, 2, 0, Paris Saint-Germain , "Saturday, December 3, 2005", "Municipal De Gerland "
AC Ajaccio, 0, 1, Troyes, "Saturday, December 3, 2005", "Francois-Coty  (3,500)"
AJ Auxerre, 4, 0, Nantes, "Saturday, December 3, 2005", "Abbe-Deschamps "
AS Monaco, 2, 0, Le Mans, "Saturday, December 3, 2005", "Stade Louis II "
Bordeaux, 1, 0, Lille, "Saturday, December 3, 2005", "Parc Lescure (19,252)"
Metz, 2, 2, Toulouse, "Saturday, December 3, 2005", "Saint-Symphorien  (12,367)"
Strasbourg, 0, 0, Sochaux, "Saturday, December 3, 2005", "La Meinau (20,000)"
Nantes, 4, 3, Strasbourg, "Sunday, November 27, 2005", "La Beaujoire (26,000)"
Paris Saint-Germain , 3, 4, Lens, "Sunday, November 27, 2005", "Parc de Princes (40,895)"
Marseille, 2, 1, AS Monaco, "Sunday, November 27, 2005", "Velodrome (52,000)"
St Etienne, 1, 1, Bordeaux, "Saturday, November 26, 2005", "Geoffroy-Guichard (34,089)"
Lille, 1, 0, AS Nancy Lorraine, "Saturday, November 26, 2005", "Lille Metropole (11,140)"
Nice, 1, 1, Lyon, "Saturday, November 26, 2005", "Municipal du Ray (12,849)"
Sochaux, 1, 0, Stade Rennes, "Saturday, November 26, 2005", "Auguste-Bonal (15,932)"
Toulouse, 3, 0, AC Ajaccio, "Saturday, November 26, 2005", "Stadium Municipal "
Troyes, 0, 0, Metz, "Saturday, November 26, 2005", "Stade l'Aube (10,054)"
Le Mans, 0, 2, AJ Auxerre, "Friday, November 25, 2005", "Leon Bollee (10,347)"
Stade Rennes, 4, 1, Toulouse, "Sunday, November 20, 2005", "Route de Lorient  (20,094)"
Bordeaux, 0, 2, Paris Saint-Germain , "Sunday, November 20, 2005", "Parc Lescure (32,000)"
AS Monaco, 1, 0, St Etienne, "Saturday, November 19, 2005", "Stade Louis II (16,234)"
Marseille, 2, 1, Nantes, "Saturday, November 19, 2005", "Velodrome (48,000)"
AC Ajaccio, 0, 1, Sochaux, "Saturday, November 19, 2005", "Francois-Coty  "
AJ Auxerre, 3, 2, Lille, "Saturday, November 19, 2005", "Abbe-Deschamps "
AS Nancy Lorraine, 1, 0, Le Mans, "Saturday, November 19, 2005", "Marcel-Picot (15,010)"
Lens, 0, 0, Metz, "Saturday, November 19, 2005", "Felix-Bollaert  "
Lyon, 2, 1, Troyes, "Saturday, November 19, 2005", "Municipal De Gerland (37,940)"
Strasbourg, 0, 0, Nice, "Saturday, November 19, 2005", "La Meinau "
AC Ajaccio, 0, 0, Lens, "Friday, November 11, 2005", "Francois-Coty  "
Lille, 2, 0, Strasbourg, "Sunday, November 6, 2005", "Lille Metropole (13,360)"
Sochaux, 1, 1, Lens, "Sunday, November 6, 2005", "Auguste-Bonal "
Troyes, 2, 1, Stade Rennes, "Sunday, November 6, 2005", "Stade l'Aube "
Paris Saint-Germain , 0, 0, AS Monaco, "Sunday, November 6, 2005", "Parc de Princes (43,555)"
Toulouse, 0, 1, Lyon, "Saturday, November 5, 2005", "Stadium Municipal (26,254)"
Le Mans, 3, 0, Marseille, "Saturday, November 5, 2005", "Leon Bollee "
Metz, 2, 0, AC Ajaccio, "Saturday, November 5, 2005", "Saint-Symphorien  (12,592)"
Nantes, 3, 0, AS Nancy Lorraine, "Saturday, November 5, 2005", "La Beaujoire (27,000)"
Nice, 0, 1, Bordeaux, "Saturday, November 5, 2005", "Municipal du Ray "
St Etienne, 1, 1, AJ Auxerre, "Saturday, November 5, 2005", "Geoffroy-Guichard (33,005)"
AS Nancy Lorraine, 0, 0, Nice, "Sunday, October 30, 2005", "Marcel-Picot (17,800)"
AJ Auxerre, 2, 0, Paris Saint-Germain , "Sunday, October 30, 2005", "Het Zuiderpark (22,000)"
Marseille, 1, 1, Lille, "Saturday, October 29, 2005", "Velodrome (49,000)"
AS Monaco, 3, 0, AC Ajaccio, "Saturday, October 29, 2005", "Stade Louis II "
Bordeaux, 2, 0, Troyes, "Saturday, October 29, 2005", "Parc Lescure (19,581)"
Lens, 1, 0, Toulouse, "Saturday, October 29, 2005", "Felix-Bollaert  (29,174)"
Lyon, 1, 0, Sochaux, "Saturday, October 29, 2005", "Municipal De Gerland "
Nantes, 1, 0, Le Mans, "Saturday, October 29, 2005", "La Beaujoire (29,500)"
Stade Rennes, 2, 1, Metz, "Saturday, October 29, 2005", "Route de Lorient  (27,600)"
Strasbourg, 0, 1, St Etienne, "Saturday, October 29, 2005", "La Meinau (23,212)"
AC Ajaccio, 0, 1, Stade Rennes, "Sunday, October 23, 2005", "Arke Stadion (3,500)"
Le Mans, 2, 0, Strasbourg, "Sunday, October 23, 2005", "Marcel-Picot (10,337)"
Sochaux, 2, 1, AS Monaco, "Sunday, October 23, 2005", "Marcel-Picot (15,020)"
Troyes, 1, 1, Lens, "Sunday, October 23, 2005", "Stade l'Aube "
St Etienne, 2, 1, Marseille, "Sunday, October 23, 2005", "Geoffroy-Guichard (35,123)"
Metz, 0, 4, Lyon, "Saturday, October 22, 2005", "Saint-Symphorien  "
Lille, 2, 0, Nantes, "Saturday, October 22, 2005", "Lille Metropole (11,868)"
Nice, 1, 0, AJ Auxerre, "Saturday, October 22, 2005", "Municipal du Ray "
Paris Saint-Germain , 1, 0, AS Nancy Lorraine, "Saturday, October 22, 2005", "Parc de Princes "
Toulouse, 1, 1, Bordeaux, "Saturday, October 22, 2005", "Stadium Municipal (25,468)"
Lyon, 3, 2, AC Ajaccio, "Sunday, October 16, 2005", "Brabrand Stadion (36,347)"
Marseille, 1, 0, Paris Saint-Germain , "Sunday, October 16, 2005", "Velodrome (58,000)"
Nantes, 1, 1, St Etienne, "Saturday, October 15, 2005", "La Beaujoire (33,500)"
AJ Auxerre, 3, 0, Troyes, "Saturday, October 15, 2005", "Abbe-Deschamps (12,000)"
AS Monaco, 3, 0, Metz, "Saturday, October 15, 2005", "Stade Louis II (10,000)"
AS Nancy Lorraine, 2, 0, Toulouse, "Saturday, October 15, 2005", "Marcel-Picot "
Bordeaux, 1, 1, Sochaux, "Saturday, October 15, 2005", "Parc Lescure (21,895)"
Le Mans, 1, 1, Lille, "Saturday, October 15, 2005", "Leon Bollee (10,057)"
Lens, 2, 2, Nice, "Saturday, October 15, 2005", "Felix-Bollaert  (29,365)"
Strasbourg, 0, 1, Stade Rennes, "Saturday, October 15, 2005", "La Meinau (15,000)"
Lille, 0, 1, AS Monaco, "Sunday, October 2, 2005", "Lille Metropole (12,000)"
Stade Rennes, 1, 3, Lyon, "Sunday, October 2, 2005", "Route de Lorient  (28,998)"
Toulouse, 2, 0, AJ Auxerre, "Sunday, October 2, 2005", "Stadium Municipal (18,641)"
Troyes, 1, 1, Strasbourg, "Sunday, October 2, 2005", "Stade l'Aube (10,000)"
Nice, 0, 1, Marseille, "Sunday, October 2, 2005", "Municipal du Ray (14,283)"
Paris Saint-Germain , 2, 0, Nantes, "Saturday, October 1, 2005", "Parc de Princes "
Metz, 0, 1, Bordeaux, "Saturday, October 1, 2005", "Saint-Symphorien  (15,263)"
Sochaux, 0, 2, AS Nancy Lorraine, "Saturday, October 1, 2005", "Auguste-Bonal (11,732)"
St Etienne, 3, 0, Le Mans, "Saturday, October 1, 2005", "Geoffroy-Guichard (27,614)"
Nantes, 0, 1, Lyon, "Sunday, September 25, 2005", "La Beaujoire (35,500)"
Lens, 0, 0, Stade Rennes, "Sunday, September 25, 2005", "Felix-Bollaert  (29,206)"
AS Monaco, 0, 0, Nice, "Saturday, September 24, 2005", "Stade Louis II (14,185)"
AJ Auxerre, 3, 0, Sochaux, "Saturday, September 24, 2005", "Abbe-Deschamps (10,000)"
AS Nancy Lorraine, 2, 1, Troyes, "Saturday, September 24, 2005", "Marcel-Picot (15,392)"
Bordeaux, 1, 0, AC Ajaccio, "Saturday, September 24, 2005", "Parc Lescure (19,400)"
Le Mans, 0, 0, Paris Saint-Germain , "Saturday, September 24, 2005", "Leon Bollee (15,182)"
Lille, 2, 0, St Etienne, "Saturday, September 24, 2005", "Lille Metropole (13,510)"
Marseille, 3, 1, Metz, "Saturday, September 24, 2005", "Velodrome (48,000)"
Strasbourg, 2, 4, Toulouse, "Saturday, September 24, 2005", "La Meinau (15,000)"
Lyon, 1, 1, Lens, "Thursday, September 22, 2005", "Municipal De Gerland (36,300)"
Toulouse, 1, 0, Marseille, "Wednesday, September 21, 2005", "Stadium Municipal (28,070)"
AC Ajaccio, 0, 0, Strasbourg, "Wednesday, September 21, 2005", "Francois-Coty  (5,000)"
Metz, 1, 2, AJ Auxerre, "Wednesday, September 21, 2005", "Saint-Symphorien  (13,630)"
Nice, 1, 0, Le Mans, "Wednesday, September 21, 2005", "Municipal du Ray (9,405)"
Sochaux, 1, 0, Nantes, "Wednesday, September 21, 2005", "Auguste-Bonal (10,000)"
St Etienne, 0, 2, AS Nancy Lorraine, "Wednesday, September 21, 2005", "Geoffroy-Guichard (26,711)"
Stade Rennes, 2, 2, Bordeaux, "Wednesday, September 21, 2005", "Route de Lorient  (24,661)"
Troyes, 1, 2, AS Monaco, "Wednesday, September 21, 2005", "Stade l'Aube (12,214)"
Paris Saint-Germain , 2, 1, Lille, "Wednesday, September 21, 2005", "Parc de Princes (35,189)"
AJ Auxerre, 2, 0, AC Ajaccio, "Sunday, September 18, 2005", "Abbe-Deschamps (5,000)"
AS Monaco, 0, 2, Stade Rennes, "Sunday, September 18, 2005", "Stade Louis II "
Marseille, 2, 1, Troyes, "Sunday, September 18, 2005", "Velodrome (48,000)"
Strasbourg, 1, 1, Lens, "Sunday, September 18, 2005", "La Meinau "
St Etienne, 3, 0, Paris Saint-Germain , "Sunday, September 18, 2005", "Geoffroy-Guichard (27,771)"
Bordeaux, 1, 1, Lyon, "Saturday, September 17, 2005", "Parc Lescure (32,800)"
AS Nancy Lorraine, 1, 1, Metz, "Saturday, September 17, 2005", "Marcel-Picot (21,840)"
Le Mans, 2, 1, Sochaux, "Saturday, September 17, 2005", "Leon Bollee (10,867)"
Lille, 4, 0, Nice, "Saturday, September 17, 2005", "Lille Metropole (8,000)"
Nantes, 2, 0, Toulouse, "Saturday, September 17, 2005", "La Beaujoire "
Lens, 1, 1, Bordeaux, "Sunday, September 11, 2005", "Felix-Bollaert  "
Sochaux, 0, 1, Marseille, "Sunday, September 11, 2005", "Auguste-Bonal (18,493)"
Lyon, 2, 1, AS Monaco, "Saturday, September 10, 2005", "Municipal De Gerland (39,043)"
AC Ajaccio, 1, 0, AS Nancy Lorraine, "Saturday, September 10, 2005", "Francois-Coty  (6,500)"
Metz, 0, 2, Lille, "Saturday, September 10, 2005", "Saint-Symphorien  "
Nice, 0, 1, St Etienne, "Saturday, September 10, 2005", "Municipal du Ray (13,425)"
Paris Saint-Germain , 1, 0, Strasbourg, "Saturday, September 10, 2005", "Parc de Princes (40,748)"
Stade Rennes, 3, 1, AJ Auxerre, "Saturday, September 10, 2005", "Route de Lorient  "
Toulouse, 0, 2, Le Mans, "Saturday, September 10, 2005", "Stadium Municipal (14,814)"
Troyes, 1, 0, Nantes, "Saturday, September 10, 2005", "Stade l'Aube (11,812)"
AS Monaco, 0, 0, Lens, "Sunday, August 28, 2005", "Stade Louis II (11,882)"
AJ Auxerre, 0, 2, Lyon, "Sunday, August 28, 2005", "Abbe-Deschamps (15,000)"
Marseille, 1, 1, AC Ajaccio, "Saturday, August 27, 2005", "Velodrome (50,000)"
AS Nancy Lorraine, 6, 0, Stade Rennes, "Saturday, August 27, 2005", "Marcel-Picot "
Le Mans, 1, 0, Troyes, "Saturday, August 27, 2005", "Leon Bollee "
Nantes, 0, 0, Metz, "Saturday, August 27, 2005", "La Beaujoire (27,532)"
Paris Saint-Germain , 1, 4, Nice, "Saturday, August 27, 2005", "Parc de Princes (42,000)"
St Etienne, 0, 0, Sochaux, "Saturday, August 27, 2005", "Geoffroy-Guichard (31,322)"
Strasbourg, 0, 0, Bordeaux, "Saturday, August 27, 2005", "La Meinau (20,411)"
Lille, 0, 0, Toulouse, "Wednesday, August 24, 2005", "Lille Metropole (12,525)"
Toulouse, 1, 1, St Etienne, "Sunday, August 21, 2005", "Stadium Municipal (21,906)"
Troyes, 1, 1, Paris Saint-Germain , "Sunday, August 21, 2005", "Stade l'Aube (17,500)"
Bordeaux, 1, 0, AS Monaco, "Saturday, August 20, 2005", "Parc Lescure (25,000)"
AC Ajaccio, 0, 0, Le Mans, "Saturday, August 20, 2005", "Francois-Coty  (27,000)"
Lens, 7, 0, AJ Auxerre, "Saturday, August 20, 2005", "Felix-Bollaert  (30,500)"
Lyon, 1, 0, AS Nancy Lorraine, "Saturday, August 20, 2005", "Municipal De Gerland (39,000)"
Metz, 0, 0, Strasbourg, "Saturday, August 20, 2005", "Saint-Symphorien  (19,626)"
Nice, 1, 1, Nantes, "Saturday, August 20, 2005", "Municipal du Ray (13,440)"
Sochaux, 0, 0, Lille, "Saturday, August 20, 2005", "Auguste-Bonal "
Stade Rennes, 3, 2, Marseille, "Saturday, August 20, 2005", "Route de Lorient  "
Strasbourg, 1, 2, AS Monaco, "Sunday, August 14, 2005", "La Meinau (20,000)"
Marseille, 1, 1, Lyon, "Sunday, August 14, 2005", "Velodrome (56,000)"
Paris Saint-Germain , 2, 0, Toulouse, "Saturday, August 13, 2005", "Parc de Princes (41,341)"
AJ Auxerre, 1, 0, Bordeaux, "Saturday, August 13, 2005", "Abbe-Deschamps (18,000)"
AS Nancy Lorraine, 1, 2, Lens, "Saturday, August 13, 2005", "Marcel-Picot (19,500)"
Le Mans, 4, 0, Stade Rennes, "Saturday, August 13, 2005", "Leon Bollee (10,732)"
Lille, 1, 2, Troyes, "Saturday, August 13, 2005", "Lille Metropole (11,746)"
Nantes, 0, 2, AC Ajaccio, "Saturday, August 13, 2005", "La Beaujoire (31,500)"
Nice, 1, 2, Sochaux, "Saturday, August 13, 2005", "Municipal du Ray (13,555)"
St Etienne, 2, 0, Metz, "Saturday, August 13, 2005", "Geoffroy-Guichard (28,966)"
Stade Rennes, 0, 3, Nantes, "Sunday, August 7, 2005", "Route de Lorient  (29,344)"
Lyon, 1, 0, Strasbourg, "Sunday, August 7, 2005", "Municipal De Gerland (30,000)"
Lens, 2, 0, Marseille, "Saturday, August 6, 2005", "Felix-Bollaert  (39,260)"
AC Ajaccio, 3, 3, Lille, "Saturday, August 6, 2005", "Francois-Coty  (5,000)"
AS Monaco, 0, 2, AJ Auxerre, "Saturday, August 6, 2005", "Stade Louis II (15,550)"
Bordeaux, 1, 0, AS Nancy Lorraine, "Saturday, August 6, 2005", "Parc Lescure (25,428)"
Metz, 0, 0, Le Mans, "Saturday, August 6, 2005", "Saint-Symphorien  (18,130)"
Sochaux, 0, 1, Paris Saint-Germain , "Saturday, August 6, 2005", "Auguste-Bonal (17,543)"
Toulouse, 0, 2, Nice, "Saturday, August 6, 2005", "Stadium Municipal (18,620)"
Troyes, 0, 0, St Etienne, "Saturday, August 6, 2005", "Stade l'Aube (10,006)"
Le Mans, 1, 2, Lyon, "Sunday, July 31, 2005", "Leon Bollee (11,000)"
Marseille, 0, 2, Bordeaux, "Saturday, July 30, 2005", "Velodrome (57,000)"
AS Nancy Lorraine, 0, 1, AS Monaco, "Saturday, July 30, 2005", "Marcel-Picot (20,000)"
Lille, 1, 0, Stade Rennes, "Saturday, July 30, 2005", "Lille Metropole (12,697)"
Nantes, 2, 0, Lens, "Saturday, July 30, 2005", "La Beaujoire (34,000)"
Nice, 1, 1, Troyes, "Saturday, July 30, 2005", "Municipal du Ray (15,050)"
Sochaux, 0, 1, Toulouse, "Saturday, July 30, 2005", "Auguste-Bonal (13,234)"
St Etienne, 0, 0, AC Ajaccio, "Saturday, July 30, 2005", "Geoffroy-Guichard (25,928)"
Strasbourg, 0, 0, AJ Auxerre, "Saturday, July 30, 2005", "La Meinau (18,224)"
Paris Saint-Germain , 4, 1, Metz, "Friday, July 29, 2005", "Parc de Princes (42,848)"
