home, homescore, awayscore, away, date, group
AJ Auxerre, 1, 2, Montpellier, "Sunday, May 20, 2012", "Stade Abbe-Deschamps "
Evian Thonon Gaillard, 0, 1, Brest, "Sunday, May 20, 2012", "Parc des Sports, Annecy "
Lille, 4, 1, AS Nancy Lorraine, "Sunday, May 20, 2012", "Stadium Lille Métropole "
Lorient, 1, 2, Paris Saint-Germain , "Sunday, May 20, 2012", "Stade du Moustoir "
Lyon, 3, 4, Nice, "Sunday, May 20, 2012", "Stade de Gerland "
Sochaux, 1, 0, Marseille, "Sunday, May 20, 2012", "Stade Bonal "
St Etienne, 2, 3, Bordeaux, "Sunday, May 20, 2012", "Stade Geoffrey-Guichard "
Stade Rennes, 5, 0, Dijon FCO, "Sunday, May 20, 2012", "Stade dele Route--de-Lorient "
Toulouse, 0, 2, AC Ajaccio, "Sunday, May 20, 2012", "Stadium Municipal "
Valenciennes, 3, 1, Caen, "Sunday, May 20, 2012", "Stade du Hainaut "
AC Ajaccio, 1, 1, Lyon, "Sunday, May 13, 2012", "Stade Francois-Coty (8,149)"
AS Nancy Lorraine, 3, 2, St Etienne, "Sunday, May 13, 2012", "Stade Marcel Picot (17,408)"
Bordeaux, 1, 0, Lorient, "Sunday, May 13, 2012", "Stade Jacques Chaban-Delmas (19,320)"
Brest, 1, 0, Valenciennes, "Sunday, May 13, 2012", "Stade Francis-le Blé (13,615)"
Caen, 1, 3, Sochaux, "Sunday, May 13, 2012", "Stade Michel-d'Ornano (17,191)"
Dijon FCO, 1, 1, Toulouse, "Sunday, May 13, 2012", "Stade Gaston Gérard (14,016)"
Marseille, 3, 0, AJ Auxerre, "Sunday, May 13, 2012", "Stade Vélodrome (40,087)"
Montpellier, 1, 0, Lille, "Sunday, May 13, 2012", "Stade de la Mosson (27,649)"
Nice, 1, 1, Evian Thonon Gaillard, "Sunday, May 13, 2012", "Stade du Ray "
Paris Saint-Germain , 3, 0, Stade Rennes, "Sunday, May 13, 2012", "Parc des Princes (45,537)"
Evian Thonon Gaillard, 1, 3, Lyon, "Thursday, May 10, 2012", "Parc des Sports, Annecy "
AJ Auxerre, 2, 4, Bordeaux, "Monday, May 7, 2012", "Stade Abbé-Deschamps (16,553)"
Lille, 3, 0, Caen, "Monday, May 7, 2012", "Stadium Lille Métropole (16,941)"
Lorient, 0, 0, Dijon FCO, "Monday, May 7, 2012", "Stade du Moustoir (16,966)"
Sochaux, 1, 0, AS Nancy Lorraine, "Monday, May 7, 2012", "Stade Bonal (18,223)"
St Etienne, 0, 0, Marseille, "Monday, May 7, 2012", "Stade Geoffroy-Guichard (22,422)"
Toulouse, 0, 0, Nice, "Monday, May 7, 2012", "Stadium Municipal (31,805)"
Stade Rennes, 0, 2, Montpellier, "Monday, May 7, 2012", "Stade de la Route-de-Lorient (28,172)"
Evian Thonon Gaillard, 2, 1, AC Ajaccio, "Sunday, May 6, 2012", "Parc des Sports, Annecy "
Lyon, 1, 1, Brest, "Sunday, May 6, 2012", "Stade de Gerland "
Valenciennes, 3, 4, Paris Saint-Germain , "Sunday, May 6, 2012", "Stade du Hainaut "
Dijon FCO, 0, 2, AJ Auxerre, "Thursday, May 3, 2012", "Stade Gaston Gérard (14,764)"
AC Ajaccio, 2, 1, Sochaux, "Wednesday, May 2, 2012", "Stade Francois-Coty (8,171)"
Bordeaux, 2, 0, Stade Rennes, "Wednesday, May 2, 2012", "Stade Jacques Chaban-Delmas (19,531)"
Brest, 0, 0, Toulouse, "Wednesday, May 2, 2012", "Stade Francis-le Blé (13,183)"
Caen, 1, 0, Lorient, "Wednesday, May 2, 2012", "Stade Michel-d'Ornano (13,518)"
Lyon, 4, 1, Valenciennes, "Wednesday, May 2, 2012", "Stade de Gerland (30,890)"
Marseille, 1, 0, AS Nancy Lorraine, "Wednesday, May 2, 2012", "Stade Vélodrome (39,430)"
Nice, 0, 1, Lille, "Wednesday, May 2, 2012", "Stade du Ray (10,570)"
Paris Saint-Germain , 2, 0, St Etienne, "Wednesday, May 2, 2012", "Parc des Princes (43,961)"
Montpellier, 2, 2, Evian Thonon Gaillard, "Tuesday, May 1, 2012", "Stade de la Mosson (22,599)"
AJ Auxerre, 4, 0, Brest, "Sunday, April 29, 2012", "Stade Abbé-Deschamps (14,421)"
AS Nancy Lorraine, 1, 1, Caen, "Sunday, April 29, 2012", "Stade Marcel Picot (17,017)"
Sochaux, 0, 3, Bordeaux, "Sunday, April 29, 2012", "Stade Bonal (19,352)"
St Etienne, 1, 0, Dijon FCO, "Sunday, April 29, 2012", "Stade Geoffroy-Guichard "
Stade Rennes, 3, 1, AC Ajaccio, "Sunday, April 29, 2012", "Stade de la Route-de-Lorient (17,498)"
Valenciennes, 2, 0, Nice, "Sunday, April 29, 2012", "Stade du Hainaut (13,288)"
Lille, 2, 1, Paris Saint-Germain , "Sunday, April 29, 2012", "Stadium Lille Métropole "
Toulouse, 0, 1, Montpellier, "Friday, April 27, 2012", "Stadium Municipal "
Lorient, 2, 1, Marseille, "Friday, April 27, 2012", "Stade du Moustoir "
AC Ajaccio, 0, 0, AS Nancy Lorraine, "Sunday, April 22, 2012", "Stade Francois-Coty (6,140)"
Paris Saint-Germain , 6, 1, Sochaux, "Sunday, April 22, 2012", "Parc des Princes (44,366)"
Lyon, 3, 2, Lorient, "Sunday, April 22, 2012", "Stade de Gerland "
Brest, 0, 1, Stade Rennes, "Saturday, April 21, 2012", "Stade Francis-le Blé (14,391)"
Caen, 1, 4, St Etienne, "Saturday, April 21, 2012", "Stade Michel-d'Ornano (17,256)"
Dijon FCO, 0, 2, Lille, "Saturday, April 21, 2012", "Stade Gaston Gérard (14,005)"
Evian Thonon Gaillard, 2, 1, Toulouse, "Saturday, April 21, 2012", "Parc des Sports, Annecy (10,272)"
Montpellier, 1, 0, Valenciennes, "Saturday, April 21, 2012", "Stade de la Mosson (18,731)"
Nice, 1, 0, AJ Auxerre, "Saturday, April 21, 2012", "Stade du Ray (9,480)"
Bordeaux, 2, 1, Marseille, "Saturday, April 21, 2012", "Stade Jacques Chaban-Delmas (31,440)"
Marseille, 1, 1, Caen, "Wednesday, April 18, 2012", "Stade Vélodrome "
Toulouse, 3, 0, Lyon, "Wednesday, April 18, 2012", "Stadium Municipal "
Stade Rennes, 3, 1, Nice, "Monday, April 16, 2012", "Stade de la Route-de-Lorient "
AS Nancy Lorraine, 2, 2, Bordeaux, "Sunday, April 15, 2012", "Stade Marcel Picot (18,100)"
Lille, 4, 1, AC Ajaccio, "Sunday, April 15, 2012", "Stadium Lille Métropole "
Lorient, 2, 1, Montpellier, "Sunday, April 15, 2012", "Stade du Moustoir (15,592)"
Sochaux, 1, 0, Dijon FCO, "Sunday, April 15, 2012", "Stade Bonal (19,599)"
St Etienne, 2, 1, Brest, "Sunday, April 15, 2012", "Stade Geoffroy-Guichard (21,068)"
Valenciennes, 0, 3, Evian Thonon Gaillard, "Sunday, April 15, 2012", "Stade du Hainaut (13,794)"
AJ Auxerre, 1, 1, Paris Saint-Germain , "Sunday, April 15, 2012", "Stade Abbé-Deschamps "
Marseille, 1, 3, Montpellier, "Wednesday, April 11, 2012", "Stade Vélodrome "
Caen, 1, 0, Bordeaux, "Sunday, April 8, 2012", "Stade Michel-d'Ornano (14,936)"
Nice, 2, 0, Lorient, "Sunday, April 8, 2012", "Stade du Ray (10,001)"
Paris Saint-Germain , 2, 1, Marseille, "Sunday, April 8, 2012", "Parc des Princes (46,252)"
AC Ajaccio, 1, 1, St Etienne, "Saturday, April 7, 2012", "Stade Francois-Coty (6,352)"
Brest, 3, 1, Lille, "Saturday, April 7, 2012", "Stade Francis-le Blé (12,917)"
Dijon FCO, 0, 2, AS Nancy Lorraine, "Saturday, April 7, 2012", "Stade Gaston Gérard (14,526)"
Evian Thonon Gaillard, 1, 3, Stade Rennes, "Saturday, April 7, 2012", "Parc des Sports, Annecy (9,672)"
Montpellier, 2, 1, Sochaux, "Saturday, April 7, 2012", "Stade de la Mosson (18,429)"
Valenciennes, 2, 0, Toulouse, "Saturday, April 7, 2012", "Stade du Hainaut (13,015)"
Lyon, 2, 1, AJ Auxerre, "Saturday, April 7, 2012", "Stade de Gerland (31,492)"
Caen, 0, 0, AC Ajaccio, "Sunday, April 1, 2012", "Stade Michel-d'Ornano "
Lille, 2, 1, Toulouse, "Sunday, April 1, 2012", "Stadium Lille Métropole "
Stade Rennes, 1, 1, Lyon, "Sunday, April 1, 2012", "Stade de la Route-de-Lorient "
AJ Auxerre, 2, 0, Valenciennes, "Saturday, March 31, 2012", "Stade Abbé-Deschamps (14,183)"
Bordeaux, 1, 1, Dijon FCO, "Saturday, March 31, 2012", "Stade Jacques Chaban-Delmas (20,295)"
Lorient, 0, 1, Evian Thonon Gaillard, "Saturday, March 31, 2012", "Stade du Moustoir (14,371)"
Sochaux, 2, 1, Brest, "Saturday, March 31, 2012", "Stade Bonal (17,299)"
St Etienne, 2, 3, Nice, "Saturday, March 31, 2012", "Stade Geoffroy-Guichard (22,035)"
AS Nancy Lorraine, 2, 1, Paris Saint-Germain , "Saturday, March 31, 2012", "Stade Marcel Picot (18,802)"
Dijon FCO, 2, 0, Caen, "Sunday, March 25, 2012", "Stade Gaston Gérard (13,477)"
Toulouse, 1, 0, AJ Auxerre, "Sunday, March 25, 2012", "Stadium Municipal (30,588)"
Paris Saint-Germain , 1, 1, Bordeaux, "Sunday, March 25, 2012", "Parc des Princes (44,723)"
AC Ajaccio, 1, 1, Lorient, "Saturday, March 24, 2012", "Stade Francois-Coty (5,792)"
Brest, 0, 1, AS Nancy Lorraine, "Saturday, March 24, 2012", "Stade Francis-le Blé (13,970)"
Evian Thonon Gaillard, 0, 3, Lille, "Saturday, March 24, 2012", "Parc des Sports, Annecy (14,000)"
Lyon, 2, 1, Sochaux, "Saturday, March 24, 2012", "Stade de Gerland (32,730)"
Montpellier, 1, 0, St Etienne, "Saturday, March 24, 2012", "Stade de la Mosson (24,615)"
Nice, 1, 1, Marseille, "Saturday, March 24, 2012", "Stade du Ray (11,727)"
Valenciennes, 1, 0, Stade Rennes, "Saturday, March 24, 2012", "Stade du Hainaut (12,135)"
Sochaux, 2, 0, Nice, "Sunday, March 18, 2012", "Stade Bonal "
Stade Rennes, 0, 1, Toulouse, "Sunday, March 18, 2012", "Stade de la Route-de-Lorient "
Lille, 4, 0, Valenciennes, "Sunday, March 18, 2012", "Stadium Lille Métropole (17,000)"
AJ Auxerre, 0, 2, Evian Thonon Gaillard, "Saturday, March 17, 2012", "Stade Abbé-Deschamps (17,991)"
AS Nancy Lorraine, 1, 0, Montpellier, "Saturday, March 17, 2012", "Stade Marcel Picot (17,136)"
Bordeaux, 1, 1, AC Ajaccio, "Saturday, March 17, 2012", "Stade Jacques Chaban-Delmas (17,946)"
Caen, 2, 2, Paris Saint-Germain , "Saturday, March 17, 2012", "Stade Michel-d'Ornano (19,172)"
Lorient, 2, 1, Brest, "Saturday, March 17, 2012", "Stade du Moustoir (15,454)"
Marseille, 1, 2, Dijon FCO, "Saturday, March 17, 2012", "Stade Vélodrome (40,445)"
St Etienne, 0, 1, Lyon, "Saturday, March 17, 2012", "Stade Geoffroy-Guichard "
Dijon FCO, 1, 2, Paris Saint-Germain , "Sunday, March 11, 2012", "Stade Gaston Gérard (14,446)"
Stade Rennes, 1, 1, AJ Auxerre, "Sunday, March 11, 2012", "Stade de la Route-de-Lorient (22,886)"
Montpellier, 3, 0, Caen, "Sunday, March 11, 2012", "Stade de la Mosson "
Brest, 0, 2, Bordeaux, "Saturday, March 10, 2012", "Stade Francis-le Blé (13,100)"
Evian Thonon Gaillard, 2, 3, Sochaux, "Saturday, March 10, 2012", "Parc des Sports, Annecy (10,861)"
Nice, 1, 1, AS Nancy Lorraine, "Saturday, March 10, 2012", "Stade du Ray (8,405)"
Toulouse, 1, 1, Lorient, "Saturday, March 10, 2012", "Stadium Municipal (13,963)"
Valenciennes, 1, 2, St Etienne, "Saturday, March 10, 2012", "Stade du Hainaut (16,507)"
Lyon, 2, 1, Lille, "Saturday, March 10, 2012", "Stade de Gerland (33,318)"
AC Ajaccio, 1, 0, Marseille, "Friday, March 9, 2012", "Stade Francois-Coty "
Evian Thonon Gaillard, 2, 0, Marseille, "Tuesday, March 6, 2012", "Parc des Sports, Annecy (12,000)"
Caen, 0, 0, Brest, "Sunday, March 4, 2012", "Stade Michel-d'Ornano "
Paris Saint-Germain , 4, 1, AC Ajaccio, "Sunday, March 4, 2012", "Parc des Princes "
Lorient, 0, 2, Stade Rennes, "Sunday, March 4, 2012", "Stade du Moustoir "
AS Nancy Lorraine, 2, 0, Lyon, "Saturday, March 3, 2012", "Stade Marcel Picot "
Dijon FCO, 1, 1, Montpellier, "Saturday, March 3, 2012", "Stade Gaston Gérard (14,016)"
Lille, 2, 2, AJ Auxerre, "Saturday, March 3, 2012", "Stadium Lille Métropole "
Marseille, 0, 1, Toulouse, "Saturday, March 3, 2012", "Stade Vélodrome "
Sochaux, 1, 1, Valenciennes, "Saturday, March 3, 2012", "Stade Bonal "
St Etienne, 0, 2, Evian Thonon Gaillard, "Saturday, March 3, 2012", "Stade Geoffroy-Guichard "
Bordeaux, 1, 2, Nice, "Saturday, March 3, 2012", "Stade Jacques Chaban-Delmas "
Brest, 1, 0, Marseille, "Sunday, February 26, 2012", "Stade Francis-le Blé (15,096)"
Toulouse, 2, 0, Sochaux, "Sunday, February 26, 2012", "Stadium Municipal (11,351)"
Stade Rennes, 1, 1, Lille, "Sunday, February 26, 2012", "Stade de la Route-de-Lorient (19,834)"
AC Ajaccio, 2, 1, Dijon FCO, "Saturday, February 25, 2012", "Stade Francois-Coty (7,000)"
AJ Auxerre, 0, 0, St Etienne, "Saturday, February 25, 2012", "Stade Abbé-Deschamps (20,000)"
Evian Thonon Gaillard, 2, 0, AS Nancy Lorraine, "Saturday, February 25, 2012", "Parc des Sports, Annecy (10,748)"
Montpellier, 1, 0, Bordeaux, "Saturday, February 25, 2012", "Stade de la Mosson (21,284)"
Nice, 1, 0, Caen, "Saturday, February 25, 2012", "Stade du Ray (6,106)"
Valenciennes, 2, 0, Lorient, "Saturday, February 25, 2012", "Stade du Hainaut (13,969)"
Lyon, 4, 4, Paris Saint-Germain , "Saturday, February 25, 2012", "Stade de Gerland (45,000)"
Caen, 2, 1, AJ Auxerre, "Wednesday, February 22, 2012", "Stade Michel-d'Ornano "
Sochaux, 0, 1, Lille, "Wednesday, February 22, 2012", "Stade Bonal "
St Etienne, 4, 2, Lorient, "Wednesday, February 22, 2012", "Stade Geoffroy-Guichard "
Bordeaux, 1, 0, Lyon, "Sunday, February 19, 2012", "Stade Jacques Chaban-Delmas (27,704)"
St Etienne, 4, 0, Stade Rennes, "Sunday, February 19, 2012", "Stade Geoffroy-Guichard (21,432)"
Paris Saint-Germain , 2, 2, Montpellier, "Sunday, February 19, 2012", "Parc des Princes "
AC Ajaccio, 0, 0, Brest, "Saturday, February 18, 2012", "Stade Francois-Coty (7,000)"
AS Nancy Lorraine, 0, 3, Toulouse, "Saturday, February 18, 2012", "Stade Marcel Picot (12,093)"
Caen, 2, 2, Evian Thonon Gaillard, "Saturday, February 18, 2012", "Stade Michel-d'Ornano (14,881)"
Dijon FCO, 3, 0, Nice, "Saturday, February 18, 2012", "Stade Gaston Gérard (12,303)"
Lorient, 0, 1, Lille, "Saturday, February 18, 2012", "Stade du Moustoir (14,812)"
Sochaux, 0, 0, AJ Auxerre, "Saturday, February 18, 2012", "Stade Bonal (12,136)"
Marseille, 1, 1, Valenciennes, "Saturday, February 18, 2012", "Stade Vélodrome (41,055)"
Lille, 4, 5, Bordeaux, "Sunday, February 12, 2012", "Stadium Lille Métropole (17,256)"
Nice, 0, 0, Paris Saint-Germain , "Sunday, February 12, 2012", "Stade du Ray (12,332)"
Toulouse, 0, 1, St Etienne, "Sunday, February 12, 2012", "Stadium Municipal (5,500)"
AJ Auxerre, 1, 1, Lorient, "Saturday, February 11, 2012", "Stade Abbé-Deschamps (7,373)"
Lyon, 1, 2, Caen, "Saturday, February 11, 2012", "Stade de Gerland (30,692)"
Montpellier, 3, 0, AC Ajaccio, "Saturday, February 11, 2012", "Stade de la Mosson (11,647)"
Valenciennes, 1, 0, AS Nancy Lorraine, "Saturday, February 11, 2012", "Stade du Hainaut "
Stade Rennes, 1, 0, Sochaux, "Saturday, February 11, 2012", "Stade de la Route-de-Lorient (17,177)"
Brest, 1, 1, Dijon FCO, "Saturday, February 11, 2012", "Stade Francis-le Blé (13,412)"
Marseille, 2, 2, Lyon, "Sunday, February 5, 2012", "Stade Vélodrome "
AS Nancy Lorraine, 0, 0, Stade Rennes, "Saturday, February 4, 2012", "Stade Marcel Picot (12,615)"
Dijon FCO, 1, 2, Valenciennes, "Saturday, February 4, 2012", "Stade Gaston Gérard "
AC Ajaccio, 1, 1, Nice, "Saturday, February 4, 2012", "Stade Francois-Coty (5,742)"
Montpellier, 1, 0, Brest, "Saturday, February 4, 2012", "Stade de la Mosson (11,149)"
Paris Saint-Germain , 3, 1, Evian Thonon Gaillard, "Saturday, February 4, 2012", "Parc des Princes (41,624)"
Bordeaux, 2, 0, Toulouse, "Saturday, February 4, 2012", "Stade Jacques Chaban-Delmas (16,485)"
Evian Thonon Gaillard, 0, 0, Bordeaux, "Sunday, January 29, 2012", "Parc des Sports, Annecy (11,543)"
Valenciennes, 1, 2, AC Ajaccio, "Sunday, January 29, 2012", "Stade du Hainaut (13,515)"
Stade Rennes, 1, 2, Marseille, "Sunday, January 29, 2012", "Stade de la Route-de-Lorient (30,000)"
AJ Auxerre, 1, 3, AS Nancy Lorraine, "Saturday, January 28, 2012", "Stade Abbé-Deschamps (10,815)"
Brest, 0, 1, Paris Saint-Germain , "Saturday, January 28, 2012", "Stade Francis-le Blé (14,760)"
Lorient, 1, 1, Sochaux, "Saturday, January 28, 2012", "Stade du Moustoir (15,500)"
Lyon, 3, 1, Dijon FCO, "Saturday, January 28, 2012", "Stade de Gerland (35,644)"
Nice, 0, 1, Montpellier, "Saturday, January 28, 2012", "Stade du Ray (7,099)"
Toulouse, 1, 0, Caen, "Saturday, January 28, 2012", "Stadium Municipal (22,500)"
Lille, 3, 0, St Etienne, "Saturday, January 28, 2012", "Stadium Lille Métropole (17,437)"
Marseille, 2, 0, Lille, "Sunday, January 15, 2012", "Stade Vélodrome (41,279)"
AC Ajaccio, 2, 1, AJ Auxerre, "Saturday, January 14, 2012", "Stade Francois-Coty (5,522)"
AS Nancy Lorraine, 2, 2, Lorient, "Saturday, January 14, 2012", "Stade Marcel Picot (13,500)"
Bordeaux, 2, 1, Valenciennes, "Saturday, January 14, 2012", "Stade Jacques Chaban-Delmas (16,274)"
Brest, 1, 0, Nice, "Saturday, January 14, 2012", "Stade Francis-le Blé (11,997)"
Caen, 0, 2, Stade Rennes, "Saturday, January 14, 2012", "Stade Michel-d'Ornano (14,785)"
Dijon FCO, 3, 1, Evian Thonon Gaillard, "Saturday, January 14, 2012", "Stade Gaston Gérard (12,565)"
Montpellier, 1, 0, Lyon, "Saturday, January 14, 2012", "Stade de la Mosson (18,889)"
Paris Saint-Germain , 3, 1, Toulouse, "Saturday, January 14, 2012", "Parc des Princes (44,669)"
St Etienne, 1, 0, Sochaux, "Saturday, January 14, 2012", "Stade Geoffroy-Guichard (20,222)"
AJ Auxerre, 2, 2, Dijon FCO, "Wednesday, December 21, 2011", "Stade Abbé-Deschamps "
Evian Thonon Gaillard, 4, 2, Montpellier, "Wednesday, December 21, 2011", "Parc des Sports, Annecy "
Lille, 4, 4, Nice, "Wednesday, December 21, 2011", "Stadium Lille Métropole "
Lorient, 0, 0, Caen, "Wednesday, December 21, 2011", "Stade du Moustoir "
Sochaux, 0, 2, AC Ajaccio, "Wednesday, December 21, 2011", "Stade Bonal "
Stade Rennes, 1, 0, Bordeaux, "Wednesday, December 21, 2011", "Stade de la Route-de-Lorient "
Toulouse, 0, 0, Brest, "Wednesday, December 21, 2011", "Stadium Municipal "
Valenciennes, 1, 0, Lyon, "Wednesday, December 21, 2011", "Stade du Hainaut "
St Etienne, 0, 1, Paris Saint-Germain , "Wednesday, December 21, 2011", "Stade Geoffroy-Guichard "
AS Nancy Lorraine, 1, 3, Marseille, "Tuesday, December 20, 2011", "Stade Marcel Picot "
AC Ajaccio, 1, 0, Stade Rennes, "Sunday, December 18, 2011", "Stade Francois-Coty (5,645)"
Bordeaux, 1, 0, Sochaux, "Sunday, December 18, 2011", "Stade Jacques Chaban-Delmas (23,700)"
Paris Saint-Germain , 0, 0, Lille, "Sunday, December 18, 2011", "Parc des Princes (45,195)"
Brest, 1, 0, AJ Auxerre, "Saturday, December 17, 2011", "Stade Francis-le Blé (13,677)"
Caen, 1, 2, AS Nancy Lorraine, "Saturday, December 17, 2011", "Stade Michel-d'Ornano (13,528)"
Dijon FCO, 1, 2, St Etienne, "Saturday, December 17, 2011", "Stade Gaston Gérard (14,435)"
Marseille, 2, 1, Lorient, "Saturday, December 17, 2011", "Stade Vélodrome (40,080)"
Montpellier, 1, 1, Toulouse, "Saturday, December 17, 2011", "Stade de la Mosson (16,780)"
Nice, 2, 0, Valenciennes, "Saturday, December 17, 2011", "Stade du Ray (7,358)"
Lyon, 2, 1, Evian Thonon Gaillard, "Saturday, December 17, 2011", "Stade de Gerland (35,253)"
AJ Auxerre, 2, 1, Nice, "Sunday, December 11, 2011", "Stade Abbé-Deschamps "
Lille, 2, 0, Dijon FCO, "Sunday, December 11, 2011", "Stadium Lille Métropole "
Lorient, 0, 1, Lyon, "Sunday, December 11, 2011", "Stade du Moustoir "
AS Nancy Lorraine, 2, 2, AC Ajaccio, "Saturday, December 10, 2011", "Stade Marcel Picot (15,000)"
Sochaux, 0, 1, Paris Saint-Germain , "Saturday, December 10, 2011", "Stade Bonal "
St Etienne, 2, 0, Caen, "Saturday, December 10, 2011", "Stade Geoffroy-Guichard "
Stade Rennes, 1, 1, Brest, "Saturday, December 10, 2011", "Stade de la Route-de-Lorient "
Toulouse, 2, 1, Evian Thonon Gaillard, "Saturday, December 10, 2011", "Stadium Municipal "
Valenciennes, 1, 0, Montpellier, "Saturday, December 10, 2011", "Stade du Hainaut (3,000)"
Marseille, 0, 0, Bordeaux, "Saturday, December 10, 2011", "Stade Vélodrome "
Bordeaux, 2, 0, AS Nancy Lorraine, "Sunday, December 4, 2011", "Stade Jacques Chaban-Delmas (15,404)"
Paris Saint-Germain , 3, 2, AJ Auxerre, "Sunday, December 4, 2011", "Parc des Princes (42,035)"
Lyon, 3, 2, Toulouse, "Sunday, December 4, 2011", "Stade de Gerland (31,028)"
AC Ajaccio, 2, 3, Lille, "Saturday, December 3, 2011", "Stade Francois-Coty (5,319)"
Brest, 2, 2, St Etienne, "Saturday, December 3, 2011", "Stade Francis-le Blé (13,789)"
Dijon FCO, 0, 0, Sochaux, "Saturday, December 3, 2011", "Stade Gaston Gérard (13,165)"
Evian Thonon Gaillard, 2, 1, Valenciennes, "Saturday, December 3, 2011", "Parc des Sports, Annecy (9,608)"
Montpellier, 4, 0, Lorient, "Saturday, December 3, 2011", "Stade de la Mosson (12,866)"
Nice, 2, 0, Stade Rennes, "Saturday, December 3, 2011", "Stade du Ray (7,664)"
Caen, 1, 2, Marseille, "Friday, December 2, 2011", "Stade Michel-d'Ornano "
AJ Auxerre, 0, 3, Lyon, "Sunday, November 27, 2011", "Stade Abbé-Deschamps (12,081)"
Lorient, 1, 0, Nice, "Sunday, November 27, 2011", "Stade du Moustoir (16,009)"
Marseille, 3, 0, Paris Saint-Germain , "Sunday, November 27, 2011", "Stade Vélodrome (40,000)"
AS Nancy Lorraine, 1, 2, Dijon FCO, "Saturday, November 26, 2011", "Stade Marcel Picot (15,114)"
Bordeaux, 2, 0, Caen, "Saturday, November 26, 2011", "Stade Jacques Chaban-Delmas (17,255)"
Sochaux, 1, 3, Montpellier, "Saturday, November 26, 2011", "Stade Bonal (11,941)"
St Etienne, 3, 1, AC Ajaccio, "Saturday, November 26, 2011", "Stade Geoffroy-Guichard (20,059)"
Stade Rennes, 3, 2, Evian Thonon Gaillard, "Saturday, November 26, 2011", "Stade de la Route-de-Lorient (17,782)"
Toulouse, 2, 0, Valenciennes, "Saturday, November 26, 2011", "Stadium Municipal (29,234)"
Lille, 2, 0, Brest, "Saturday, November 26, 2011", "Stadium Lille Métropole (16,760)"
Brest, 2, 0, Sochaux, "Sunday, November 20, 2011", "Stade Francis-le Blé (12,918)"
Valenciennes, 2, 1, AJ Auxerre, "Sunday, November 20, 2011", "Stade du Hainaut (13,383)"
Paris Saint-Germain , 0, 1, AS Nancy Lorraine, "Sunday, November 20, 2011", "Parc des Princes (35,000)"
AC Ajaccio, 2, 2, Caen, "Saturday, November 19, 2011", "Stade Francois-Coty (5,125)"
Dijon FCO, 2, 0, Bordeaux, "Saturday, November 19, 2011", "Stade Gaston Gérard (13,568)"
Evian Thonon Gaillard, 2, 1, Lorient, "Saturday, November 19, 2011", "Parc des Sports, Annecy (10,763)"
Nice, 0, 2, St Etienne, "Saturday, November 19, 2011", "Stade du Ray (8,599)"
Montpellier, 1, 0, Marseille, "Saturday, November 19, 2011", "Stade de la Mosson (26,241)"
Lyon, 1, 2, Stade Rennes, "Friday, November 18, 2011", "Stade de Gerland (32,193)"
Toulouse, 0, 0, Lille, "Friday, November 18, 2011", "Stadium Municipal (17,653)"
AS Nancy Lorraine, 2, 1, Brest, "Sunday, November 6, 2011", "Stade Marcel Picot (14,029)"
Caen, 3, 0, Dijon FCO, "Sunday, November 6, 2011", "Stade Michel-d'Ornano (14,387)"
Lorient, 2, 0, AC Ajaccio, "Sunday, November 6, 2011", "Stade du Moustoir (15,672)"
Marseille, 2, 0, Nice, "Sunday, November 6, 2011", "Stade Vélodrome (39,716)"
Sochaux, 2, 1, Lyon, "Sunday, November 6, 2011", "Stade Bonal (14,611)"
St Etienne, 1, 1, Montpellier, "Sunday, November 6, 2011", "Stade Geoffroy-Guichard (18,788)"
Stade Rennes, 1, 1, Valenciennes, "Sunday, November 6, 2011", "Stade de la Route-de-Lorient (20,006)"
AJ Auxerre, 2, 0, Toulouse, "Sunday, November 6, 2011", "Stade Abbé-Deschamps (7,238)"
Bordeaux, 1, 1, Paris Saint-Germain , "Sunday, November 6, 2011", "Stade Jacques Chaban-Delmas (29,496)"
Lille, 1, 1, Evian Thonon Gaillard, "Saturday, November 5, 2011", "Stadium Lille Métropole "
Nice, 1, 1, Sochaux, "Sunday, October 30, 2011", "Stade du Ray "
Toulouse, 1, 0, Stade Rennes, "Sunday, October 30, 2011", "Stadium Municipal (32,000)"
Valenciennes, 0, 0, Lille, "Sunday, October 30, 2011", "Stade du Hainaut "
AC Ajaccio, 0, 2, Bordeaux, "Saturday, October 29, 2011", "Stade Francois-Coty "
Brest, 3, 1, Lorient, "Saturday, October 29, 2011", "Stade Francis-le Blé "
Dijon FCO, 2, 3, Marseille, "Saturday, October 29, 2011", "Stade Gaston Gérard "
Evian Thonon Gaillard, 3, 1, AJ Auxerre, "Saturday, October 29, 2011", "Parc des Sports, Annecy "
Montpellier, 2, 0, AS Nancy Lorraine, "Saturday, October 29, 2011", "Stade de la Mosson "
Paris Saint-Germain , 4, 2, Caen, "Saturday, October 29, 2011", "Parc des Princes "
Lyon, 2, 0, St Etienne, "Saturday, October 29, 2011", "Stade de Gerland "
AJ Auxerre, 0, 1, Stade Rennes, "Sunday, October 23, 2011", "Stade Abbé-Deschamps "
Paris Saint-Germain , 2, 0, Dijon FCO, "Sunday, October 23, 2011", "Parc des Princes "
Lille, 3, 1, Lyon, "Sunday, October 23, 2011", "Stadium Lille Métropole (17,000)"
AS Nancy Lorraine, 1, 0, Nice, "Saturday, October 22, 2011", "Stade Marcel Picot (13,652)"
Bordeaux, 1, 1, Brest, "Saturday, October 22, 2011", "Stade Jacques Chaban-Delmas (16,428)"
Caen, 1, 3, Montpellier, "Saturday, October 22, 2011", "Stade Michel-d'Ornano (14,290)"
Marseille, 2, 0, AC Ajaccio, "Saturday, October 22, 2011", "Stade Vélodrome (39,786)"
Sochaux, 1, 1, Evian Thonon Gaillard, "Saturday, October 22, 2011", "Stade Bonal (12,331)"
St Etienne, 1, 0, Valenciennes, "Saturday, October 22, 2011", "Stade Geoffroy-Guichard (20,083)"
Lorient, 0, 0, Toulouse, "Saturday, October 22, 2011", "Stade du Moustoir "
AC Ajaccio, 1, 3, Paris Saint-Germain , "Sunday, October 16, 2011", "Stade Francois-Coty (8,155)"
Valenciennes, 3, 0, Sochaux, "Sunday, October 16, 2011", "Stade du Hainaut (13,498)"
Stade Rennes, 2, 0, Lorient, "Sunday, October 16, 2011", "Stade de la Route-de-Lorient (30,000)"
AJ Auxerre, 1, 3, Lille, "Saturday, October 15, 2011", "Stade Abbé-Deschamps (11,175)"
Brest, 1, 1, Caen, "Saturday, October 15, 2011", "Stade Francis-le Blé (12,760)"
Evian Thonon Gaillard, 1, 2, St Etienne, "Saturday, October 15, 2011", "Parc des Sports, Annecy (14,798)"
Lyon, 3, 1, AS Nancy Lorraine, "Saturday, October 15, 2011", "Stade de Gerland (33,825)"
Montpellier, 5, 3, Dijon FCO, "Saturday, October 15, 2011", "Stade de la Mosson (12,047)"
Toulouse, 0, 0, Marseille, "Saturday, October 15, 2011", "Stadium Municipal (30,082)"
Nice, 3, 0, Bordeaux, "Saturday, October 15, 2011", "Stade du Ray (15,000)"
Lille, 2, 0, Stade Rennes, "Sunday, October 2, 2011", "Stadium Lille Métropole (16,342)"
Marseille, 1, 1, Brest, "Sunday, October 2, 2011", "Stade Vélodrome (39,598)"
Paris Saint-Germain , 2, 0, Lyon, "Sunday, October 2, 2011", "Parc des Princes (44,450)"
AS Nancy Lorraine, 1, 1, Evian Thonon Gaillard, "Saturday, October 1, 2011", "Stade Marcel Picot (15,054)"
Caen, 1, 1, Nice, "Saturday, October 1, 2011", "Stade Michel-d'Ornano (13,234)"
Dijon FCO, 1, 1, AC Ajaccio, "Saturday, October 1, 2011", "Stade Gaston Gérard (12,534)"
Lorient, 2, 0, Valenciennes, "Saturday, October 1, 2011", "Stade du Moustoir (15,698)"
Sochaux, 3, 0, Toulouse, "Saturday, October 1, 2011", "Stade Bonal (10,142)"
St Etienne, 1, 1, AJ Auxerre, "Saturday, October 1, 2011", "Stade Geoffroy-Guichard (19,338)"
Bordeaux, 2, 2, Montpellier, "Saturday, October 1, 2011", "Stade Jacques Chaban-Delmas (17,713)"
AJ Auxerre, 4, 1, Sochaux, "Sunday, September 25, 2011", "Stade Abbé-Deschamps (18,452)"
Brest, 1, 1, AC Ajaccio, "Sunday, September 25, 2011", "Stade Francis-le Blé (13,000)"
Stade Rennes, 1, 1, St Etienne, "Sunday, September 25, 2011", "Stade de la Route-de-Lorient (18,718)"
Evian Thonon Gaillard, 2, 4, Caen, "Saturday, September 24, 2011", "Parc des Sports, Annecy (9,462)"
Lille, 1, 1, Lorient, "Saturday, September 24, 2011", "Stadium Lille Métropole (15,000)"
Lyon, 3, 1, Bordeaux, "Saturday, September 24, 2011", "Stade de Gerland (25,000)"
Nice, 1, 1, Dijon FCO, "Saturday, September 24, 2011", "Stade du Ray (8,152)"
Toulouse, 1, 0, AS Nancy Lorraine, "Saturday, September 24, 2011", "Stadium Municipal (12,346)"
Valenciennes, 1, 1, Marseille, "Saturday, September 24, 2011", "Stade du Hainaut (21,641)"
Montpellier, 0, 3, Paris Saint-Germain , "Saturday, September 24, 2011", "Stade de la Mosson (24,842)"
AC Ajaccio, 1, 3, Montpellier, "Wednesday, September 21, 2011", "Stade Francois-Coty (10,000)"
AS Nancy Lorraine, 1, 1, Valenciennes, "Wednesday, September 21, 2011", "Stade Marcel Picot (13,600)"
Caen, 1, 0, Lyon, "Wednesday, September 21, 2011", "Stade Michel-d'Ornano (16,652)"
Dijon FCO, 1, 0, Brest, "Wednesday, September 21, 2011", "Stade Gaston Gérard (12,436)"
Lorient, 1, 1, AJ Auxerre, "Wednesday, September 21, 2011", "Stade du Moustoir (15,000)"
Marseille, 2, 0, Evian Thonon Gaillard, "Wednesday, September 21, 2011", "Stade Vélodrome (39,357)"
Paris Saint-Germain , 2, 1, Nice, "Wednesday, September 21, 2011", "Parc des Princes (38,000)"
Sochaux, 2, 6, Stade Rennes, "Wednesday, September 21, 2011", "Stade Bonal (10,417)"
St Etienne, 1, 1, Toulouse, "Wednesday, September 21, 2011", "Stade Geoffroy-Guichard (18,000)"
Bordeaux, 1, 1, Lille, "Tuesday, September 20, 2011", "Stade Jacques Chaban-Delmas (17,927)"
Evian Thonon Gaillard, 2, 2, Paris Saint-Germain , "Sunday, September 18, 2011", "Parc des Sports, Annecy (15,162)"
Stade Rennes, 1, 1, AS Nancy Lorraine, "Sunday, September 18, 2011", "Stade de la Route-de-Lorient (15,594)"
Lyon, 2, 0, Marseille, "Sunday, September 18, 2011", "Stade de Gerland (38,500)"
AJ Auxerre, 1, 1, Caen, "Saturday, September 17, 2011", "Stade Abbé-Deschamps (8,962)"
Brest, 2, 2, Montpellier, "Saturday, September 17, 2011", "Stade Francis-le Blé (13,000)"
Lorient, 3, 0, St Etienne, "Saturday, September 17, 2011", "Stade du Moustoir (14,800)"
Nice, 3, 0, AC Ajaccio, "Saturday, September 17, 2011", "Stade du Ray (14,000)"
Toulouse, 3, 2, Bordeaux, "Saturday, September 17, 2011", "Stadium Municipal (15,000)"
Valenciennes, 4, 0, Dijon FCO, "Saturday, September 17, 2011", "Stade du Hainaut (13,961)"
Lille, 2, 2, Sochaux, "Saturday, September 17, 2011", "Stadium Lille Métropole (17,000)"
AS Nancy Lorraine, 0, 0, AJ Auxerre, "Sunday, September 11, 2011", "Stade Marcel Picot (14,206)"
Montpellier, 1, 0, Nice, "Sunday, September 11, 2011", "Stade de la Mosson (12,168)"
Paris Saint-Germain , 1, 0, Brest, "Sunday, September 11, 2011", "Parc des Princes (38,000)"
AC Ajaccio, 3, 1, Valenciennes, "Saturday, September 10, 2011", "Stade Francois-Coty (6,000)"
Bordeaux, 0, 0, Evian Thonon Gaillard, "Saturday, September 10, 2011", "Stade Jacques Chaban-Delmas (15,853)"
Caen, 0, 1, Toulouse, "Saturday, September 10, 2011", "Stade Michel-d'Ornano (12,568)"
Dijon FCO, 1, 2, Lyon, "Saturday, September 10, 2011", "Stade Gaston Gérard (14,325)"
Sochaux, 1, 1, Lorient, "Saturday, September 10, 2011", "Stade Bonal (12,031)"
St Etienne, 1, 3, Lille, "Saturday, September 10, 2011", "Stade Geoffroy-Guichard (23,061)"
Marseille, 0, 1, Stade Rennes, "Saturday, September 10, 2011", "Stade Vélodrome (40,627)"
Sochaux, 2, 1, St Etienne, "Sunday, August 28, 2011", "Stade Bonal (12,180)"
Stade Rennes, 3, 2, Caen, "Sunday, August 28, 2011", "Stade de la Route-de-Lorient (19,715)"
Toulouse, 1, 3, Paris Saint-Germain , "Sunday, August 28, 2011", "Stadium Municipal (31,122)"
Lille, 3, 2, Marseille, "Sunday, August 28, 2011", "Stadium Lille Métropole (16,921)"
AJ Auxerre, 4, 1, AC Ajaccio, "Saturday, August 27, 2011", "Stade Abbé-Deschamps (8,122)"
Evian Thonon Gaillard, 0, 1, Dijon FCO, "Saturday, August 27, 2011", "Parc des Sports, Annecy (10,225)"
Lorient, 2, 1, AS Nancy Lorraine, "Saturday, August 27, 2011", "Stade du Moustoir (14,000)"
Nice, 0, 0, Brest, "Saturday, August 27, 2011", "Stade du Ray (7,875)"
Valenciennes, 1, 2, Bordeaux, "Saturday, August 27, 2011", "Stade du Hainaut (15,377)"
Lyon, 2, 1, Montpellier, "Saturday, August 27, 2011", "Stade de Gerland (35,000)"
AS Nancy Lorraine, 1, 2, Sochaux, "Sunday, August 21, 2011", "Stade Marcel Picot (15,066)"
Montpellier, 4, 0, Stade Rennes, "Sunday, August 21, 2011", "Stade de la Mosson (14,021)"
Paris Saint-Germain , 2, 1, Valenciennes, "Sunday, August 21, 2011", "Parc des Princes (35,000)"
Marseille, 0, 0, St Etienne, "Sunday, August 21, 2011", "Stade Vélodrome (40,000)"
Bordeaux, 1, 1, AJ Auxerre, "Saturday, August 20, 2011", "Stade Jacques Chaban-Delmas (20,350)"
Brest, 1, 1, Lyon, "Saturday, August 20, 2011", "Stade Francis-le Blé (14,673)"
Caen, 1, 2, Lille, "Saturday, August 20, 2011", "Stade Michel-d'Ornano (16,000)"
Dijon FCO, 2, 0, Lorient, "Saturday, August 20, 2011", "Stade Gaston Gérard (12,872)"
Nice, 1, 1, Toulouse, "Saturday, August 20, 2011", "Stade du Ray (8,390)"
AC Ajaccio, 1, 1, Evian Thonon Gaillard, "Saturday, August 20, 2011", "Stade Francois-Coty (9,000)"
AJ Auxerre, 2, 2, Marseille, "Sunday, August 14, 2011", "Stade Abbé-Deschamps (19,340)"
Evian Thonon Gaillard, 1, 0, Nice, "Sunday, August 14, 2011", "Parc des Sports, Annecy (13,127)"
Lille, 0, 1, Montpellier, "Sunday, August 14, 2011", "Stadium Lille Métropole (16,304)"
Lorient, 1, 1, Bordeaux, "Saturday, August 13, 2011", "Stade du Moustoir (17,000)"
Lyon, 1, 1, AC Ajaccio, "Saturday, August 13, 2011", "Stade de Gerland (30,116)"
Sochaux, 1, 2, Caen, "Saturday, August 13, 2011", "Stade Bonal (12,135)"
St Etienne, 1, 0, AS Nancy Lorraine, "Saturday, August 13, 2011", "Stade Geoffroy-Guichard (23,510)"
Stade Rennes, 1, 1, Paris Saint-Germain , "Saturday, August 13, 2011", "Stade de la Route-de-Lorient (27,927)"
Toulouse, 2, 0, Dijon FCO, "Saturday, August 13, 2011", "Stadium Municipal (13,353)"
Valenciennes, 0, 0, Brest, "Saturday, August 13, 2011", "Stade du Hainaut (19,021)"
Dijon FCO, 1, 5, Stade Rennes, "Sunday, August 7, 2011", "Stade Gaston Gérard (13,754)"
Bordeaux, 1, 2, St Etienne, "Sunday, August 7, 2011", "Stade Jacques Chaban-Delmas (31,625)"
AC Ajaccio, 0, 2, Toulouse, "Saturday, August 6, 2011", "Stade Francois-Coty (8,500)"
AS Nancy Lorraine, 1, 1, Lille, "Saturday, August 6, 2011", "Stade Marcel Picot (15,060)"
Brest, 2, 2, Evian Thonon Gaillard, "Saturday, August 6, 2011", "Stade Francis-le Blé (15,000)"
Caen, 1, 0, Valenciennes, "Saturday, August 6, 2011", "Stade Michel-d'Ornano (14,085)"
Marseille, 2, 2, Sochaux, "Saturday, August 6, 2011", "Stade Vélodrome (41,102)"
Montpellier, 3, 1, AJ Auxerre, "Saturday, August 6, 2011", "Stade de la Mosson (12,198)"
Nice, 1, 3, Lyon, "Saturday, August 6, 2011", "Stade du Ray (14,405)"
Paris Saint-Germain , 0, 1, Lorient, "Saturday, August 6, 2011", "Parc des Princes (40,008)"
