home, homescore, awayscore, away, date, group
Caen, 0, 1, Bordeaux, "Saturday, May 30, 2009", "Stade Michel-d'Ornano (20,922)"
Grenoble, 0, 1, Sochaux, "Saturday, May 30, 2009", "Stade des Alpes (30,354)"
Lille, 3, 2, AS Nancy Lorraine, "Saturday, May 30, 2009", "Stadium Lille Métropole (13,500)"
Lorient, 1, 1, Le Mans, "Saturday, May 30, 2009", "Stade du Moustoir (11,000)"
Marseille, 4, 0, Stade Rennes, "Saturday, May 30, 2009", "Stade Vélodrome (30,000)"
Nantes, 2, 1, AJ Auxerre, "Saturday, May 30, 2009", "La Beaujoire-Louis-Fonteneau (18,000)"
Nice, 0, 0, Le Havre AC, "Saturday, May 30, 2009", "Stade du Ray (17,000)"
Paris Saint-Germain , 0, 0, AS Monaco, "Saturday, May 30, 2009", "Parc des Princes (43,000)"
St Etienne, 4, 0, Valenciennes, "Saturday, May 30, 2009", "Stade Geoffroy-Guichard (33,633)"
Toulouse, 0, 0, Lyon, "Saturday, May 30, 2009", "Stadium Municipal (32,000)"
AJ Auxerre, 1, 0, St Etienne, "Saturday, May 23, 2009", "Stade Abbé-Deschamps (19,000)"
AS Nancy Lorraine, 1, 2, Marseille, "Saturday, May 23, 2009", "Stade Marcel Picot (20,609)"
Bordeaux, 1, 0, AS Monaco, "Saturday, May 23, 2009", "Stade Jacques Chaban-Delmas (32,620)"
Le Havre AC, 0, 1, Lille, "Saturday, May 23, 2009", "Stade Jules-Deschaseaux (12,000)"
Le Mans, 1, 1, Grenoble, "Saturday, May 23, 2009", "Leon-Bollée (10,000)"
Lyon, 3, 1, Caen, "Saturday, May 23, 2009", "Stade de Gerland (30,000)"
Nice, 0, 2, Toulouse, "Saturday, May 23, 2009", "Stade du Ray (9,156)"
Sochaux, 2, 1, Nantes, "Saturday, May 23, 2009", "Stade Bonal (19,000)"
Stade Rennes, 3, 1, Lorient, "Saturday, May 23, 2009", "Stade de la Route-de-Lorient (27,728)"
Valenciennes, 2, 1, Paris Saint-Germain , "Saturday, May 23, 2009", "Stade Nungesser (12,000)"
Lille, 1, 1, Nice, "Sunday, May 17, 2009", "Stadium Lille Métropole (13,000)"
Nantes, 1, 1, Stade Rennes, "Sunday, May 17, 2009", "La Beaujoire-Louis-Fonteneau (25,068)"
Marseille, 1, 3, Lyon, "Sunday, May 17, 2009", "Stade Vélodrome (58,000)"
AS Monaco, 1, 1, Valenciennes, "Saturday, May 16, 2009", "Stade Louis II (7,026)"
Bordeaux, 3, 2, Le Mans, "Saturday, May 16, 2009", "Stade Jacques Chaban-Delmas (32,722)"
Caen, 2, 0, Sochaux, "Saturday, May 16, 2009", "Stade Michel-d'Ornano (18,927)"
Grenoble, 0, 0, AS Nancy Lorraine, "Saturday, May 16, 2009", "Stade des Alpes (15,498)"
Lorient, 1, 1, Le Havre AC, "Saturday, May 16, 2009", "Stade du Moustoir (10,000)"
St Etienne, 2, 2, Toulouse, "Saturday, May 16, 2009", "Stade Geoffroy-Guichard (30,053)"
Paris Saint-Germain , 1, 2, AJ Auxerre, "Saturday, May 16, 2009", "Parc des Princes (41,000)"
AJ Auxerre, 2, 0, Grenoble, "Wednesday, May 13, 2009", "Stade Abbé-Deschamps (10,738)"
AS Nancy Lorraine, 2, 2, Lorient, "Wednesday, May 13, 2009", "Stade Marcel Picot (18,148)"
Le Havre AC, 2, 4, St Etienne, "Wednesday, May 13, 2009", "Stade Jules-Deschaseaux (14,754)"
Le Mans, 0, 1, Paris Saint-Germain , "Wednesday, May 13, 2009", "Leon-Bollée (12,281)"
Nice, 0, 2, Marseille, "Wednesday, May 13, 2009", "Stade du Ray (16,670)"
Sochaux, 3, 0, AS Monaco, "Wednesday, May 13, 2009", "Stade Bonal (16,870)"
Stade Rennes, 1, 0, Caen, "Wednesday, May 13, 2009", "Stade de la Route-de-Lorient (20,880)"
Toulouse, 0, 0, Lille, "Wednesday, May 13, 2009", "Stadium Municipal (19,000)"
Valenciennes, 1, 2, Bordeaux, "Wednesday, May 13, 2009", "Stade Nungesser (15,104)"
Lyon, 3, 0, Nantes, "Tuesday, May 12, 2009", "Stade de Gerland (38,000)"
Nantes, 1, 2, Le Havre AC, "Sunday, May 3, 2009", "La Beaujoire-Louis-Fonteneau (21,809)"
Paris Saint-Germain , 0, 1, Stade Rennes, "Sunday, May 3, 2009", "Parc des Princes (39,000)"
Bordeaux, 3, 0, Sochaux, "Sunday, May 3, 2009", "Stade Jacques Chaban-Delmas (27,133)"
AS Monaco, 0, 1, AJ Auxerre, "Saturday, May 2, 2009", "Stade Louis II (7,203)"
Caen, 3, 1, Le Mans, "Saturday, May 2, 2009", "Stade Michel-d'Ornano (17,000)"
Grenoble, 0, 0, Nice, "Saturday, May 2, 2009", "Stade des Alpes (30,000)"
Lorient, 3, 1, Lille, "Saturday, May 2, 2009", "Stade du Moustoir (11,576)"
St Etienne, 0, 0, AS Nancy Lorraine, "Saturday, May 2, 2009", "Stade Geoffroy-Guichard (31,446)"
Valenciennes, 2, 0, Lyon, "Saturday, May 2, 2009", "Stade Nungesser (14,864)"
Marseille, 2, 2, Toulouse, "Saturday, May 2, 2009", "Stade Vélodrome (60,000)"
Stade Rennes, 2, 3, Bordeaux, "Wednesday, April 29, 2009", "Stade de la Route-de-Lorient (26,079)"
AJ Auxerre, 2, 1, Caen, "Sunday, April 26, 2009", "Stade Abbé-Deschamps (20,500)"
AS Nancy Lorraine, 2, 0, Nantes, "Sunday, April 26, 2009", "Stade Marcel Picot (15,500)"
Le Havre AC, 0, 1, Grenoble, "Sunday, April 26, 2009", "Stade Jules-Deschaseaux (12,394)"
Le Mans, 0, 1, AS Monaco, "Sunday, April 26, 2009", "Leon-Bollée (10,000)"
Nice, 3, 1, St Etienne, "Sunday, April 26, 2009", "Stade du Ray (9,233)"
Sochaux, 1, 1, Valenciennes, "Sunday, April 26, 2009", "Stade Bonal (14,691)"
Toulouse, 1, 1, Lorient, "Sunday, April 26, 2009", "Stadium Municipal (18,083)"
Lille, 1, 2, Marseille, "Sunday, April 26, 2009", "Stadium Lille Métropole (18,000)"
Lyon, 0, 0, Paris Saint-Germain , "Friday, April 24, 2009", "Stade de Gerland (30,900)"
Lorient, 1, 2, Marseille, "Sunday, April 19, 2009", "Stade du Moustoir (13,093)"
Paris Saint-Germain , 3, 0, Le Havre AC, "Sunday, April 19, 2009", "Parc des Princes (41,000)"
Bordeaux, 1, 0, Lyon, "Sunday, April 19, 2009", "Stade Jacques Chaban-Delmas (34,121)"
AS Monaco, 3, 1, Stade Rennes, "Saturday, April 18, 2009", "Stade Louis II (7,714)"
Caen, 1, 2, AS Nancy Lorraine, "Saturday, April 18, 2009", "Stade Michel-d'Ornano (18,399)"
Grenoble, 1, 0, Toulouse, "Saturday, April 18, 2009", "Stade des Alpes (13,865)"
Nantes, 2, 0, Nice, "Saturday, April 18, 2009", "La Beaujoire-Louis-Fonteneau (21,014)"
Sochaux, 0, 1, AJ Auxerre, "Saturday, April 18, 2009", "Stade Bonal (14,211)"
Valenciennes, 0, 2, Le Mans, "Saturday, April 18, 2009", "Stade Nungesser (14,000)"
St Etienne, 2, 1, Lille, "Saturday, April 18, 2009", "Stade Geoffroy-Guichard (31,185)"
Marseille, 4, 1, Grenoble, "Sunday, April 12, 2009", "Stade Vélodrome (50,000)"
Lille, 0, 0, Paris Saint-Germain , "Sunday, April 12, 2009", "Stadium Lille Métropole (18,000)"
Lyon, 2, 2, AS Monaco, "Sunday, April 12, 2009", "Stade de Gerland (40,245)"
AJ Auxerre, 0, 2, Bordeaux, "Saturday, April 11, 2009", "Stade Abbé-Deschamps (20,002)"
AS Nancy Lorraine, 2, 0, Valenciennes, "Saturday, April 11, 2009", "Stade Marcel Picot (18,213)"
Le Havre AC, 1, 2, Caen, "Saturday, April 11, 2009", "Stade Jules-Deschaseaux (15,000)"
Le Mans, 2, 0, Sochaux, "Saturday, April 11, 2009", "Leon-Bollée (14,354)"
Nice, 2, 0, Lorient, "Saturday, April 11, 2009", "Stade du Ray (17,000)"
Toulouse, 1, 0, Nantes, "Saturday, April 11, 2009", "Stadium Municipal (22,528)"
Stade Rennes, 1, 0, St Etienne, "Saturday, April 11, 2009", "Stade de la Route-de-Lorient (25,222)"
Paris Saint-Germain , 2, 1, Nice, "Sunday, April 5, 2009", "Parc des Princes (40,471)"
Sochaux, 3, 0, Stade Rennes, "Sunday, April 5, 2009", "Stade Bonal (13,654)"
St Etienne, 0, 3, Marseille, "Sunday, April 5, 2009", "Stade Geoffroy-Guichard (34,534)"
AS Monaco, 0, 1, Le Havre AC, "Saturday, April 4, 2009", "Stade Louis II (6,459)"
Bordeaux, 1, 0, AS Nancy Lorraine, "Saturday, April 4, 2009", "Stade Jacques Chaban-Delmas (26,825)"
Grenoble, 1, 3, Lorient, "Saturday, April 4, 2009", "Stade des Alpes (16,297)"
Le Mans, 1, 3, Lyon, "Saturday, April 4, 2009", "Leon-Bollée (13,175)"
Nantes, 0, 2, Lille, "Saturday, April 4, 2009", "La Beaujoire-Louis-Fonteneau (21,398)"
Valenciennes, 2, 0, AJ Auxerre, "Saturday, April 4, 2009", "Stade Nungesser (13,292)"
Caen, 0, 0, Toulouse, "Saturday, April 4, 2009", "Stade Michel-d'Ornano (17,000)"
Lorient, 3, 1, St Etienne, "Sunday, March 22, 2009", "Stade du Moustoir (11,100)"
Lyon, 2, 0, Sochaux, "Sunday, March 22, 2009", "Stade de Gerland (37,334)"
Toulouse, 4, 1, Paris Saint-Germain , "Sunday, March 22, 2009", "Stadium Municipal (31,327)"
AJ Auxerre, 2, 0, Le Mans, "Saturday, March 21, 2009", "Stade Abbé-Deschamps (12,327)"
AS Nancy Lorraine, 0, 1, AS Monaco, "Saturday, March 21, 2009", "Stade Marcel Picot (19,377)"
Le Havre AC, 0, 3, Bordeaux, "Saturday, March 21, 2009", "Stade Jules-Deschaseaux (14,363)"
Lille, 2, 1, Grenoble, "Saturday, March 21, 2009", "Stadium Lille Métropole (14,001)"
Nice, 2, 2, Caen, "Saturday, March 21, 2009", "Stade du Ray (8,410)"
Stade Rennes, 0, 0, Valenciennes, "Saturday, March 21, 2009", "Stade de la Route-de-Lorient (20,053)"
Marseille, 2, 0, Nantes, "Saturday, March 21, 2009", "Stade Vélodrome (42,000)"
Grenoble, 1, 0, St Etienne, "Sunday, March 15, 2009", "Stade des Alpes (18,597)"
Lyon, 0, 2, AJ Auxerre, "Sunday, March 15, 2009", "Stade de Gerland (37,846)"
Paris Saint-Germain , 1, 3, Marseille, "Sunday, March 15, 2009", "Parc des Princes (45,000)"
AS Monaco, 3, 2, Toulouse, "Saturday, March 14, 2009", "Stade Louis II (6,752)"
Caen, 0, 1, Lille, "Saturday, March 14, 2009", "Stade Michel-d'Ornano (17,506)"
Le Mans, 2, 2, Stade Rennes, "Saturday, March 14, 2009", "Leon-Bollée (9,850)"
Nantes, 1, 1, Lorient, "Saturday, March 14, 2009", "La Beaujoire-Louis-Fonteneau (22,381)"
Sochaux, 2, 1, AS Nancy Lorraine, "Saturday, March 14, 2009", "Stade Bonal (13,092)"
Valenciennes, 3, 2, Le Havre AC, "Saturday, March 14, 2009", "Stade Nungesser (12,136)"
Bordeaux, 2, 1, Nice, "Saturday, March 14, 2009", "Stade Jacques Chaban-Delmas (25,054)"
Le Havre AC, 2, 1, Sochaux, "Sunday, March 8, 2009", "Stade Jules-Deschaseaux (16,382)"
Stade Rennes, 2, 0, AJ Auxerre, "Sunday, March 8, 2009", "Stade de la Route-de-Lorient (27,116)"
St Etienne, 2, 1, Nantes, "Sunday, March 8, 2009", "Stade Geoffroy-Guichard (22,400)"
AS Nancy Lorraine, 2, 2, Le Mans, "Saturday, March 7, 2009", "Stade Marcel Picot (17,005)"
Grenoble, 2, 1, Caen, "Saturday, March 7, 2009", "Stade des Alpes (15,377)"
Lorient, 0, 1, Paris Saint-Germain , "Saturday, March 7, 2009", "Stade du Moustoir (12,206)"
Marseille, 0, 0, Valenciennes, "Saturday, March 7, 2009", "Stade Vélodrome (45,000)"
Nice, 0, 0, AS Monaco, "Saturday, March 7, 2009", "Stade du Ray (10,357)"
Toulouse, 3, 0, Bordeaux, "Saturday, March 7, 2009", "Stadium Municipal (30,162)"
Lille, 2, 0, Lyon, "Saturday, March 7, 2009", "Stadium Lille Métropole (78,000)"
AS Monaco, 2, 2, St Etienne, "Sunday, March 1, 2009", "Stade Louis II (8,374)"
Bordeaux, 1, 0, Lorient, "Sunday, March 1, 2009", "Stade Jacques Chaban-Delmas (34,694)"
Caen, 0, 1, Marseille, "Sunday, March 1, 2009", "Stade Michel-d'Ornano (20,945)"
Paris Saint-Germain , 4, 1, AS Nancy Lorraine, "Sunday, March 1, 2009", "Parc des Princes (39,000)"
Lyon, 1, 1, Stade Rennes, "Sunday, March 1, 2009", "Stade de Gerland (34,770)"
Le Mans, 2, 0, Le Havre AC, "Saturday, February 28, 2009", "Leon-Bollée (8,918)"
Nantes, 1, 1, Grenoble, "Saturday, February 28, 2009", "La Beaujoire-Louis-Fonteneau (23,717)"
Sochaux, 1, 0, Nice, "Saturday, February 28, 2009", "Stade Bonal (13,202)"
Valenciennes, 2, 0, Lille, "Saturday, February 28, 2009", "Stade Nungesser (12,423)"
AJ Auxerre, 1, 1, Toulouse, "Saturday, February 28, 2009", "Stade Abbé-Deschamps (12,000)"
Marseille, 0, 0, Le Mans, "Sunday, February 22, 2009", "Stade Vélodrome (60,013)"
St Etienne, 1, 1, Bordeaux, "Sunday, February 22, 2009", "Stade Geoffroy-Guichard (35,616)"
Lille, 2, 1, AS Monaco, "Sunday, February 22, 2009", "Stadium Lille Métropole (14,000)"
AS Nancy Lorraine, 0, 2, Lyon, "Saturday, February 21, 2009", "Stade Marcel Picot (18,953)"
Grenoble, 0, 0, Paris Saint-Germain , "Saturday, February 21, 2009", "Stade des Alpes (18,087)"
Le Havre AC, 1, 2, AJ Auxerre, "Saturday, February 21, 2009", "Stade Jules-Deschaseaux (12,741)"
Lorient, 1, 2, Sochaux, "Saturday, February 21, 2009", "Stade du Moustoir (11,588)"
Nantes, 1, 1, Caen, "Saturday, February 21, 2009", "La Beaujoire-Louis-Fonteneau (21,000)"
Toulouse, 0, 0, Valenciennes, "Saturday, February 21, 2009", "Stadium Municipal (18,206)"
Nice, 0, 1, Stade Rennes, "Saturday, February 21, 2009", "Stade du Ray (9,718)"
AS Nancy Lorraine, 1, 2, Nice, "Tuesday, February 17, 2009", "Stade Marcel Picot (17,257)"
Le Mans, 0, 0, Lille, "Tuesday, February 17, 2009", "Leon-Bollée (9,269)"
Valenciennes, 2, 0, Caen, "Tuesday, February 17, 2009", "Stade Nungesser (12,266)"
Lyon, 3, 1, Le Havre AC, "Sunday, February 15, 2009", "Stade de Gerland (37,118)"
Sochaux, 1, 2, Toulouse, "Sunday, February 15, 2009", "Stade Bonal (12,481)"
AS Monaco, 0, 1, Marseille, "Sunday, February 15, 2009", "Stade Louis II (13,475)"
AJ Auxerre, 2, 0, Lille, "Saturday, February 14, 2009", "Stade Abbé-Deschamps (9,600)"
Bordeaux, 1, 1, Grenoble, "Saturday, February 14, 2009", "Stade Jacques Chaban-Delmas (21,392)"
Caen, 1, 1, Lorient, "Saturday, February 14, 2009", "Stade Michel-d'Ornano (16,665)"
Le Mans, 1, 2, Nice, "Saturday, February 14, 2009", "Leon-Bollée (8,015)"
Stade Rennes, 1, 1, AS Nancy Lorraine, "Saturday, February 14, 2009", "Stade de la Route-de-Lorient (19,002)"
Valenciennes, 1, 1, Nantes, "Saturday, February 14, 2009", "Stade Nungesser (11,620)"
Paris Saint-Germain , 2, 1, St Etienne, "Saturday, February 14, 2009", "Parc des Princes (4,200)"
Grenoble, 0, 0, Valenciennes, "Sunday, February 8, 2009", "Stade des Alpes (20,068)"
Nice, 1, 3, Lyon, "Sunday, February 8, 2009", "Stade du Ray (18,696)"
Marseille, 1, 0, Bordeaux, "Sunday, February 8, 2009", "Stade Vélodrome (57,000)"
AS Nancy Lorraine, 0, 2, AJ Auxerre, "Saturday, February 7, 2009", "Stade Marcel Picot (17,042)"
Le Havre AC, 1, 0, Stade Rennes, "Saturday, February 7, 2009", "Stade Jules-Deschaseaux (12,618)"
Lorient, 1, 1, AS Monaco, "Saturday, February 7, 2009", "Stade du Moustoir (9,775)"
Nantes, 1, 4, Paris Saint-Germain , "Saturday, February 7, 2009", "La Beaujoire-Louis-Fonteneau (29,688)"
St Etienne, 3, 2, Caen, "Saturday, February 7, 2009", "Stade Geoffroy-Guichard (35,616)"
Toulouse, 2, 0, Le Mans, "Saturday, February 7, 2009", "Stadium Municipal (36,508)"
Lille, 3, 2, Sochaux, "Saturday, February 7, 2009", "Stadium Lille Métropole (14,000)"
Bordeaux, 2, 2, Lille, "Sunday, February 1, 2009", "Stade Jacques Chaban-Delmas (34,694)"
Sochaux, 1, 0, Marseille, "Sunday, February 1, 2009", "Stade Bonal (19,700)"
Lyon, 1, 1, St Etienne, "Sunday, February 1, 2009", "Stade de Gerland (38,590)"
AJ Auxerre, 0, 0, Lorient, "Saturday, January 31, 2009", "Stade Abbé-Deschamps (23,508)"
AS Monaco, 1, 0, Grenoble, "Saturday, January 31, 2009", "Stade Louis II (6,710)"
Le Havre AC, 2, 3, AS Nancy Lorraine, "Saturday, January 31, 2009", "Stade Jules-Deschaseaux (16,382)"
Le Mans, 0, 2, Nantes, "Saturday, January 31, 2009", "Leon-Bollée (10,030)"
Paris Saint-Germain , 2, 0, Caen, "Saturday, January 31, 2009", "Parc des Princes (38,000)"
Valenciennes, 1, 0, Nice, "Saturday, January 31, 2009", "Stade Nungesser (11,036)"
Stade Rennes, 0, 0, Toulouse, "Saturday, January 31, 2009", "Stade de la Route-de-Lorient (27,030)"
Caen, 2, 2, AS Monaco, "Sunday, January 18, 2009", "Stade Michel-d'Ornano (18,000)"
Paris Saint-Germain , 2, 1, Sochaux, "Sunday, January 18, 2009", "Parc des Princes (35,000)"
Lille, 1, 0, Stade Rennes, "Sunday, January 18, 2009", "Stadium Lille Métropole (13,000)"
Grenoble, 0, 2, Lyon, "Saturday, January 17, 2009", "Stade des Alpes (19,254)"
Lorient, 1, 1, Valenciennes, "Saturday, January 17, 2009", "Stade du Moustoir (11,000)"
Marseille, 2, 0, Le Havre AC, "Saturday, January 17, 2009", "Stade Vélodrome (45,891)"
Nice, 2, 0, AJ Auxerre, "Saturday, January 17, 2009", "Stade du Ray (8,655)"
St Etienne, 1, 1, Le Mans, "Saturday, January 17, 2009", "Stade Geoffroy-Guichard (25,000)"
Toulouse, 3, 0, AS Nancy Lorraine, "Saturday, January 17, 2009", "Stadium Municipal (13,867)"
Nantes, 1, 2, Bordeaux, "Saturday, January 17, 2009", "La Beaujoire-Louis-Fonteneau (26,008)"
Bordeaux, 4, 0, Paris Saint-Germain , "Sunday, January 11, 2009", "Stade Jacques Chaban-Delmas (31,910)"
AJ Auxerre, 0, 2, Marseille, "Saturday, January 10, 2009", "Stade Abbé-Deschamps (20,000)"
AS Monaco, 1, 2, Nantes, "Saturday, January 10, 2009", "Stade Louis II (6,415)"
Le Havre AC, 0, 1, Toulouse, "Saturday, January 10, 2009", "Stade Jules-Deschaseaux (12,413)"
Lyon, 1, 1, Lorient, "Saturday, January 10, 2009", "Stade de Gerland (38,500)"
Sochaux, 1, 0, St Etienne, "Saturday, January 10, 2009", "Stade Bonal (12,082)"
Stade Rennes, 1, 0, Grenoble, "Saturday, January 10, 2009", "Stade de la Route-de-Lorient (21,002)"
Marseille, 0, 3, AS Nancy Lorraine, "Sunday, December 21, 2008", "Stade Vélodrome (50,000)"
Paris Saint-Germain , 2, 2, Valenciennes, "Sunday, December 21, 2008", "Parc des Princes (34,000)"
AS Monaco, 3, 4, Bordeaux, "Sunday, December 21, 2008", "Stade Louis II (8,142)"
Grenoble, 2, 1, Le Mans, "Saturday, December 20, 2008", "Stade des Alpes (15,019)"
Lille, 3, 1, Le Havre AC, "Saturday, December 20, 2008", "Stadium Lille Métropole (13,000)"
Lorient, 1, 2, Stade Rennes, "Saturday, December 20, 2008", "Stade du Moustoir (14,366)"
Nantes, 1, 1, Sochaux, "Saturday, December 20, 2008", "La Beaujoire-Louis-Fonteneau (20,000)"
St Etienne, 2, 0, AJ Auxerre, "Saturday, December 20, 2008", "Stade Geoffroy-Guichard (26,871)"
Toulouse, 2, 2, Nice, "Saturday, December 20, 2008", "Stadium Municipal (21,029)"
Caen, 0, 1, Lyon, "Saturday, December 20, 2008", "Stade Michel-d'Ornano (20,613)"
Le Havre AC, 1, 3, Lorient, "Sunday, December 14, 2008", "Stade Jules-Deschaseaux (12,675)"
Nice, 0, 1, Lille, "Sunday, December 14, 2008", "Stade du Ray (8,662)"
Lyon, 0, 0, Marseille, "Sunday, December 14, 2008", "Stade de Gerland (38,500)"
AJ Auxerre, 1, 2, Paris Saint-Germain , "Saturday, December 13, 2008", "Stade Abbé-Deschamps (12,000)"
AS Nancy Lorraine, 2, 0, Grenoble, "Saturday, December 13, 2008", "Stade Marcel Picot (19,600)"
Le Mans, 1, 3, Bordeaux, "Saturday, December 13, 2008", "Leon-Bollée (10,599)"
Sochaux, 2, 2, Caen, "Saturday, December 13, 2008", "Stade Bonal (11,215)"
Toulouse, 3, 1, St Etienne, "Saturday, December 13, 2008", "Stadium Municipal (16,262)"
Valenciennes, 3, 1, AS Monaco, "Saturday, December 13, 2008", "Stade Nungesser (11,322)"
Stade Rennes, 0, 0, Nantes, "Saturday, December 13, 2008", "Stade de la Route-de-Lorient (28,652)"
Nice, 0, 0, Grenoble, "Wednesday, December 10, 2008", "Stade du Ray (10,064)"
AS Monaco, 1, 1, Sochaux, "Sunday, December 7, 2008", "Stade Louis II (6,785)"
Grenoble, 0, 0, AJ Auxerre, "Sunday, December 7, 2008", "Stade des Alpes (18,000)"
Lorient, 1, 0, AS Nancy Lorraine, "Sunday, December 7, 2008", "Stade du Moustoir (10,326)"
Paris Saint-Germain , 3, 1, Le Mans, "Sunday, December 7, 2008", "Parc des Princes (36,545)"
Caen, 1, 1, Stade Rennes, "Saturday, December 6, 2008", "Stade Michel-d'Ornano (19,084)"
Lille, 1, 1, Toulouse, "Saturday, December 6, 2008", "Stadium Lille Métropole (14,085)"
Marseille, 2, 1, Nice, "Saturday, December 6, 2008", "Stade Vélodrome (50,279)"
St Etienne, 2, 0, Le Havre AC, "Saturday, December 6, 2008", "Stade Geoffroy-Guichard (24,667)"
Nantes, 2, 1, Lyon, "Saturday, December 6, 2008", "La Beaujoire-Louis-Fonteneau (30,000)"
Bordeaux, 2, 1, Valenciennes, "Friday, December 5, 2008", "Stade Jacques Chaban-Delmas (18,720)"
AS Nancy Lorraine, 1, 2, St Etienne, "Sunday, November 30, 2008", "Stade Marcel Picot (17,328)"
Toulouse, 0, 0, Marseille, "Sunday, November 30, 2008", "Stadium Municipal (33,572)"
Stade Rennes, 1, 0, Paris Saint-Germain , "Sunday, November 30, 2008", "Stade de la Route-de-Lorient (27,551)"
AJ Auxerre, 0, 1, AS Monaco, "Saturday, November 29, 2008", "Stade Abbé-Deschamps (9,000)"
Le Havre AC, 0, 2, Nantes, "Saturday, November 29, 2008", "Stade Jules-Deschaseaux (13,130)"
Le Mans, 2, 0, Caen, "Saturday, November 29, 2008", "Leon-Bollée (9,009)"
Lille, 1, 1, Lorient, "Saturday, November 29, 2008", "Stadium Lille Métropole (12,763)"
Lyon, 0, 0, Valenciennes, "Saturday, November 29, 2008", "Stade de Gerland (36,000)"
Sochaux, 0, 0, Bordeaux, "Saturday, November 29, 2008", "Stade Bonal (13,250)"
AS Monaco, 3, 0, Le Mans, "Sunday, November 23, 2008", "Stade Louis II (5,000)"
Nantes, 0, 1, AS Nancy Lorraine, "Sunday, November 23, 2008", "La Beaujoire-Louis-Fonteneau (18,000)"
Marseille, 2, 2, Lille, "Sunday, November 23, 2008", "Stade Vélodrome (45,000)"
Bordeaux, 1, 1, Stade Rennes, "Saturday, November 22, 2008", "Stade Jacques Chaban-Delmas (25,213)"
Caen, 1, 0, AJ Auxerre, "Saturday, November 22, 2008", "Stade Michel-d'Ornano (17,293)"
Grenoble, 0, 0, Le Havre AC, "Saturday, November 22, 2008", "Stade des Alpes (16,093)"
Lorient, 1, 0, Toulouse, "Saturday, November 22, 2008", "Stade du Moustoir (9,578)"
St Etienne, 0, 1, Nice, "Saturday, November 22, 2008", "Stade Geoffroy-Guichard (23,009)"
Valenciennes, 2, 2, Sochaux, "Saturday, November 22, 2008", "Stade Nungesser (12,000)"
Paris Saint-Germain , 1, 0, Lyon, "Saturday, November 22, 2008", "Parc des Princes (14,000)"
Nice, 2, 1, Nantes, "Sunday, November 16, 2008", "Stade du Ray (11,750)"
Stade Rennes, 2, 1, AS Monaco, "Sunday, November 16, 2008", "Stade de la Route-de-Lorient (21,086)"
Lyon, 2, 1, Bordeaux, "Sunday, November 16, 2008", "Stade de Gerland (38,500)"
AJ Auxerre, 1, 0, Sochaux, "Saturday, November 15, 2008", "Stade Abbé-Deschamps (10,522)"
AS Nancy Lorraine, 1, 1, Caen, "Saturday, November 15, 2008", "Stade Marcel Picot (17,469)"
Le Havre AC, 1, 3, Paris Saint-Germain , "Saturday, November 15, 2008", "Stade Jules-Deschaseaux (16,322)"
Le Mans, 1, 0, Valenciennes, "Saturday, November 15, 2008", "Leon-Bollée (5,451)"
Marseille, 2, 3, Lorient, "Saturday, November 15, 2008", "Stade Vélodrome (45,000)"
Toulouse, 2, 0, Grenoble, "Saturday, November 15, 2008", "Stadium Municipal (14,406)"
Lille, 3, 0, St Etienne, "Saturday, November 15, 2008", "Stadium Lille Métropole (14,050)"
St Etienne, 0, 3, Stade Rennes, "Sunday, November 9, 2008", "Stade Geoffroy-Guichard (25,000)"
Valenciennes, 0, 1, AS Nancy Lorraine, "Sunday, November 9, 2008", "Stade Nungesser (11,381)"
Paris Saint-Germain , 1, 0, Lille, "Sunday, November 9, 2008", "Parc des Princes (44,000)"
AS Monaco, 0, 1, Lyon, "Saturday, November 8, 2008", "Stade Louis II (10,444)"
Bordeaux, 2, 0, AJ Auxerre, "Saturday, November 8, 2008", "Stade Jacques Chaban-Delmas (22,365)"
Caen, 0, 1, Le Havre AC, "Saturday, November 8, 2008", "Stade Michel-d'Ornano (20,047)"
Grenoble, 0, 3, Marseille, "Saturday, November 8, 2008", "Stade des Alpes (19,649)"
Lorient, 0, 1, Nice, "Saturday, November 8, 2008", "Stade du Moustoir (10,023)"
Sochaux, 2, 1, Le Mans, "Saturday, November 8, 2008", "Stade Bonal (10,040)"
Nantes, 1, 1, Toulouse, "Saturday, November 8, 2008", "La Beaujoire-Louis-Fonteneau (18,293)"
Le Havre AC, 2, 3, AS Monaco, "Sunday, November 2, 2008", "Stade Jules-Deschaseaux (13,593)"
Stade Rennes, 1, 0, Sochaux, "Sunday, November 2, 2008", "Stade de la Route-de-Lorient (21,856)"
Lyon, 2, 0, Le Mans, "Sunday, November 2, 2008", "Stade de Gerland (36,000)"
AJ Auxerre, 0, 0, Valenciennes, "Saturday, November 1, 2008", "Stade Abbé-Deschamps (11,053)"
AS Nancy Lorraine, 1, 0, Bordeaux, "Saturday, November 1, 2008", "Stade Marcel Picot (18,618)"
Lille, 2, 0, Nantes, "Saturday, November 1, 2008", "Stadium Lille Métropole (12,000)"
Lorient, 1, 1, Grenoble, "Saturday, November 1, 2008", "Stade du Moustoir (10,668)"
Nice, 1, 0, Paris Saint-Germain , "Saturday, November 1, 2008", "Stade du Ray (12,038)"
Toulouse, 0, 1, Caen, "Saturday, November 1, 2008", "Stadium Municipal (15,714)"
Marseille, 3, 1, St Etienne, "Saturday, November 1, 2008", "Stade Vélodrome (50,000)"
AS Monaco, 3, 1, AS Nancy Lorraine, "Wednesday, October 29, 2008", "Stade Louis II (6,614)"
Caen, 1, 1, Nice, "Wednesday, October 29, 2008", "Stade Michel-d'Ornano (18,727)"
Grenoble, 0, 0, Lille, "Wednesday, October 29, 2008", "Stade des Alpes (16,858)"
Le Mans, 0, 2, AJ Auxerre, "Wednesday, October 29, 2008", "Leon-Bollée (9,506)"
Nantes, 1, 1, Marseille, "Wednesday, October 29, 2008", "La Beaujoire-Louis-Fonteneau (35,993)"
Paris Saint-Germain , 0, 1, Toulouse, "Wednesday, October 29, 2008", "Parc des Princes (42,000)"
Sochaux, 0, 2, Lyon, "Wednesday, October 29, 2008", "Stade Bonal (17,703)"
Valenciennes, 0, 0, Stade Rennes, "Wednesday, October 29, 2008", "Stade Nungesser (12,428)"
St Etienne, 1, 4, Lorient, "Wednesday, October 29, 2008", "Stade Geoffroy-Guichard (25,329)"
Bordeaux, 4, 0, Le Havre AC, "Tuesday, October 28, 2008", "Stade Jacques Chaban-Delmas (21,990)"
AS Nancy Lorraine, 1, 1, Sochaux, "Sunday, October 26, 2008", "Stade Marcel Picot (17,016)"
St Etienne, 0, 2, Grenoble, "Sunday, October 26, 2008", "Stade Geoffroy-Guichard (31,519)"
Marseille, 2, 4, Paris Saint-Germain , "Sunday, October 26, 2008", "Stade Vélodrome (60,000)"
AJ Auxerre, 0, 0, Lyon, "Saturday, October 25, 2008", "Stade Abbé-Deschamps (15,001)"
Le Havre AC, 2, 1, Valenciennes, "Saturday, October 25, 2008", "Stade Jules-Deschaseaux (13,283)"
Lille, 2, 2, Caen, "Saturday, October 25, 2008", "Stadium Lille Métropole (14,000)"
Lorient, 3, 0, Nantes, "Saturday, October 25, 2008", "Stade du Moustoir (13,150)"
Nice, 2, 2, Bordeaux, "Saturday, October 25, 2008", "Stade du Ray (12,600)"
Stade Rennes, 2, 2, Le Mans, "Saturday, October 25, 2008", "Stade de la Route-de-Lorient (23,555)"
Toulouse, 0, 0, AS Monaco, "Saturday, October 25, 2008", "Stadium Municipal (17,704)"
AJ Auxerre, 0, 0, Stade Rennes, "Sunday, October 19, 2008", "Stade Abbé-Deschamps (10,974)"
Le Mans, 2, 0, AS Nancy Lorraine, "Sunday, October 19, 2008", "Leon-Bollée (9,396)"
Valenciennes, 1, 3, Marseille, "Sunday, October 19, 2008", "Stade Nungesser (16,191)"
AS Monaco, 1, 2, Nice, "Saturday, October 18, 2008", "Stade Louis II (14,442)"
Bordeaux, 2, 1, Toulouse, "Saturday, October 18, 2008", "Stade Jacques Chaban-Delmas (27,740)"
Caen, 2, 2, Grenoble, "Saturday, October 18, 2008", "Stade Michel-d'Ornano (20,632)"
Nantes, 1, 0, St Etienne, "Saturday, October 18, 2008", "La Beaujoire-Louis-Fonteneau (31,000)"
Paris Saint-Germain , 3, 2, Lorient, "Saturday, October 18, 2008", "Parc des Princes (38,000)"
Sochaux, 1, 1, Le Havre AC, "Saturday, October 18, 2008", "Stade Bonal (10,740)"
Lyon, 2, 2, Lille, "Saturday, October 18, 2008", "Stade de Gerland (38,000)"
St Etienne, 2, 0, AS Monaco, "Sunday, October 5, 2008", "Stade Geoffroy-Guichard (26,577)"
Stade Rennes, 3, 0, Lyon, "Sunday, October 5, 2008", "Stade de la Route-de-Lorient (26,816)"
AS Nancy Lorraine, 1, 1, Paris Saint-Germain , "Sunday, October 5, 2008", "Stade Marcel Picot (18,232)"
Grenoble, 0, 1, Nantes, "Saturday, October 4, 2008", "Stade des Alpes (18,701)"
Le Havre AC, 1, 2, Le Mans, "Saturday, October 4, 2008", "Stade Jules-Deschaseaux (12,515)"
Lorient, 1, 2, Bordeaux, "Saturday, October 4, 2008", "Stade du Moustoir (11,278)"
Marseille, 2, 1, Caen, "Saturday, October 4, 2008", "Stade Vélodrome (46,000)"
Nice, 1, 1, Sochaux, "Saturday, October 4, 2008", "Stade du Ray (9,957)"
Toulouse, 1, 0, AJ Auxerre, "Saturday, October 4, 2008", "Stadium Municipal (16,436)"
Lille, 1, 0, Valenciennes, "Saturday, October 4, 2008", "Stadium Lille Métropole (15,000)"
AS Monaco, 0, 2, Lille, "Sunday, September 28, 2008", "Stade Louis II (6,936)"
Valenciennes, 0, 1, Toulouse, "Sunday, September 28, 2008", "Stade Nungesser (11,826)"
Bordeaux, 1, 1, St Etienne, "Sunday, September 28, 2008", "Stade Jacques Chaban-Delmas (23,191)"
AJ Auxerre, 3, 0, Le Havre AC, "Saturday, September 27, 2008", "Stade Abbé-Deschamps (13,286)"
Caen, 3, 0, Nantes, "Saturday, September 27, 2008", "Stade Michel-d'Ornano (19,070)"
Le Mans, 1, 1, Marseille, "Saturday, September 27, 2008", "Leon-Bollée (17,061)"
Lyon, 2, 1, AS Nancy Lorraine, "Saturday, September 27, 2008", "Stade de Gerland (30,000)"
Sochaux, 1, 1, Lorient, "Saturday, September 27, 2008", "Stade Bonal (12,296)"
Stade Rennes, 1, 0, Nice, "Saturday, September 27, 2008", "Stade de la Route-de-Lorient (19,776)"
Paris Saint-Germain , 0, 1, Grenoble, "Saturday, September 27, 2008", "Parc des Princes (43,000)"
AS Nancy Lorraine, 0, 0, Stade Rennes, "Sunday, September 21, 2008", "Stade Marcel Picot (17,125)"
St Etienne, 1, 0, Paris Saint-Germain , "Sunday, September 21, 2008", "Stade Geoffroy-Guichard (30,000)"
Marseille, 0, 0, AS Monaco, "Sunday, September 21, 2008", "Stade Vélodrome (62,000)"
Grenoble, 0, 1, Bordeaux, "Saturday, September 20, 2008", "Stade des Alpes (20,204)"
Le Havre AC, 0, 1, Lyon, "Saturday, September 20, 2008", "Stade Jules-Deschaseaux (16,211)"
Lille, 3, 2, AJ Auxerre, "Saturday, September 20, 2008", "Stadium Lille Métropole (13,000)"
Lorient, 1, 1, Caen, "Saturday, September 20, 2008", "Stade du Moustoir (10,340)"
Nantes, 2, 0, Valenciennes, "Saturday, September 20, 2008", "La Beaujoire-Louis-Fonteneau (21,000)"
Toulouse, 2, 1, Sochaux, "Saturday, September 20, 2008", "Stadium Municipal (13,815)"
Nice, 2, 2, Le Mans, "Saturday, September 20, 2008", "Stade du Ray (10,952)"
Caen, 2, 0, St Etienne, "Sunday, September 14, 2008", "Stade Michel-d'Ornano (19,000)"
Sochaux, 1, 1, Lille, "Sunday, September 14, 2008", "Stade Bonal (12,806)"
Paris Saint-Germain , 1, 0, Nantes, "Sunday, September 14, 2008", "Parc des Princes (43,000)"
AJ Auxerre, 1, 1, AS Nancy Lorraine, "Saturday, September 13, 2008", "Stade Abbé-Deschamps (10,210)"
AS Monaco, 2, 0, Lorient, "Saturday, September 13, 2008", "Stade Louis II (6,928)"
Le Mans, 1, 2, Toulouse, "Saturday, September 13, 2008", "Leon-Bollée (8,487)"
Lyon, 3, 2, Nice, "Saturday, September 13, 2008", "Stade de Gerland (35,925)"
Stade Rennes, 1, 1, Le Havre AC, "Saturday, September 13, 2008", "Stade de la Route-de-Lorient (18,537)"
Valenciennes, 1, 1, Grenoble, "Saturday, September 13, 2008", "Stade Nungesser (11,565)"
Bordeaux, 1, 1, Marseille, "Saturday, September 13, 2008", "Stade Jacques Chaban-Delmas (32,854)"
Lille, 2, 1, Bordeaux, "Sunday, August 31, 2008", "Stadium Lille Métropole (14,000)"
Toulouse, 0, 0, Stade Rennes, "Sunday, August 31, 2008", "Stadium Municipal (15,783)"
St Etienne, 0, 1, Lyon, "Sunday, August 31, 2008", "Stade Geoffroy-Guichard (34,079)"
AS Nancy Lorraine, 2, 1, Le Havre AC, "Saturday, August 30, 2008", "Stade Marcel Picot (17,054)"
Caen, 0, 1, Paris Saint-Germain , "Saturday, August 30, 2008", "Stade Michel-d'Ornano (20,685)"
Grenoble, 1, 0, AS Monaco, "Saturday, August 30, 2008", "Stade des Alpes (18,506)"
Lorient, 0, 2, AJ Auxerre, "Saturday, August 30, 2008", "Stade du Moustoir (9,306)"
Nantes, 1, 4, Le Mans, "Saturday, August 30, 2008", "La Beaujoire-Louis-Fonteneau (25,000)"
Nice, 2, 0, Valenciennes, "Saturday, August 30, 2008", "Stade du Ray (20,504)"
Marseille, 2, 1, Sochaux, "Saturday, August 30, 2008", "Stade Vélodrome (56,000)"
AJ Auxerre, 0, 1, Nice, "Sunday, August 24, 2008", "Stade Abbé-Deschamps (10,000)"
Stade Rennes, 2, 1, Lille, "Sunday, August 24, 2008", "Stade de la Route-de-Lorient (20,878)"
Bordeaux, 2, 0, Nantes, "Sunday, August 24, 2008", "Stade Jacques Chaban-Delmas (29,748)"
AS Monaco, 1, 1, Caen, "Saturday, August 23, 2008", "Stade Louis II (9,181)"
AS Nancy Lorraine, 0, 0, Toulouse, "Saturday, August 23, 2008", "Stade Marcel Picot (17,084)"
Le Havre AC, 0, 1, Marseille, "Saturday, August 23, 2008", "Stade Jules-Deschaseaux (16,378)"
Le Mans, 1, 0, St Etienne, "Saturday, August 23, 2008", "Leon-Bollée (11,355)"
Sochaux, 1, 1, Paris Saint-Germain , "Saturday, August 23, 2008", "Stade Bonal (16,791)"
Valenciennes, 3, 1, Lorient, "Saturday, August 23, 2008", "Stade Nungesser (12,044)"
Lyon, 2, 0, Grenoble, "Saturday, August 23, 2008", "Stade de Gerland (39,800)"
Grenoble, 1, 0, Stade Rennes, "Sunday, August 17, 2008", "Stade des Alpes (17,628)"
Lorient, 0, 0, Lyon, "Sunday, August 17, 2008", "Stade du Moustoir "
Marseille, 4, 0, AJ Auxerre, "Sunday, August 17, 2008", "Stade Vélodrome (58,000)"
Caen, 3, 1, Valenciennes, "Saturday, August 16, 2008", "Stade Michel-d'Ornano (19,000)"
Lille, 1, 3, Le Mans, "Saturday, August 16, 2008", "Stadium Lille Métropole (11,900)"
Nantes, 1, 1, AS Monaco, "Saturday, August 16, 2008", "La Beaujoire-Louis-Fonteneau (28,008)"
Nice, 2, 1, AS Nancy Lorraine, "Saturday, August 16, 2008", "Stade du Ray (11,693)"
St Etienne, 2, 1, Sochaux, "Saturday, August 16, 2008", "Stade Geoffroy-Guichard (30,895)"
Toulouse, 2, 1, Le Havre AC, "Saturday, August 16, 2008", "Stadium Municipal (14,809)"
Paris Saint-Germain , 1, 0, Bordeaux, "Saturday, August 16, 2008", "Parc des Princes (41,000)"
Lyon, 3, 0, Toulouse, "Sunday, August 10, 2008", "Stade de Gerland (36,500)"
AJ Auxerre, 2, 1, Nantes, "Saturday, August 9, 2008", "Stade Abbé-Deschamps (10,000)"
AS Monaco, 1, 0, Paris Saint-Germain , "Saturday, August 9, 2008", "Stade Louis II (12,317)"
AS Nancy Lorraine, 0, 0, Lille, "Saturday, August 9, 2008", "Stade Marcel Picot (17,538)"
Bordeaux, 2, 1, Caen, "Saturday, August 9, 2008", "Stade Jacques Chaban-Delmas (29,002)"
Le Havre AC, 1, 0, Nice, "Saturday, August 9, 2008", "Stade Jules-Deschaseaux (12,317)"
Le Mans, 0, 1, Lorient, "Saturday, August 9, 2008", "Leon-Bollée (8,595)"
Sochaux, 1, 2, Grenoble, "Saturday, August 9, 2008", "Stade Bonal (14,998)"
Stade Rennes, 4, 4, Marseille, "Saturday, August 9, 2008", "Stade de la Route-de-Lorient (29,500)"
Valenciennes, 1, 0, St Etienne, "Saturday, August 9, 2008", "Stade Nungesser (13,366)"
