home, homescore, awayscore, away, date, group
AC Milan, 4, 1, Udinese, "Sunday, May 18, 2008", "Giuseppe Meazza (55,000)"
Atalanta, 2, 0, Genoa, "Sunday, May 18, 2008", "Atleti Azzurri d'Italia di Gallarate (9,000)"
Cagliari, 2, 2, Reggina, "Sunday, May 18, 2008", "Sant'Elia (22,000)"
Catania, 1, 1, AS Roma, "Sunday, May 18, 2008", "Angelo Massimino (22,000)"
Empoli, 2, 1, Livorno, "Sunday, May 18, 2008", "Carlo Castellani (6,000)"
Lazio, 2, 1, Napoli, "Sunday, May 18, 2008", "Olimpico (23,000)"
Parma, 0, 2, Internazionale, "Sunday, May 18, 2008", "Ennio Tardini (32,000)"
Siena, 2, 2, Palermo, "Sunday, May 18, 2008", "Artemio Franchi Montepaschi Arena (8,000)"
Torino, 0, 1, Fiorentina, "Sunday, May 18, 2008", "Olimpico Di Torino (23,000)"
Sampdoria, 3, 3, Juventus, "Saturday, May 17, 2008", "Luigi Ferraris (27,000)"
AS Roma, 2, 1, Atalanta, "Sunday, May 11, 2008", "Olimpico (36,416)"
Fiorentina, 3, 1, Parma, "Sunday, May 11, 2008", "Artemio Franchi (36,289)"
Genoa, 0, 2, Lazio, "Sunday, May 11, 2008", "Luigi Ferraris (25,077)"
Internazionale, 2, 2, Siena, "Sunday, May 11, 2008", "Giuseppe Meazza (80,000)"
Juventus, 1, 1, Catania, "Sunday, May 11, 2008", "Olimpico Di Torino (25,638)"
Livorno, 0, 1, Torino, "Sunday, May 11, 2008", "Armando Picchi (5,000)"
Napoli, 3, 1, AC Milan, "Sunday, May 11, 2008", "San Paolo (65,000)"
Palermo, 0, 2, Sampdoria, "Sunday, May 11, 2008", "Renzo Barbera (25,000)"
Reggina, 2, 0, Empoli, "Sunday, May 11, 2008", "Oreste Granillo (24,000)"
Udinese, 0, 2, Cagliari, "Sunday, May 11, 2008", "Friuli (16,000)"
AC Milan, 2, 1, Internazionale, "Sunday, May 4, 2008", "Giuseppe Meazza (82,000)"
Atalanta, 3, 2, Livorno, "Sunday, May 4, 2008", "Atleti Azzurri d'Italia di Gallarate (10,000)"
Cagliari, 2, 1, Fiorentina, "Sunday, May 4, 2008", "Sant'Elia (18,000)"
Catania, 1, 2, Reggina, "Sunday, May 4, 2008", "Angelo Massimino (17,000)"
Empoli, 0, 1, Udinese, "Sunday, May 4, 2008", "Carlo Castellani (6,000)"
Lazio, 1, 2, Palermo, "Sunday, May 4, 2008", "Olimpico (10,000)"
Parma, 1, 0, Genoa, "Sunday, May 4, 2008", "Ennio Tardini (18,590)"
Sampdoria, 0, 3, AS Roma, "Sunday, May 4, 2008", "Luigi Ferraris (24,000)"
Siena, 1, 0, Juventus, "Sunday, May 4, 2008", "Artemio Franchi Montepaschi Arena (15,000)"
Torino, 2, 1, Napoli, "Sunday, May 4, 2008", "Olimpico Di Torino (16,500)"
AS Roma, 4, 1, Torino, "Sunday, April 27, 2008", "Olimpico (34,000)"
Fiorentina, 2, 2, Sampdoria, "Sunday, April 27, 2008", "Artemio Franchi (36,627)"
Genoa, 0, 1, Empoli, "Sunday, April 27, 2008", "Luigi Ferraris (24,000)"
Internazionale, 2, 1, Cagliari, "Sunday, April 27, 2008", "Giuseppe Meazza (52,000)"
Juventus, 5, 2, Lazio, "Sunday, April 27, 2008", "Olimpico Di Torino (20,588)"
Livorno, 1, 4, AC Milan, "Sunday, April 27, 2008", "Armando Picchi (12,500)"
Napoli, 0, 0, Siena, "Sunday, April 27, 2008", "San Paolo (40,000)"
Palermo, 0, 0, Atalanta, "Sunday, April 27, 2008", "Renzo Barbera (23,000)"
Reggina, 2, 1, Parma, "Sunday, April 27, 2008", "Oreste Granillo (18,000)"
Udinese, 2, 1, Catania, "Sunday, April 27, 2008", "Friuli (14,000)"
AC Milan, 5, 1, Reggina, "Sunday, April 20, 2008", "Giuseppe Meazza (65,000)"
Atalanta, 0, 4, Juventus, "Sunday, April 20, 2008", "Atleti Azzurri d'Italia di Gallarate (23,000)"
Cagliari, 2, 0, Empoli, "Sunday, April 20, 2008", "Sant'Elia (15,000)"
Catania, 1, 0, Lazio, "Sunday, April 20, 2008", "Angelo Massimino (17,000)"
Parma, 1, 2, Napoli, "Sunday, April 20, 2008", "Ennio Tardini (18,656)"
Sampdoria, 3, 0, Udinese, "Sunday, April 20, 2008", "Luigi Ferraris (25,000)"
Siena, 0, 1, Genoa, "Sunday, April 20, 2008", "Artemio Franchi Montepaschi Arena (12,000)"
Torino, 0, 1, Internazionale, "Sunday, April 20, 2008", "Olimpico Di Torino (21,875)"
AS Roma, 1, 1, Livorno, "Saturday, April 19, 2008", "Olimpico (34,061)"
Fiorentina, 1, 0, Palermo, "Saturday, April 19, 2008", "Artemio Franchi (27,321)"
Juventus, 3, 0, Parma, "Wednesday, April 16, 2008", "Olimpico Di Torino (21,406)"
Empoli, 1, 1, Parma, "Sunday, April 13, 2008", "Carlo Castellani (6,500)"
Genoa, 3, 0, Torino, "Sunday, April 13, 2008", "Luigi Ferraris (25,751)"
Lazio, 1, 1, Siena, "Sunday, April 13, 2008", "Olimpico (16,000)"
Livorno, 1, 2, Cagliari, "Sunday, April 13, 2008", "Armando Picchi (12,000)"
Napoli, 2, 0, Atalanta, "Sunday, April 13, 2008", "San Paolo (40,000)"
Reggina, 1, 0, Sampdoria, "Sunday, April 13, 2008", "Oreste Granillo (9,000)"
Udinese, 1, 3, AS Roma, "Sunday, April 13, 2008", "Friuli (16,000)"
Internazionale, 2, 0, Fiorentina, "Sunday, April 13, 2008", "Giuseppe Meazza (53,483)"
Palermo, 1, 0, Catania, "Saturday, April 12, 2008", "Renzo Barbera (25,000)"
Juventus, 3, 2, AC Milan, "Saturday, April 12, 2008", "Olimpico Di Torino "
Atalanta, 0, 2, Internazionale, "Sunday, April 6, 2008", "Atleti Azzurri d'Italia di Gallarate (22,000)"
Catania, 3, 0, Napoli, "Sunday, April 6, 2008", "Angelo Massimino (17,000)"
Fiorentina, 2, 0, Reggina, "Sunday, April 6, 2008", "Artemio Franchi (27,321)"
Parma, 2, 2, Lazio, "Sunday, April 6, 2008", "Ennio Tardini (14,059)"
Sampdoria, 2, 0, Livorno, "Sunday, April 6, 2008", "Luigi Ferraris (21,000)"
Siena, 1, 1, Udinese, "Sunday, April 6, 2008", "Artemio Franchi Montepaschi Arena (9,500)"
Torino, 0, 1, Empoli, "Sunday, April 6, 2008", "Olimpico Di Torino (16,000)"
Palermo, 3, 2, Juventus, "Sunday, April 6, 2008", "Renzo Barbera (38,000)"
AS Roma, 3, 2, Genoa, "Saturday, April 5, 2008", "Olimpico (36,366)"
AC Milan, 3, 1, Cagliari, "Saturday, April 5, 2008", "Giuseppe Meazza (57,000)"
AC Milan, 1, 2, Atalanta, "Sunday, March 30, 2008", "Giuseppe Meazza (60,000)"
Catania, 1, 2, Torino, "Sunday, March 30, 2008", "Angelo Massimino (16,000)"
Empoli, 0, 2, Sampdoria, "Sunday, March 30, 2008", "Carlo Castellani (7,000)"
Genoa, 2, 0, Reggina, "Sunday, March 30, 2008", "Luigi Ferraris (23,349)"
Livorno, 0, 0, Siena, "Sunday, March 30, 2008", "Armando Picchi (13,000)"
Udinese, 3, 1, Fiorentina, "Sunday, March 30, 2008", "Friuli (15,000)"
Napoli, 1, 0, Palermo, "Sunday, March 30, 2008", "San Paolo (47,000)"
Cagliari, 1, 1, AS Roma, "Saturday, March 29, 2008", "Sant'Elia (22,000)"
Lazio, 1, 1, Internazionale, "Saturday, March 29, 2008", "Olimpico (35,000)"
AS Roma, 2, 1, Empoli, "Saturday, March 22, 2008", "Olimpico (31,392)"
Atalanta, 0, 0, Catania, "Saturday, March 22, 2008", "Atleti Azzurri d'Italia di Gallarate (9,000)"
Fiorentina, 1, 0, Lazio, "Saturday, March 22, 2008", "Artemio Franchi (26,579)"
Palermo, 2, 3, Genoa, "Saturday, March 22, 2008", "Renzo Barbera (23,000)"
Reggina, 1, 1, Napoli, "Saturday, March 22, 2008", "Oreste Granillo (11,570)"
Sampdoria, 1, 1, Cagliari, "Saturday, March 22, 2008", "Luigi Ferraris (20,000)"
Siena, 2, 0, Parma, "Saturday, March 22, 2008", "Artemio Franchi Montepaschi Arena (8,000)"
Torino, 0, 1, AC Milan, "Saturday, March 22, 2008", "Olimpico Di Torino (19,200)"
Udinese, 2, 0, Livorno, "Saturday, March 22, 2008", "Friuli (12,000)"
Internazionale, 1, 2, Juventus, "Saturday, March 22, 2008", "Giuseppe Meazza (58,049)"
AC Milan, 1, 2, Sampdoria, "Wednesday, March 19, 2008", "Giuseppe Meazza (60,000)"
Cagliari, 1, 0, Atalanta, "Wednesday, March 19, 2008", "Sant'Elia (15,000)"
Catania, 0, 0, Siena, "Wednesday, March 19, 2008", "Angelo Massimino (16,000)"
Empoli, 0, 0, Juventus, "Wednesday, March 19, 2008", "Carlo Castellani (11,000)"
Genoa, 1, 1, Internazionale, "Wednesday, March 19, 2008", "Luigi Ferraris (27,624)"
Livorno, 1, 1, Reggina, "Wednesday, March 19, 2008", "Armando Picchi (11,500)"
Napoli, 2, 0, Fiorentina, "Wednesday, March 19, 2008", "San Paolo (47,500)"
Parma, 2, 1, Palermo, "Wednesday, March 19, 2008", "Ennio Tardini (13,195)"
Torino, 0, 1, Udinese, "Wednesday, March 19, 2008", "Olimpico Di Torino (19,700)"
Lazio, 3, 2, AS Roma, "Wednesday, March 19, 2008", "Olimpico (78,000)"
Atalanta, 4, 1, Empoli, "Sunday, March 16, 2008", "Atleti Azzurri d'Italia di Gallarate (9,000)"
Cagliari, 3, 0, Torino, "Sunday, March 16, 2008", "Sant'Elia (12,000)"
Fiorentina, 3, 1, Genoa, "Sunday, March 16, 2008", "Artemio Franchi (28,628)"
Internazionale, 2, 1, Palermo, "Sunday, March 16, 2008", "Giuseppe Meazza (60,000)"
Livorno, 1, 1, Parma, "Sunday, March 16, 2008", "Armando Picchi (13,000)"
Reggina, 4, 0, Siena, "Sunday, March 16, 2008", "Oreste Granillo (15,800)"
Sampdoria, 3, 1, Catania, "Sunday, March 16, 2008", "Luigi Ferraris (19,000)"
Juventus, 1, 0, Napoli, "Sunday, March 16, 2008", "Olimpico Di Torino (21,095)"
Udinese, 2, 2, Lazio, "Saturday, March 15, 2008", "Friuli (13,000)"
AS Roma, 2, 1, AC Milan, "Saturday, March 15, 2008", "Olimpico (48,447)"
Catania, 2, 1, Cagliari, "Sunday, March 9, 2008", "Angelo Massimino (17,450)"
Empoli, 1, 3, AC Milan, "Sunday, March 9, 2008", "Carlo Castellani (10,000)"
Lazio, 2, 0, Livorno, "Sunday, March 9, 2008", "Olimpico (15,000)"
Napoli, 0, 2, AS Roma, "Sunday, March 9, 2008", "San Paolo (60,000)"
Parma, 1, 2, Sampdoria, "Sunday, March 9, 2008", "Ennio Tardini (16,933)"
Siena, 1, 0, Fiorentina, "Sunday, March 9, 2008", "Artemio Franchi Montepaschi Arena (14,000)"
Torino, 1, 0, Atalanta, "Sunday, March 9, 2008", "Olimpico Di Torino (16,500)"
Genoa, 0, 2, Juventus, "Sunday, March 9, 2008", "Luigi Ferraris (26,151)"
Internazionale, 2, 0, Reggina, "Saturday, March 8, 2008", "Giuseppe Meazza (64,575)"
Palermo, 1, 1, Udinese, "Saturday, March 8, 2008", "Renzo Barbera (25,000)"
Cagliari, 2, 1, Genoa, "Sunday, March 2, 2008", "Sant'Elia (15,000)"
Empoli, 0, 2, Siena, "Sunday, March 2, 2008", "Carlo Castellani (7,000)"
Juventus, 2, 3, Fiorentina, "Sunday, March 2, 2008", "Olimpico Di Torino (20,993)"
Livorno, 1, 0, Catania, "Sunday, March 2, 2008", "Armando Picchi (9,759)"
Reggina, 0, 0, Palermo, "Sunday, March 2, 2008", "Oreste Granillo (8,000)"
Sampdoria, 2, 2, Torino, "Sunday, March 2, 2008", "Luigi Ferraris (19,000)"
Udinese, 2, 0, Atalanta, "Sunday, March 2, 2008", "Friuli (14,000)"
Napoli, 1, 0, Internazionale, "Sunday, March 2, 2008", "San Paolo (60,240)"
AS Roma, 4, 0, Parma, "Saturday, March 1, 2008", "Olimpico (31,785)"
AC Milan, 1, 1, Lazio, "Saturday, March 1, 2008", "Giuseppe Meazza (40,000)"
Atalanta, 4, 1, Sampdoria, "Wednesday, February 27, 2008", "Atleti Azzurri d'Italia di Gallarate (13,870)"
Catania, 1, 1, AC Milan, "Wednesday, February 27, 2008", "Angelo Massimino (21,000)"
Fiorentina, 1, 0, Livorno, "Wednesday, February 27, 2008", "Artemio Franchi (26,291)"
Genoa, 2, 0, Napoli, "Wednesday, February 27, 2008", "Luigi Ferraris (25,000)"
Internazionale, 1, 1, AS Roma, "Wednesday, February 27, 2008", "Giuseppe Meazza "
Lazio, 1, 0, Reggina, "Wednesday, February 27, 2008", "Olimpico (30,000)"
Palermo, 2, 0, Empoli, "Wednesday, February 27, 2008", "Renzo Barbera (22,000)"
Parma, 2, 0, Udinese, "Wednesday, February 27, 2008", "Ennio Tardini (12,457)"
Siena, 1, 0, Cagliari, "Wednesday, February 27, 2008", "Artemio Franchi Montepaschi Arena (8,000)"
Juventus, 0, 0, Torino, "Tuesday, February 26, 2008", "Olimpico Di Torino (22,636)"
AS Roma, 1, 0, Fiorentina, "Sunday, February 24, 2008", "Olimpico (34,254)"
Atalanta, 2, 2, Siena, "Sunday, February 24, 2008", "Atleti Azzurri d'Italia di Gallarate (9,000)"
Cagliari, 1, 0, Lazio, "Sunday, February 24, 2008", "Sant'Elia (15,000)"
Empoli, 2, 0, Catania, "Sunday, February 24, 2008", "Carlo Castellani (6,000)"
Livorno, 1, 2, Napoli, "Sunday, February 24, 2008", "Armando Picchi "
Sampdoria, 1, 1, Internazionale, "Sunday, February 24, 2008", "Luigi Ferraris (26,000)"
Udinese, 3, 5, Genoa, "Sunday, February 24, 2008", "Friuli (16,500)"
AC Milan, 2, 1, Palermo, "Sunday, February 24, 2008", "Giuseppe Meazza (50,000)"
Torino, 4, 4, Parma, "Saturday, February 23, 2008", "Olimpico Di Torino (16,500)"
Reggina, 2, 1, Juventus, "Saturday, February 23, 2008", "Oreste Granillo (24,100)"
Fiorentina, 2, 1, Catania, "Sunday, February 17, 2008", "Artemio Franchi (26,648)"
Genoa, 0, 1, Sampdoria, "Sunday, February 17, 2008", "Luigi Ferraris (37,460)"
Lazio, 3, 0, Atalanta, "Sunday, February 17, 2008", "Olimpico (15,000)"
Napoli, 1, 3, Empoli, "Sunday, February 17, 2008", "San Paolo (50,000)"
Palermo, 2, 1, Cagliari, "Sunday, February 17, 2008", "Renzo Barbera (22,000)"
Reggina, 1, 3, Udinese, "Sunday, February 17, 2008", "Oreste Granillo (3,000)"
Siena, 0, 0, Torino, "Sunday, February 17, 2008", "Artemio Franchi Montepaschi Arena (8,500)"
Internazionale, 2, 0, Livorno, "Saturday, February 16, 2008", "Giuseppe Meazza (45,276)"
Parma, 0, 0, AC Milan, "Saturday, February 16, 2008", "Ennio Tardini "
Juventus, 1, 0, AS Roma, "Saturday, February 16, 2008", "Olimpico Di Torino "
AC Milan, 1, 1, Livorno, "Wednesday, February 13, 2008", "Giuseppe Meazza (44,000)"
AC Milan, 1, 0, Siena, "Sunday, February 10, 2008", "Giuseppe Meazza "
Cagliari, 1, 1, Parma, "Sunday, February 10, 2008", "Sant'Elia "
Empoli, 1, 0, Lazio, "Sunday, February 10, 2008", "Carlo Castellani "
Livorno, 1, 1, Genoa, "Sunday, February 10, 2008", "Armando Picchi "
Sampdoria, 2, 0, Napoli, "Sunday, February 10, 2008", "Luigi Ferraris "
Torino, 3, 1, Palermo, "Sunday, February 10, 2008", "Olimpico Di Torino "
Udinese, 1, 2, Juventus, "Sunday, February 10, 2008", "Friuli "
Catania, 0, 2, Internazionale, "Sunday, February 10, 2008", "Angelo Massimino "
Atalanta, 2, 2, Fiorentina, "Saturday, February 9, 2008", "Atleti Azzurri d'Italia di Gallarate "
AS Roma, 2, 0, Reggina, "Saturday, February 9, 2008", "Olimpico "
Genoa, 2, 1, Catania, "Sunday, February 3, 2008", "Luigi Ferraris "
Internazionale, 1, 0, Empoli, "Sunday, February 3, 2008", "Giuseppe Meazza "
Juventus, 1, 1, Cagliari, "Sunday, February 3, 2008", "Olimpico Di Torino "
Lazio, 2, 1, Sampdoria, "Sunday, February 3, 2008", "Olimpico "
Parma, 2, 3, Atalanta, "Sunday, February 3, 2008", "Ennio Tardini "
Reggina, 1, 3, Torino, "Sunday, February 3, 2008", "Oreste Granillo "
Siena, 3, 0, AS Roma, "Sunday, February 3, 2008", "Artemio Franchi Montepaschi Arena "
Fiorentina, 0, 1, AC Milan, "Sunday, February 3, 2008", "Artemio Franchi "
Palermo, 1, 0, Livorno, "Saturday, February 2, 2008", "Renzo Barbera "
Napoli, 3, 1, Udinese, "Saturday, February 2, 2008", "San Paolo "
Reggina, 0, 1, AC Milan, "Wednesday, January 30, 2008", "Oreste Granillo "
AC Milan, 2, 0, Genoa, "Sunday, January 27, 2008", "Giuseppe Meazza "
Atalanta, 2, 2, Reggina, "Sunday, January 27, 2008", "Atleti Azzurri d'Italia di Gallarate "
Cagliari, 2, 1, Napoli, "Sunday, January 27, 2008", "Sant'Elia "
Catania, 0, 0, Parma, "Sunday, January 27, 2008", "Angelo Massimino "
Empoli, 0, 2, Fiorentina, "Sunday, January 27, 2008", "Carlo Castellani "
Torino, 0, 0, Lazio, "Sunday, January 27, 2008", "Olimpico Di Torino "
Udinese, 0, 0, Internazionale, "Sunday, January 27, 2008", "Friuli "
Livorno, 1, 3, Juventus, "Sunday, January 27, 2008", "Armando Picchi "
Sampdoria, 1, 0, Siena, "Saturday, January 26, 2008", "Luigi Ferraris "
AS Roma, 1, 0, Palermo, "Saturday, January 26, 2008", "Olimpico "
Atalanta, 2, 1, AC Milan, "Wednesday, January 23, 2008", "Atleti Azzurri d'Italia di Gallarate "
AS Roma, 2, 0, Catania, "Sunday, January 20, 2008", "Olimpico "
Juventus, 0, 0, Sampdoria, "Sunday, January 20, 2008", "Olimpico Di Torino "
Livorno, 1, 0, Empoli, "Sunday, January 20, 2008", "Armando Picchi "
Napoli, 2, 2, Lazio, "Sunday, January 20, 2008", "San Paolo "
Palermo, 2, 3, Siena, "Sunday, January 20, 2008", "Renzo Barbera "
Reggina, 2, 0, Cagliari, "Sunday, January 20, 2008", "Oreste Granillo "
Udinese, 0, 1, AC Milan, "Sunday, January 20, 2008", "Friuli "
Internazionale, 3, 2, Parma, "Sunday, January 20, 2008", "Giuseppe Meazza "
Genoa, 2, 1, Atalanta, "Saturday, January 19, 2008", "Luigi Ferraris "
Fiorentina, 2, 1, Torino, "Saturday, January 19, 2008", "Artemio Franchi "
Atalanta, 1, 2, AS Roma, "Sunday, January 13, 2008", "Atleti Azzurri d'Italia di Gallarate "
Cagliari, 0, 1, Udinese, "Sunday, January 13, 2008", "Sant'Elia "
Lazio, 1, 2, Genoa, "Sunday, January 13, 2008", "Olimpico "
Parma, 1, 2, Fiorentina, "Sunday, January 13, 2008", "Ennio Tardini "
Sampdoria, 3, 0, Palermo, "Sunday, January 13, 2008", "Luigi Ferraris "
Siena, 2, 3, Internazionale, "Sunday, January 13, 2008", "Artemio Franchi Montepaschi Arena "
Torino, 1, 2, Livorno, "Sunday, January 13, 2008", "Olimpico Di Torino "
AC Milan, 5, 2, Napoli, "Sunday, January 13, 2008", "Giuseppe Meazza "
Empoli, 1, 1, Reggina, "Saturday, January 12, 2008", "Carlo Castellani "
Catania, 1, 1, Juventus, "Saturday, January 12, 2008", "Angelo Massimino "
Fiorentina, 5, 1, Cagliari, "Sunday, December 23, 2007", "Artemio Franchi "
Internazionale, 2, 1, AC Milan, "Sunday, December 23, 2007", "Giuseppe Meazza "
Juventus, 2, 0, Siena, "Sunday, December 23, 2007", "Olimpico Di Torino "
Livorno, 1, 1, Atalanta, "Sunday, December 23, 2007", "Armando Picchi "
Napoli, 1, 1, Torino, "Sunday, December 23, 2007", "San Paolo "
Palermo, 2, 2, Lazio, "Sunday, December 23, 2007", "Renzo Barbera "
Reggina, 3, 1, Catania, "Sunday, December 23, 2007", "Oreste Granillo "
Udinese, 2, 2, Empoli, "Sunday, December 23, 2007", "Friuli "
Genoa, 1, 0, Parma, "Saturday, December 22, 2007", "Luigi Ferraris "
AS Roma, 2, 0, Sampdoria, "Saturday, December 22, 2007", "Olimpico "
Atalanta, 1, 3, Palermo, "Sunday, December 16, 2007", "Atleti Azzurri d'Italia di Gallarate "
Empoli, 1, 1, Genoa, "Sunday, December 16, 2007", "Carlo Castellani "
Parma, 3, 0, Reggina, "Sunday, December 16, 2007", "Ennio Tardini "
Sampdoria, 2, 2, Fiorentina, "Sunday, December 16, 2007", "Luigi Ferraris "
Siena, 1, 1, Napoli, "Sunday, December 16, 2007", "Artemio Franchi Montepaschi Arena "
Torino, 0, 0, AS Roma, "Sunday, December 16, 2007", "Olimpico Di Torino "
Cagliari, 0, 2, Internazionale, "Sunday, December 16, 2007", "Sant'Elia "
Catania, 2, 0, Udinese, "Saturday, December 15, 2007", "Angelo Massimino "
Lazio, 2, 3, Juventus, "Saturday, December 15, 2007", "Olimpico "
Empoli, 4, 1, Cagliari, "Sunday, December 9, 2007", "Carlo Castellani "
Genoa, 1, 3, Siena, "Sunday, December 9, 2007", "Luigi Ferraris "
Internazionale, 4, 0, Torino, "Sunday, December 9, 2007", "Giuseppe Meazza "
Juventus, 1, 0, Atalanta, "Sunday, December 9, 2007", "Olimpico Di Torino "
Livorno, 1, 1, AS Roma, "Sunday, December 9, 2007", "Armando Picchi "
Udinese, 3, 2, Sampdoria, "Sunday, December 9, 2007", "Friuli "
Napoli, 1, 0, Parma, "Sunday, December 9, 2007", "San Paolo "
Lazio, 2, 0, Catania, "Saturday, December 8, 2007", "Olimpico "
Palermo, 2, 0, Fiorentina, "Saturday, December 8, 2007", "Renzo Barbera "
AS Roma, 2, 0, Cagliari, "Wednesday, December 5, 2007", "Olimpico "
Internazionale, 3, 0, Lazio, "Wednesday, December 5, 2007", "Giuseppe Meazza "
AS Roma, 2, 1, Udinese, "Sunday, December 2, 2007", "Olimpico "
Atalanta, 5, 1, Napoli, "Sunday, December 2, 2007", "Atleti Azzurri d'Italia di Gallarate "
Cagliari, 0, 0, Livorno, "Sunday, December 2, 2007", "Sant'Elia "
Catania, 3, 1, Palermo, "Sunday, December 2, 2007", "Angelo Massimino "
Fiorentina, 0, 2, Internazionale, "Sunday, December 2, 2007", "Artemio Franchi "
Parma, 1, 0, Empoli, "Sunday, December 2, 2007", "Ennio Tardini "
Siena, 1, 1, Lazio, "Sunday, December 2, 2007", "Artemio Franchi Montepaschi Arena "
Torino, 1, 1, Genoa, "Sunday, December 2, 2007", "Olimpico Di Torino "
Sampdoria, 3, 0, Reggina, "Saturday, December 1, 2007", "Luigi Ferraris "
AC Milan, 0, 0, Juventus, "Saturday, December 1, 2007", "Giuseppe Meazza "
Cagliari, 1, 2, AC Milan, "Sunday, November 25, 2007", "Sant'Elia "
Empoli, 0, 0, Torino, "Sunday, November 25, 2007", "Carlo Castellani "
Lazio, 1, 0, Parma, "Sunday, November 25, 2007", "Olimpico "
Livorno, 3, 1, Sampdoria, "Sunday, November 25, 2007", "Armando Picchi "
Napoli, 2, 0, Catania, "Sunday, November 25, 2007", "San Paolo "
Reggina, 0, 0, Fiorentina, "Sunday, November 25, 2007", "Oreste Granillo "
Udinese, 2, 0, Siena, "Sunday, November 25, 2007", "Friuli "
Juventus, 5, 0, Palermo, "Sunday, November 25, 2007", "Olimpico Di Torino "
Genoa, 0, 1, AS Roma, "Saturday, November 24, 2007", "Luigi Ferraris "
Internazionale, 2, 1, Atalanta, "Saturday, November 24, 2007", "Giuseppe Meazza "
Fiorentina, 1, 2, Udinese, "Sunday, November 11, 2007", "Artemio Franchi "
Parma, 2, 2, Juventus, "Sunday, November 11, 2007", "Ennio Tardini "
Reggina, 2, 0, Genoa, "Sunday, November 11, 2007", "Oreste Granillo "
Siena, 2, 3, Livorno, "Sunday, November 11, 2007", "Artemio Franchi Montepaschi Arena "
Torino, 1, 1, Catania, "Sunday, November 11, 2007", "Olimpico Di Torino "
Sampdoria, 3, 0, Empoli, "Saturday, November 10, 2007", "Luigi Ferraris "
Palermo, 2, 1, Napoli, "Saturday, November 10, 2007", "Renzo Barbera "
Cagliari, 0, 3, Sampdoria, "Sunday, November 4, 2007", "Sant'Elia "
Catania, 1, 2, Atalanta, "Sunday, November 4, 2007", "Angelo Massimino "
Empoli, 2, 2, AS Roma, "Sunday, November 4, 2007", "Carlo Castellani "
Genoa, 3, 3, Palermo, "Sunday, November 4, 2007", "Luigi Ferraris "
Livorno, 0, 0, Udinese, "Sunday, November 4, 2007", "Armando Picchi "
Napoli, 1, 1, Reggina, "Sunday, November 4, 2007", "San Paolo "
Parma, 2, 2, Siena, "Sunday, November 4, 2007", "Ennio Tardini "
Juventus, 1, 1, Internazionale, "Sunday, November 4, 2007", "Olimpico Di Torino "
Lazio, 0, 1, Fiorentina, "Saturday, November 3, 2007", "Olimpico "
AC Milan, 0, 0, Torino, "Saturday, November 3, 2007", "Giuseppe Meazza "
AS Roma, 3, 2, Lazio, "Wednesday, October 31, 2007", "Olimpico "
Atalanta, 2, 2, Cagliari, "Wednesday, October 31, 2007", "Atleti Azzurri d'Italia di Gallarate "
Fiorentina, 1, 0, Napoli, "Wednesday, October 31, 2007", "Artemio Franchi "
Internazionale, 4, 1, Genoa, "Wednesday, October 31, 2007", "Giuseppe Meazza "
Juventus, 3, 0, Empoli, "Wednesday, October 31, 2007", "Olimpico Di Torino "
Palermo, 1, 1, Parma, "Wednesday, October 31, 2007", "Renzo Barbera "
Reggina, 1, 3, Livorno, "Wednesday, October 31, 2007", "Oreste Granillo "
Sampdoria, 0, 5, AC Milan, "Wednesday, October 31, 2007", "Luigi Ferraris "
Siena, 1, 1, Catania, "Wednesday, October 31, 2007", "Artemio Franchi Montepaschi Arena "
Udinese, 2, 1, Torino, "Wednesday, October 31, 2007", "Friuli "
AC Milan, 0, 1, AS Roma, "Sunday, October 28, 2007", "Giuseppe Meazza "
Catania, 2, 0, Sampdoria, "Sunday, October 28, 2007", "Angelo Massimino "
Empoli, 0, 1, Atalanta, "Sunday, October 28, 2007", "Carlo Castellani "
Lazio, 0, 1, Udinese, "Sunday, October 28, 2007", "Olimpico "
Palermo, 0, 0, Internazionale, "Sunday, October 28, 2007", "Renzo Barbera "
Parma, 3, 2, Livorno, "Sunday, October 28, 2007", "Ennio Tardini "
Siena, 0, 0, Reggina, "Sunday, October 28, 2007", "Artemio Franchi Montepaschi Arena "
Genoa, 0, 0, Fiorentina, "Sunday, October 28, 2007", "Luigi Ferraris "
Torino, 2, 0, Cagliari, "Saturday, October 27, 2007", "Olimpico Di Torino "
Napoli, 3, 1, Juventus, "Saturday, October 27, 2007", "San Paolo "
AC Milan, 0, 1, Empoli, "Sunday, October 21, 2007", "Giuseppe Meazza "
Atalanta, 2, 2, Torino, "Sunday, October 21, 2007", "Atleti Azzurri d'Italia di Gallarate "
Cagliari, 1, 1, Catania, "Sunday, October 21, 2007", "Sant'Elia "
Fiorentina, 3, 0, Siena, "Sunday, October 21, 2007", "Artemio Franchi "
Livorno, 0, 1, Lazio, "Sunday, October 21, 2007", "Armando Picchi "
Sampdoria, 3, 0, Parma, "Sunday, October 21, 2007", "Luigi Ferraris "
Udinese, 1, 1, Palermo, "Sunday, October 21, 2007", "Friuli "
Juventus, 1, 0, Genoa, "Sunday, October 21, 2007", "Olimpico Di Torino "
AS Roma, 4, 4, Napoli, "Saturday, October 20, 2007", "Olimpico "
Reggina, 0, 1, Internazionale, "Saturday, October 20, 2007", "Oreste Granillo "
Catania, 1, 0, Livorno, "Sunday, October 7, 2007", "Angelo Massimino "
Fiorentina, 1, 1, Juventus, "Sunday, October 7, 2007", "Artemio Franchi "
Genoa, 2, 0, Cagliari, "Sunday, October 7, 2007", "Luigi Ferraris "
Palermo, 1, 1, Reggina, "Sunday, October 7, 2007", "Renzo Barbera "
Parma, 0, 3, AS Roma, "Sunday, October 7, 2007", "Ennio Tardini "
Siena, 3, 0, Empoli, "Sunday, October 7, 2007", "Artemio Franchi Montepaschi Arena "
Torino, 1, 0, Sampdoria, "Sunday, October 7, 2007", "Olimpico Di Torino "
Lazio, 1, 5, AC Milan, "Sunday, October 7, 2007", "Olimpico "
Atalanta, 0, 0, Udinese, "Saturday, October 6, 2007", "Atleti Azzurri d'Italia di Gallarate "
Internazionale, 2, 1, Napoli, "Saturday, October 6, 2007", "Giuseppe Meazza "
AC Milan, 1, 1, Catania, "Sunday, September 30, 2007", "Giuseppe Meazza "
Cagliari, 1, 0, Siena, "Sunday, September 30, 2007", "Sant'Elia "
Empoli, 3, 1, Palermo, "Sunday, September 30, 2007", "Carlo Castellani "
Napoli, 1, 2, Genoa, "Sunday, September 30, 2007", "San Paolo "
Reggina, 1, 1, Lazio, "Sunday, September 30, 2007", "Oreste Granillo "
Sampdoria, 3, 0, Atalanta, "Sunday, September 30, 2007", "Luigi Ferraris "
Udinese, 2, 1, Parma, "Sunday, September 30, 2007", "Friuli "
Torino, 0, 1, Juventus, "Sunday, September 30, 2007", "Olimpico Di Torino "
AS Roma, 1, 4, Internazionale, "Saturday, September 29, 2007", "Olimpico "
Livorno, 0, 3, Fiorentina, "Saturday, September 29, 2007", "Armando Picchi "
Catania, 1, 0, Empoli, "Wednesday, September 26, 2007", "Angelo Massimino "
Fiorentina, 2, 2, AS Roma, "Wednesday, September 26, 2007", "Artemio Franchi "
Genoa, 3, 2, Udinese, "Wednesday, September 26, 2007", "Luigi Ferraris "
Internazionale, 3, 0, Sampdoria, "Wednesday, September 26, 2007", "Giuseppe Meazza "
Juventus, 4, 0, Reggina, "Wednesday, September 26, 2007", "Olimpico Di Torino "
Lazio, 3, 1, Cagliari, "Wednesday, September 26, 2007", "Olimpico "
Napoli, 1, 0, Livorno, "Wednesday, September 26, 2007", "San Paolo "
Palermo, 2, 1, AC Milan, "Wednesday, September 26, 2007", "Renzo Barbera "
Parma, 2, 0, Torino, "Wednesday, September 26, 2007", "Ennio Tardini "
Siena, 1, 1, Atalanta, "Wednesday, September 26, 2007", "Artemio Franchi Montepaschi Arena "
AS Roma, 2, 2, Juventus, "Sunday, September 23, 2007", "Olimpico "
Atalanta, 2, 1, Lazio, "Sunday, September 23, 2007", "Atleti Azzurri d'Italia di Gallarate "
Cagliari, 0, 1, Palermo, "Sunday, September 23, 2007", "Sant'Elia "
Catania, 0, 1, Fiorentina, "Sunday, September 23, 2007", "Angelo Massimino "
Empoli, 0, 0, Napoli, "Sunday, September 23, 2007", "Carlo Castellani "
Livorno, 2, 2, Internazionale, "Sunday, September 23, 2007", "Armando Picchi "
Torino, 1, 1, Siena, "Sunday, September 23, 2007", "Olimpico Di Torino "
Sampdoria, 0, 0, Genoa, "Sunday, September 23, 2007", "Luigi Ferraris "
Udinese, 2, 0, Reggina, "Saturday, September 22, 2007", "Friuli "
AC Milan, 1, 1, Parma, "Saturday, September 22, 2007", "Giuseppe Meazza "
Fiorentina, 2, 2, Atalanta, "Sunday, September 16, 2007", "Artemio Franchi "
Genoa, 1, 1, Livorno, "Sunday, September 16, 2007", "Luigi Ferraris "
Internazionale, 2, 0, Catania, "Sunday, September 16, 2007", "Giuseppe Meazza "
Juventus, 0, 1, Udinese, "Sunday, September 16, 2007", "Olimpico Di Torino "
Napoli, 2, 0, Sampdoria, "Sunday, September 16, 2007", "San Paolo "
Palermo, 1, 1, Torino, "Sunday, September 16, 2007", "Renzo Barbera "
Reggina, 0, 2, AS Roma, "Sunday, September 16, 2007", "Oreste Granillo "
Parma, 1, 1, Cagliari, "Sunday, September 16, 2007", "Ennio Tardini "
Siena, 1, 1, AC Milan, "Saturday, September 15, 2007", "Artemio Franchi Montepaschi Arena "
Lazio, 0, 0, Empoli, "Saturday, September 15, 2007", "Olimpico "
AC Milan, 1, 1, Fiorentina, "Monday, September 3, 2007", "Giuseppe Meazza "
AS Roma, 3, 0, Siena, "Sunday, September 2, 2007", "Olimpico "
Atalanta, 2, 0, Parma, "Sunday, September 2, 2007", "Atleti Azzurri d'Italia di Gallarate "
Cagliari, 2, 3, Juventus, "Sunday, September 2, 2007", "Sant'Elia "
Catania, 0, 0, Genoa, "Sunday, September 2, 2007", "Angelo Massimino "
Livorno, 2, 4, Palermo, "Sunday, September 2, 2007", "Armando Picchi "
Torino, 2, 2, Reggina, "Sunday, September 2, 2007", "Olimpico Di Torino "
Udinese, 0, 5, Napoli, "Sunday, September 2, 2007", "Friuli "
Sampdoria, 0, 0, Lazio, "Sunday, September 2, 2007", "Luigi Ferraris "
Empoli, 0, 2, Internazionale, "Saturday, September 1, 2007", "Carlo Castellani "
Fiorentina, 3, 1, Empoli, "Sunday, August 26, 2007", "Artemio Franchi "
Genoa, 0, 3, AC Milan, "Sunday, August 26, 2007", "Luigi Ferraris "
Internazionale, 1, 1, Udinese, "Sunday, August 26, 2007", "Giuseppe Meazza "
Napoli, 0, 2, Cagliari, "Sunday, August 26, 2007", "San Paolo "
Parma, 2, 2, Catania, "Sunday, August 26, 2007", "Ennio Tardini "
Reggina, 1, 1, Atalanta, "Sunday, August 26, 2007", "Oreste Granillo "
Siena, 0, 0, Sampdoria, "Sunday, August 26, 2007", "Artemio Franchi Montepaschi Arena "
Palermo, 0, 2, AS Roma, "Sunday, August 26, 2007", "Renzo Barbera "
Lazio, 2, 2, Torino, "Saturday, August 25, 2007", "Olimpico "
Juventus, 5, 1, Livorno, "Saturday, August 25, 2007", "Olimpico Di Torino "
