home,homescore,awayscore,away,date,location
Aberdeen,2,0,Rangers,"Thursday, May 22, 2008","Pittodrie Stadium (17,509)"
Dundee United,0,1,Celtic,"Thursday, May 22, 2008","Tannadice Park (13,613)"
Hibernian,0,2,Motherwell,"Thursday, May 22, 2008","Easter Road Stadium (7,650)"
St Mirren,0,3,Rangers,"Monday, May 19, 2008","St Mirren Park (7,439)"
Motherwell,1,1,Rangers,"Saturday, May 17, 2008","Fir Park Stadium (10,445)"
Inverness Caledonian Thistle,0,0,St Mirren,"Saturday, May 17, 2008","Caledonian Stadium (3,783)"
Kilmarnock,2,1,Falkirk,"Saturday, May 17, 2008","Rugby Park (5,475)"
Gretna,1,0,Heart of Midlothian,"Tuesday, May 13, 2008","Fir Park (1,090)"
Celtic,2,0,Hibernian,"Sunday, May 11, 2008","Celtic Park (58,515)"
Rangers,3,1,Dundee United,"Saturday, May 10, 2008","Ibrox Stadium (30,293)"
Falkirk,2,1,Inverness Caledonian Thistle,"Saturday, May 10, 2008","Falkirk Stadium (5,631)"
Heart of Midlothian,0,2,Kilmarnock,"Saturday, May 10, 2008","Tynecastle Stadium (10,512)"
Motherwell,2,1,Aberdeen,"Saturday, May 10, 2008","Fir Park Stadium (8,574)"
St Mirren,0,0,Gretna,"Saturday, May 10, 2008","St Mirren Park (3,163)"
Rangers,1,0,Motherwell,"Wednesday, May 7, 2008","Ibrox Stadium (48,238)"
Falkirk,2,1,Heart of Midlothian,"Monday, May 5, 2008","Falkirk Stadium (4,638)"
Hibernian,0,0,Rangers,"Sunday, May 4, 2008","Easter Road Stadium (16,872)"
Motherwell,1,2,Celtic,"Saturday, May 3, 2008","Fir Park Stadium (9,158)"
Aberdeen,2,1,Dundee United,"Saturday, May 3, 2008","Pittodrie Stadium (10,312)"
Inverness Caledonian Thistle,6,1,Gretna,"Saturday, May 3, 2008","Caledonian Stadium (3,639)"
St Mirren,1,0,Kilmarnock,"Saturday, May 3, 2008","St Mirren Park (3,690)"
Celtic,3,2,Rangers,"Sunday, April 27, 2008","Celtic Park (58,662)"
Motherwell,2,2,Dundee United,"Saturday, April 26, 2008","Fir Park Stadium (5,027)"
Aberdeen,2,1,Hibernian,"Saturday, April 26, 2008","Pittodrie Stadium (8,387)"
Heart of Midlothian,1,0,Inverness Caledonian Thistle,"Saturday, April 26, 2008","Tynecastle Stadium "
Kilmarnock,1,1,Gretna,"Saturday, April 26, 2008","Rugby Park (4,086)"
St Mirren,1,0,Falkirk,"Saturday, April 26, 2008","St Mirren Park (3,500)"
Dundee United,1,1,Hibernian,"Sunday, April 20, 2008","Tannadice Park (7,404)"
Celtic,1,0,Aberdeen,"Saturday, April 19, 2008","Celtic Park (55,766)"
Falkirk,0,0,Gretna,"Saturday, April 19, 2008","Falkirk Stadium (4,490)"
Heart of Midlothian,3,2,St Mirren,"Saturday, April 19, 2008","Tynecastle Stadium (15,259)"
Inverness Caledonian Thistle,3,0,Kilmarnock,"Saturday, April 19, 2008","Caledonian Stadium (3,420)"
Celtic,2,1,Rangers,"Wednesday, April 16, 2008","Celtic Park (58,964)"
Motherwell,1,4,Celtic,"Sunday, April 13, 2008","Fir Park Stadium (9,771)"
Gretna,0,0,St Mirren,"Wednesday, April 9, 2008","Fir Park (7,031)"
Aberdeen,2,1,Falkirk,"Monday, April 7, 2008","Pittodrie Stadium (11,484)"
Dundee United,3,3,Rangers,"Sunday, April 6, 2008","Tannadice Park (11,214)"
Celtic,0,1,Motherwell,"Saturday, April 5, 2008","Celtic Park (58,624)"
Gretna,1,2,Inverness Caledonian Thistle,"Saturday, April 5, 2008","Fir Park Stadium (431)"
Hibernian,2,0,St Mirren,"Saturday, April 5, 2008","Easter Road Stadium (14,000)"
Kilmarnock,0,0,Heart of Midlothian,"Saturday, April 5, 2008","Rugby Park (5,901)"
Rangers,1,0,Celtic,"Saturday, March 29, 2008","Ibrox Stadium (50,325)"
Falkirk,0,0,Kilmarnock,"Saturday, March 29, 2008","Falkirk Stadium (5,134)"
Heart of Midlothian,1,0,Dundee United,"Saturday, March 29, 2008","Tynecastle Stadium (16,871)"
Inverness Caledonian Thistle,3,4,Aberdeen,"Saturday, March 29, 2008","Caledonian Stadium (5,655)"
Motherwell,1,0,Hibernian,"Saturday, March 29, 2008","Fir Park Stadium (6,580)"
St Mirren,2,0,Gretna,"Saturday, March 29, 2008","St Mirren Park (3,577)"
Gretna,0,3,Celtic,"Sunday, March 23, 2008","Almondvale Stadium (3,561)"
Dundee United,2,0,Motherwell,"Saturday, March 22, 2008","Tannadice Park (6,779)"
Aberdeen,1,1,St Mirren,"Saturday, March 22, 2008","Pittodrie Stadium (9,779)"
Heart of Midlothian,0,0,Falkirk,"Saturday, March 22, 2008","Tynecastle Stadium (16,682)"
Kilmarnock,4,1,Inverness Caledonian Thistle,"Saturday, March 22, 2008","Rugby Park (5,100)"
Rangers,2,1,Hibernian,"Saturday, March 22, 2008","Ibrox Stadium (50,117)"
Aberdeen,3,0,Gretna,"Saturday, March 15, 2008","Pittodrie Stadium (9,025)"
Hibernian,2,0,Kilmarnock,"Saturday, March 15, 2008","Easter Road Stadium (12,486)"
Inverness Caledonian Thistle,0,1,Falkirk,"Saturday, March 15, 2008","Caledonian Stadium (4,012)"
St Mirren,1,1,Heart of Midlothian,"Saturday, March 15, 2008","St Mirren Park (4,557)"
Celtic,0,0,Dundee United,"Wednesday, March 12, 2008","Celtic Park (45,000)"
Hibernian,1,0,Motherwell,"Wednesday, March 12, 2008","Easter Road Stadium (11,692)"
Gretna,0,3,Dundee United,"Thursday, March 6, 2008","Raydale Park (507)"
Hibernian,0,2,Celtic,"Saturday, March 1, 2008","Easter Road Stadium (15,735)"
Falkirk,0,0,Motherwell,"Saturday, March 1, 2008","Falkirk Stadium (5,108)"
Inverness Caledonian Thistle,0,3,Heart of Midlothian,"Saturday, March 1, 2008","Caledonian Stadium (4,489)"
Kilmarnock,1,0,St Mirren,"Saturday, March 1, 2008","Rugby Park (5,352)"
Rangers,3,1,Aberdeen,"Saturday, March 1, 2008","Ibrox Stadium (50,066)"
Aberdeen,1,1,Motherwell,"Wednesday, February 27, 2008","Pittodrie Stadium (8,240)"
Celtic,2,1,Inverness Caledonian Thistle,"Wednesday, February 27, 2008","Celtic Park (56,787)"
Dundee United,1,1,St Mirren,"Wednesday, February 27, 2008","Tannadice Park (6,037)"
Falkirk,0,2,Hibernian,"Wednesday, February 27, 2008","Falkirk Stadium (5,928)"
Gretna,4,2,Kilmarnock,"Wednesday, February 27, 2008","Fir Park Stadium (1,545)"
Heart of Midlothian,0,4,Rangers,"Wednesday, February 27, 2008","Tynecastle Stadium (16,173)"
St Mirren,0,1,Celtic,"Sunday, February 24, 2008","St Mirren Park (7,213)"
Kilmarnock,3,1,Aberdeen,"Sunday, February 24, 2008","Rugby Park (6,113)"
Rangers,4,2,Gretna,"Sunday, February 24, 2008","Ibrox Stadium (48,375)"
Dundee United,0,0,Falkirk,"Saturday, February 23, 2008","Tannadice Park (6,835)"
Hibernian,2,0,Inverness Caledonian Thistle,"Saturday, February 23, 2008","Easter Road Stadium (12,552)"
Motherwell,0,1,Heart of Midlothian,"Saturday, February 23, 2008","Fir Park Stadium (5,925)"
Motherwell,3,1,Inverness Caledonian Thistle,"Wednesday, February 20, 2008","Fir Park Stadium (4,526)"
Kilmarnock,0,2,Rangers,"Sunday, February 17, 2008","Rugby Park (10,546)"
Hibernian,3,1,Aberdeen,"Sunday, February 17, 2008","Easter Road Stadium (13,825)"
Celtic,3,0,Heart of Midlothian,"Saturday, February 16, 2008","Celtic Park (56,738)"
Falkirk,4,0,St Mirren,"Saturday, February 16, 2008","Falkirk Stadium (5,803)"
Gretna,1,3,Motherwell,"Saturday, February 16, 2008","Fir Park Stadium (2,877)"
Inverness Caledonian Thistle,1,1,Dundee United,"Saturday, February 16, 2008","Caledonian Stadium (4,087)"
Hibernian,4,2,Gretna,"Wednesday, February 13, 2008","Easter Road Stadium (12,087)"
Aberdeen,1,5,Celtic,"Sunday, February 10, 2008","Pittodrie Stadium (14,651)"
Dundee United,1,1,Hibernian,"Saturday, February 9, 2008","Tannadice Park (6,635)"
Heart of Midlothian,2,0,Gretna,"Saturday, February 9, 2008","Tynecastle Stadium (16,138)"
Motherwell,1,0,Kilmarnock,"Saturday, February 9, 2008","Fir Park Stadium (6,618)"
Rangers,2,0,Falkirk,"Saturday, February 9, 2008","Ibrox Stadium (48,590)"
St Mirren,1,1,Inverness Caledonian Thistle,"Saturday, February 9, 2008","St Mirren Park (3,609)"
Falkirk,0,1,Celtic,"Sunday, January 27, 2008","Falkirk Stadium (6,803)"
Aberdeen,0,1,Heart of Midlothian,"Saturday, January 26, 2008","Pittodrie Stadium (14,000)"
Kilmarnock,1,2,Dundee United,"Saturday, January 26, 2008","Rugby Park (4,803)"
Rangers,4,0,St Mirren,"Saturday, January 26, 2008","Ibrox Stadium (49,198)"
Inverness Caledonian Thistle,0,1,Rangers,"Sunday, January 20, 2008","Caledonian Stadium (7,753)"
Heart of Midlothian,1,0,Hibernian,"Saturday, January 19, 2008","Tynecastle Stadium (17,131)"
Celtic,1,0,Kilmarnock,"Saturday, January 19, 2008","Celtic Park (56,618)"
Dundee United,3,0,Aberdeen,"Saturday, January 19, 2008","Tannadice Park (8,579)"
Gretna,2,0,Falkirk,"Saturday, January 19, 2008","Fir Park Stadium (1,609)"
St Mirren,3,1,Motherwell,"Saturday, January 19, 2008","St Mirren Park (4,291)"
Gretna,1,2,Rangers,"Wednesday, January 16, 2008","Fir Park Stadium (6,137)"
Falkirk,0,0,Aberdeen,"Saturday, January 5, 2008","Falkirk Stadium (5,457)"
Heart of Midlothian,1,1,Kilmarnock,"Saturday, January 5, 2008","Tynecastle Stadium (14,346)"
Inverness Caledonian Thistle,3,0,Gretna,"Saturday, January 5, 2008","Caledonian Stadium (3,919)"
Rangers,2,0,Dundee United,"Saturday, January 5, 2008","Ibrox Stadium (48,559)"
St Mirren,2,1,Hibernian,"Saturday, January 5, 2008","St Mirren Park (4,212)"
Aberdeen,1,0,Inverness Caledonian Thistle,"Wednesday, January 2, 2008","Pittodrie Stadium (13,372)"
Dundee United,4,1,Heart of Midlothian,"Wednesday, January 2, 2008","Tannadice Park (12,100)"
Kilmarnock,0,1,Falkirk,"Wednesday, January 2, 2008","Rugby Park (5,956)"
Hibernian,1,2,Rangers,"Saturday, December 29, 2007","Easter Road Stadium (16,217)"
Celtic,3,0,Gretna,"Saturday, December 29, 2007","Celtic Park (57,171)"
Falkirk,2,1,Heart of Midlothian,"Saturday, December 29, 2007","Falkirk Stadium (6,614)"
Inverness Caledonian Thistle,3,1,Kilmarnock,"Saturday, December 29, 2007","Caledonian Stadium (4,169)"
Motherwell,5,3,Dundee United,"Saturday, December 29, 2007","Fir Park Stadium (5,227)"
St Mirren,0,1,Aberdeen,"Saturday, December 29, 2007","St Mirren Park (5,025)"
Falkirk,1,0,Inverness Caledonian Thistle,"Wednesday, December 26, 2007","Falkirk Stadium (5,265)"
Gretna,1,1,Aberdeen,"Wednesday, December 26, 2007","Fir Park Stadium (1,730)"
Heart of Midlothian,0,1,St Mirren,"Wednesday, December 26, 2007","Tynecastle Stadium (16,476)"
Kilmarnock,2,1,Hibernian,"Wednesday, December 26, 2007","Rugby Park (6,372)"
Rangers,3,1,Motherwell,"Wednesday, December 26, 2007","Ibrox Stadium (49,823)"
Dundee United,0,2,Celtic,"Wednesday, December 26, 2007","Tannadice Park (12,357)"
Aberdeen,1,1,Rangers,"Sunday, December 23, 2007","Pittodrie Stadium (17,798)"
Celtic,1,1,Hibernian,"Saturday, December 22, 2007","Celtic Park (58,016)"
Dundee United,1,2,Gretna,"Saturday, December 22, 2007","Tannadice Park (6,304)"
Heart of Midlothian,2,3,Inverness Caledonian Thistle,"Saturday, December 22, 2007","Tynecastle Stadium (16,202)"
Motherwell,0,3,Falkirk,"Saturday, December 22, 2007","Fir Park Stadium (5,241)"
St Mirren,0,0,Kilmarnock,"Saturday, December 22, 2007","St Mirren Park (4,216)"
Inverness Caledonian Thistle,3,2,Celtic,"Sunday, December 16, 2007","Caledonian Stadium (7,004)"
Hibernian,1,1,Falkirk,"Saturday, December 15, 2007","Easter Road Stadium (12,391)"
Kilmarnock,3,3,Gretna,"Saturday, December 15, 2007","Rugby Park (5,122)"
Motherwell,3,0,Aberdeen,"Saturday, December 15, 2007","Fir Park Stadium (5,326)"
Rangers,2,1,Heart of Midlothian,"Saturday, December 15, 2007","Ibrox Stadium (48,392)"
St Mirren,0,3,Dundee United,"Saturday, December 15, 2007","St Mirren Park (3,490)"
Celtic,4,0,Falkirk,"Tuesday, December 11, 2007","Celtic Park (54,291)"
Aberdeen,2,1,Kilmarnock,"Saturday, December 8, 2007","Pittodrie Stadium (10,207)"
Celtic,1,1,St Mirren,"Saturday, December 8, 2007","Celtic Park (55,747)"
Falkirk,3,0,Dundee United,"Saturday, December 8, 2007","Falkirk Stadium (4,803)"
Heart of Midlothian,1,2,Motherwell,"Saturday, December 8, 2007","Tynecastle Stadium (16,633)"
Inverness Caledonian Thistle,2,0,Hibernian,"Saturday, December 8, 2007","Caledonian Stadium (4,224)"
Aberdeen,3,1,Hibernian,"Sunday, December 2, 2007","Pittodrie Stadium (10,110)"
Heart of Midlothian,1,1,Celtic,"Saturday, December 1, 2007","Tynecastle Stadium (16,454)"
Dundee United,0,1,Inverness Caledonian Thistle,"Saturday, December 1, 2007","Tannadice Park (5,845)"
Motherwell,3,0,Gretna,"Saturday, December 1, 2007","Fir Park Stadium (6,431)"
Rangers,2,0,Kilmarnock,"Saturday, December 1, 2007","Ibrox Stadium (48,055)"
St Mirren,1,5,Falkirk,"Saturday, December 1, 2007","St Mirren Park (4,133)"
Gretna,1,1,Heart of Midlothian,"Sunday, November 25, 2007","Raydale Park (1,544)"
Falkirk,1,3,Rangers,"Saturday, November 24, 2007","Falkirk Stadium (6,627)"
Celtic,3,0,Aberdeen,"Saturday, November 24, 2007","Celtic Park (58,000)"
Hibernian,2,2,Dundee United,"Saturday, November 24, 2007","Easter Road Stadium (14,440)"
Inverness Caledonian Thistle,1,0,St Mirren,"Saturday, November 24, 2007","Caledonian Stadium (3,699)"
Kilmarnock,0,1,Motherwell,"Saturday, November 24, 2007","Rugby Park (5,016)"
Heart of Midlothian,4,1,Aberdeen,"Sunday, November 11, 2007","Tynecastle Stadium (17,122)"
Dundee United,2,0,Kilmarnock,"Saturday, November 10, 2007","Tannadice Park (6,065)"
Gretna,0,1,Hibernian,"Saturday, November 10, 2007","Fir Park Stadium (2,666)"
Inverness Caledonian Thistle,0,3,Motherwell,"Saturday, November 10, 2007","Caledonian Stadium (3,608)"
Hibernian,1,1,Heart of Midlothian,"Sunday, November 4, 2007","Easter Road Stadium (17,015)"
Kilmarnock,1,2,Celtic,"Saturday, November 3, 2007","Rugby Park (8,260)"
Aberdeen,2,0,Dundee United,"Saturday, November 3, 2007","Pittodrie Stadium (11,964)"
Falkirk,2,0,Gretna,"Saturday, November 3, 2007","Falkirk Stadium (4,843)"
Motherwell,1,1,St Mirren,"Saturday, November 3, 2007","Fir Park Stadium (5,123)"
Rangers,2,0,Inverness Caledonian Thistle,"Saturday, November 3, 2007","Ibrox Stadium (48,898)"
Dundee United,2,1,Rangers,"Sunday, October 28, 2007","Tannadice Park (12,129)"
Aberdeen,1,1,Falkirk,"Sunday, October 28, 2007","Pittodrie Stadium (10,399)"
Celtic,3,0,Motherwell,"Saturday, October 27, 2007","Celtic Park (57,633)"
Gretna,0,4,Inverness Caledonian Thistle,"Saturday, October 27, 2007","Fir Park Stadium (1,020)"
Hibernian,0,1,St Mirren,"Saturday, October 27, 2007","Easter Road Stadium (13,884)"
Kilmarnock,3,1,Heart of Midlothian,"Saturday, October 27, 2007","Rugby Park (6,373)"
Inverness Caledonian Thistle,1,2,Aberdeen,"Sunday, October 21, 2007","Caledonian Stadium (6,023)"
Rangers,3,0,Celtic,"Saturday, October 20, 2007","Ibrox Stadium (50,428)"
Falkirk,1,1,Kilmarnock,"Saturday, October 20, 2007","Falkirk Stadium (5,143)"
Heart of Midlothian,1,3,Dundee United,"Saturday, October 20, 2007","Tynecastle Stadium (16,661)"
Motherwell,2,1,Hibernian,"Saturday, October 20, 2007","Fir Park Stadium (7,071)"
St Mirren,1,0,Gretna,"Saturday, October 20, 2007","St Mirren Park (3,646)"
Aberdeen,4,0,St Mirren,"Sunday, October 7, 2007","Pittodrie Stadium (12,841)"
Gretna,1,2,Celtic,"Sunday, October 7, 2007","Fir Park Stadium (6,011)"
Dundee United,1,0,Motherwell,"Saturday, October 6, 2007","Tannadice Park (6,286)"
Heart of Midlothian,4,2,Falkirk,"Saturday, October 6, 2007","Tynecastle Stadium (15,800)"
Kilmarnock,2,2,Inverness Caledonian Thistle,"Saturday, October 6, 2007","Rugby Park (4,456)"
Rangers,0,1,Hibernian,"Saturday, October 6, 2007","Ibrox Stadium (50,440)"
St Mirren,1,3,Heart of Midlothian,"Sunday, September 30, 2007","St Mirren Park (4,233)"
Motherwell,1,1,Rangers,"Saturday, September 29, 2007","Fir Park Stadium (10,009)"
Aberdeen,2,0,Gretna,"Saturday, September 29, 2007","Pittodrie Stadium (10,279)"
Celtic,3,0,Dundee United,"Saturday, September 29, 2007","Celtic Park (57,006)"
Hibernian,4,1,Kilmarnock,"Saturday, September 29, 2007","Easter Road Stadium (14,500)"
Inverness Caledonian Thistle,4,2,Falkirk,"Saturday, September 29, 2007","Caledonian Stadium (4,011)"
Hibernian,3,2,Celtic,"Sunday, September 23, 2007","Easter Road Stadium (16,125)"
Rangers,3,0,Aberdeen,"Sunday, September 23, 2007","Ibrox Stadium (49,046)"
Falkirk,1,0,Motherwell,"Saturday, September 22, 2007","Falkirk Stadium (5,245)"
Gretna,3,2,Dundee United,"Saturday, September 22, 2007","Fir Park Stadium (1,624)"
Inverness Caledonian Thistle,2,1,Heart of Midlothian,"Saturday, September 22, 2007","Caledonian Stadium (4,918)"
Kilmarnock,0,0,St Mirren,"Saturday, September 22, 2007","Rugby Park (5,596)"
Dundee United,2,0,St Mirren,"Sunday, September 16, 2007","Tannadice Park (6,128)"
Heart of Midlothian,4,2,Rangers,"Saturday, September 15, 2007","Tynecastle Stadium (15,948)"
Aberdeen,1,2,Motherwell,"Saturday, September 15, 2007","Pittodrie Stadium (10,154)"
Celtic,5,0,Inverness Caledonian Thistle,"Saturday, September 15, 2007","Celtic Park (56,020)"
Falkirk,1,1,Hibernian,"Saturday, September 15, 2007","Falkirk Stadium (6,298)"
Gretna,1,2,Kilmarnock,"Saturday, September 15, 2007","Fir Park Stadium (1,516)"
Motherwell,0,2,Heart of Midlothian,"Monday, September 3, 2007","Fir Park Stadium (5,081)"
St Mirren,1,5,Celtic,"Sunday, September 2, 2007","St Mirren Park (7,840)"
Dundee United,2,0,Falkirk,"Saturday, September 1, 2007","Tannadice Park (6,864)"
Hibernian,1,0,Inverness Caledonian Thistle,"Saturday, September 1, 2007","Easter Road Stadium (13,258)"
Kilmarnock,0,1,Aberdeen,"Saturday, September 1, 2007","Rugby Park (5,814)"
Rangers,4,0,Gretna,"Saturday, September 1, 2007","Ibrox Stadium (49,689)"
Kilmarnock,1,2,Rangers,"Saturday, August 25, 2007","Rugby Park (11,544)"
Celtic,5,0,Heart of Midlothian,"Saturday, August 25, 2007","Celtic Park (57,300)"
Falkirk,0,1,St Mirren,"Saturday, August 25, 2007","Falkirk Stadium (5,626)"
Gretna,1,2,Motherwell,"Saturday, August 25, 2007","Fir Park Stadium (3,758)"
Hibernian,3,3,Aberdeen,"Saturday, August 25, 2007","Easter Road Stadium (15,280)"
Inverness Caledonian Thistle,0,3,Dundee United,"Saturday, August 25, 2007","Caledonian Stadium (4,178)"
Aberdeen,1,3,Celtic,"Sunday, August 19, 2007","Pittodrie Stadium (16,232)"
Dundee United,0,0,Hibernian,"Saturday, August 18, 2007","Tannadice Park (8,405)"
Heart of Midlothian,1,1,Gretna,"Saturday, August 18, 2007","Tynecastle Stadium (16,407)"
Motherwell,1,2,Kilmarnock,"Saturday, August 18, 2007","Fir Park Stadium (4,985)"
Rangers,7,2,Falkirk,"Saturday, August 18, 2007","Ibrox Stadium (47,419)"
St Mirren,2,1,Inverness Caledonian Thistle,"Saturday, August 18, 2007","St Mirren Park (3,309)"
Kilmarnock,2,1,Dundee United,"Monday, August 13, 2007","Rugby Park (5,557)"
Aberdeen,1,1,Heart of Midlothian,"Sunday, August 12, 2007","Pittodrie Stadium (13,134)"
Falkirk,1,4,Celtic,"Saturday, August 11, 2007","Falkirk Stadium (6,329)"
Hibernian,4,2,Gretna,"Saturday, August 11, 2007","Easter Road Stadium (13,795)"
Motherwell,2,1,Inverness Caledonian Thistle,"Saturday, August 11, 2007","Fir Park Stadium (4,259)"
Rangers,2,0,St Mirren,"Saturday, August 11, 2007","Ibrox Stadium (47,772)"
Heart of Midlothian,0,1,Hibernian,"Monday, August 6, 2007","Tynecastle Stadium "
Celtic,0,0,Kilmarnock,"Sunday, August 5, 2007","Celtic Park (60,000)"
Inverness Caledonian Thistle,0,3,Rangers,"Saturday, August 4, 2007","Caledonian Stadium (7,711)"
Dundee United,1,0,Aberdeen,"Saturday, August 4, 2007","Tannadice Park (12,496)"
Gretna,0,4,Falkirk,"Saturday, August 4, 2007","Raydale Park (2,731)"
St Mirren,0,1,Motherwell,"Saturday, August 4, 2007","St Mirren Park (5,257)"
